{"ph_en": "", "ph_am": "", "ph_en_mp3": "http://res.iciba.com/resource/amp3/0/0/4e/59/4e59d00d2901de23a77a3a43d09a1805.mp3", "ph_am_mp3": "http://res.iciba.com/resource/amp3/1/0/44/c5/44c54272cc360378a249671cbb935a51.mp3", "parts": [{"part": "n.", "means": ["<\u82f1>A\u7ea7\u516c\u8def\uff0c\u4e3b\u8f66\u9053"]}], "collins": [{"posp": "N-COUNT", "tran": "A\u7ea7\u516c\u8def;\u4e3b\u5e72\u516c\u8def", "def": "In some countries, an A-road is a major road. A-roads are narrower than motorways but are wider and straighter than B-roads.", "example": []}], "collins_star": "1", "frequency_count": 0, "frequency_rank": 0}