{"ph_en": "\u0259", "ph_am": "e\u026a", "ph_en_mp3": "http://res.iciba.com/resource/amp3/oxford/0/22/97/2297067c3e5d25a542d1c1268d474d95.mp3", "ph_am_mp3": "", "parts": [{"part": "art.", "means": ["\u4e00\uff08\u4e2a\uff09", "\u6bcf\u4e00\uff08\u4e2a\uff09", "\u4efb\u4e00\uff08\u4e2a\uff09"]}], "collins": [{"posp": "DET", "tran": "\uff08\u6307\u521d\u6b21\u63d0\u53ca\u6216\u975e\u7279\u6307\u7684\u4eba\u6216\u7269\uff09\u4e00\uff08\u4e2a\uff09", "def": "You use a or an when you are referring to someone or something for the first time or when people may not know which particular person or thing you are talking about.", "example": [{"ex": "A waiter entered with a tray...", "tran": "\u4f8d\u8005\u7aef\u7740\u6258\u76d8\u8fdb\u6765\u4e86\u3002", "tts_mp3": "http://res-tts.iciba.com/tts_dj/9/5/1/951b318749f0c4025cdd3262ac570864.mp3", "tts_size": "8K"}, {"ex": "He started eating an apple...", "tran": "\u4ed6\u5f00\u59cb\u5403\u82f9\u679c\u3002", "tts_mp3": "http://res-tts.iciba.com/tts_dj/1/6/f/16fde058d9f3fc958a4446511ebea400.mp3", "tts_size": "8K"}]}, {"posp": "DET", "tran": "\uff08\u4e00\u7c7b\u4eba\u6216\u4e8b\u7269\u4e2d\u975e\u7279\u6307\u7684\uff09\u4efb\u4f55\u4e00\uff08\u4e2a\uff09", "def": "You use a or an when you are referring to any person or thing of a particular type and do not want to be specific.", "example": [{"ex": "...expensive make-up that we saw being advertised by a beautiful model...", "tran": "\u6211\u4eec\u6240\u89c1\u7684\u7531\u4e00\u4f4d\u6f02\u4eae\u6a21\u7279\u4ee3\u8a00\u7684\u6602\u8d35\u5316\u5986\u54c1", "tts_mp3": "http://res-tts.iciba.com/tts_dj/2/8/2/2828f85eaacd2de8b976aad11d7bd318.mp3", "tts_size": "19K"}, {"ex": "I suggest you leave it to an expert...", "tran": "\u6211\u5efa\u8bae\u4f60\u628a\u5b83\u7559\u7ed9\u4e13\u5bb6\u6765\u89e3\u51b3\u3002", "tts_mp3": "http://res-tts.iciba.com/tts_dj/2/c/0/2c02012a12a710b9003777e45df9fcf6.mp3", "tts_size": "11K"}]}, {"posp": "DET", "tran": "\uff08\u7528\u4e8e\u524d\u52a0\u5f62\u5bb9\u8bcd\u6216\u540e\u52a0\u4fee\u9970\u8bed\u7684\u4e0d\u53ef\u6570\u540d\u8bcd\u4e4b\u524d\uff09\u4e00\uff08\u79cd\uff09", "def": "You use a or an in front of an uncount noun when that noun follows an adjective, or when the noun is followed by words that describe it more fully.", "example": [{"ex": "There was a terrible sadness in her eyes...", "tran": "\u5979\u773c\u795e\u4e2d\u6d41\u9732\u51fa\u6df1\u6df1\u7684\u60b2\u4f24\u3002", "tts_mp3": "http://res-tts.iciba.com/tts_dj/f/d/1/fd1c513c01262b97b2899721c0a37f0e.mp3", "tts_size": "12K"}, {"ex": "He did have a real knowledge of the country...", "tran": "\u4ed6\u5bf9\u8be5\u56fd\u7684\u786e\u77e5\u4e4b\u751a\u591a\u3002", "tts_mp3": "http://res-tts.iciba.com/tts_dj/0/6/f/06fb99f4718f3a42fa5bd4cc14a42fa1.mp3", "tts_size": "10K"}]}, {"posp": "DET", "tran": "\uff08\u7528\u4e8e\u7269\u8d28\u540d\u8bcd\u524d\uff09\u4e00\uff08\u7c7b\uff09\uff0c\u4e00\uff08\u79cd\uff09", "def": "You use a or an in front of a mass noun when you want to refer to a single type or make of something.", "example": [{"ex": "Bollinger 'RD' is a rare, highly prized wine.", "tran": "\u535a\u6797\u683cRD\u9999\u69df\u662f\u4e00\u79cd\u540d\u8d35\u7684\u5907\u53d7\u63a8\u5d07\u7684\u8461\u8404\u9152\u3002", "tts_mp3": "http://res-tts.iciba.com/tts_dj/8/7/b/87b99623f98995c286e52fdbd9bc6f69.mp3", "tts_size": "16K"}]}, {"posp": "DET", "tran": "\uff08\u7528\u4e8e\u8868\u793a\u6570\u91cf\u7684\u8bcd\u7ec4\u4e2d\uff09\u8bb8\u591a/\u5c11\u8bb8/\u4e00\u70b9", "def": "You use a in quantifiers such as a lot ,a little, and a bit.", "example": [{"ex": "I spend a lot on expensive jewelry and clothing...", "tran": "\u6211\u82b1\u5f88\u591a\u94b1\u8d2d\u4e70\u6602\u8d35\u7684\u9996\u9970\u548c\u8863\u670d\u3002", "tts_mp3": "http://res-tts.iciba.com/tts_dj/f/d/1/fd10081dc7876bea6bc032b4ce847c34.mp3", "tts_size": "16K"}, {"ex": "I've come looking for a bit of advice.", "tran": "\u6211\u7279\u6765\u8ba8\u6559\u3002", "tts_mp3": "http://res-tts.iciba.com/tts_dj/2/6/a/26aa798693d35db3c2b44e30e4e087eb.mp3", "tts_size": "11K"}]}, {"posp": "DET", "tran": "\uff08\u4e00\u7c7b\u4eba\u6216\u4e8b\u7269\u4e2d\u5178\u578b\u7684\uff09\u4e00\uff08\u4e2a\uff09", "def": "You use a or an to refer to someone or something as a typical member of a group, class, or type.", "example": [{"ex": "Some parents believe a boy must learn to stand up and fight like a man.", "tran": "\u6709\u4e9b\u7236\u6bcd\u8ba4\u4e3a\u7537\u5b69\u5b50\u5fc5\u987b\u5b66\u4f1a\u50cf\u7537\u5b50\u6c49\u4e00\u6837\u9876\u5929\u7acb\u5730\uff0c\u52c7\u4e8e\u6297\u4e89\u3002", "tts_mp3": "http://res-tts.iciba.com/tts_dj/9/9/9/999671528b044143205a1676bfd30ea5.mp3", "tts_size": "20K"}, {"ex": "...the operation a patient has had.", "tran": "\u75c5\u4eba\u505a\u8fc7\u7684\u624b\u672f", "tts_mp3": "http://res-tts.iciba.com/tts_dj/4/f/a/4fa13089ac0e9bf3a7b15f1ed4a218c6.mp3", "tts_size": "11K"}]}, {"posp": "DET", "tran": "\uff08\u7528\u4e8e\u65e5\u5b50\u3001\u6708\u4efd\u6216\u8282\u65e5\u7684\u540d\u79f0\u4e4b\u524d\u4ee5\u8868\u793a\u7279\u4f8b\uff09\u4e00\u4e2a", "def": "You use a or an in front of the names of days, months, or festivals when you are referring to one particular instance of that day, month, or festival.", "example": [{"ex": "The interview took place on a Friday afternoon...", "tran": "\u91c7\u8bbf\u662f\u5728\u4e00\u4e2a\u661f\u671f\u4e94\u7684\u4e0b\u5348\u8fdb\u884c\u7684\u3002", "tts_mp3": "http://res-tts.iciba.com/tts_dj/8/a/c/8ac3e7be10db8fe5e34d535977091ab4.mp3", "tts_size": "14K"}, {"ex": "It was a Christmas when shoppers passed by expensive silks in favor of more practical gifts.", "tran": "\u8fd9\u662f\u4e00\u4e2a\u8d2d\u7269\u8005\u4e0d\u7406\u4f1a\u6602\u8d35\u7684\u4e1d\u7ef8\u8863\u670d\u800c\u70ed\u8877\u4e8e\u66f4\u5b9e\u7528\u793c\u7269\u7684\u5723\u8bde\u8282\u3002", "tts_mp3": "http://res-tts.iciba.com/tts_dj/f/6/a/f6abd41cb8a90b72fe8c25b491a65c8b.mp3", "tts_size": "28K"}]}, {"posp": "DET", "tran": "\uff08\u4ece\u4e8b\u67d0\u4e00\u804c\u4e1a\u7684\uff09\u4e00\uff08\u4f4d\uff09\uff0c\u4e00\uff08\u540d\uff09", "def": "You use a or an when you are saying what someone is or what job they have.", "example": [{"ex": "I explained that I was an artist...", "tran": "\u6211\u89e3\u91ca\u8bf4\u81ea\u5df1\u662f\u4e2a\u827a\u672f\u5bb6\u3002", "tts_mp3": "http://res-tts.iciba.com/tts_dj/1/3/e/13eb79018d0958559d93d984cf6c826a.mp3", "tts_size": "10K"}, {"ex": "He was now a teacher and a respectable member of the community.", "tran": "\u4ed6\u73b0\u5728\u662f\u4e00\u4f4d\u6559\u5e08\uff0c\u5e76\u4e14\u662f\u793e\u533a\u5185\u53d7\u4eba\u5c0a\u656c\u7684\u4e00\u5458\u3002", "tts_mp3": "http://res-tts.iciba.com/tts_dj/e/9/9/e9908b9ba2262caf1a02f0856bbc437f.mp3", "tts_size": "18K"}]}, {"posp": "DET", "tran": "\uff08\u7528\u4e8e\u4e0d\u4e3a\u8bf4\u8bdd\u4eba\u6240\u77e5\u7684\u9996\u6b21\u63d0\u5230\u7684\u4eba\u540d\u524d\uff09\u67d0\u4e00\uff08\u4e2a\uff09", "def": "You use a or an in front of the names of people as a way of indicating that you do not know them or anything about them and you are saying their name for the first time.", "example": [{"ex": "The full address on a stick-on label was that of a Mrs P. R. Slater of Peterborough...", "tran": "\u4e0d\u5e72\u80f6\u6807\u7b7e\u4e0a\u7684\u5b8c\u6574\u5730\u5740\u5199\u7684\u662f\u5f7c\u5f97\u4f2f\u52d2\u7684\u4e00\u4f4dP. R. \u65af\u83b1\u7279\u592a\u592a\u3002", "tts_mp3": "http://res-tts.iciba.com/tts_dj/b/5/d/b5d051a5e9f94fdb65bbed9d707a337a.mp3", "tts_size": "23K"}, {"ex": "A Dr Matthew Owens was reported missing while on an expedition to north-eastern Turkey.", "tran": "\u636e\u62a5\u9053\uff0c\u4e00\u4f4d\u53eb\u9a6c\u4fee\u00b7\u6b27\u6587\u65af\u7684\u535a\u58eb\u5728\u524d\u5f80\u571f\u8033\u5176\u4e1c\u5317\u90e8\u8003\u5bdf\u7684\u9014\u4e2d\u5931\u8e2a\u4e86\u3002", "tts_mp3": "http://res-tts.iciba.com/tts_dj/9/6/0/9607c7d3c4dae63d1d6d16c10f990c0a.mp3", "tts_size": "25K"}]}, {"posp": "DET", "tran": "\uff08\u7528\u4e8e\u4eba\u540d\u524d\uff0c\u8868\u793a\u4e0e\u8be5\u4eba\u6709\u76f8\u540c\u7279\u6027\u6216\u54c1\u8d28\uff09\u7c7b\u4f3c\u2026\u7684\u4e00\u4e2a\uff08\u6216\u4e00\u4f4d\uff09", "def": "You use a or an in front of the names of people when you want to refer to someone else who has the same qualities or character as the person named.", "example": [{"ex": "When I listen to her play I can hear a new Nigel Kennedy.", "tran": "\u4ece\u5979\u7684\u6f14\u594f\u4e2d\u6211\u542c\u51fa\u4e86\u65b0\u4e00\u4ee3\u7684\u5948\u6770\u5c14\u00b7\u80af\u5c3c\u8fea\u3002", "tts_mp3": "http://res-tts.iciba.com/tts_dj/4/c/d/4cda77eb3ebb43148dd1fe2ed9de0766.mp3", "tts_size": "16K"}]}, {"posp": "DET", "tran": "\uff08\u7528\u4e8e\u59d3\u6c0f\u524d\uff0c\u8868\u793a\u67d0\u4eba\u5c5e\u4e8e\u67d0\u59d3\u6c0f\u5bb6\u65cf\uff09\u4e00\u4f4d\u59d3\u2026\u7684\u4eba", "def": "You use a or an in front of a surname when you want to refer to someone who belongs to the family with that surname.", "example": [{"ex": "As far as I can recall, Patti was a Smith.", "tran": "\u6211\u8bb0\u5f97\u5e15\u8482\u662f\u59d3\u53f2\u5bc6\u65af\u7684\u3002", "tts_mp3": "http://res-tts.iciba.com/tts_dj/3/6/9/369a1008da191bbdbd9f46b1569cbb20.mp3", "tts_size": "15K"}]}, {"posp": "DET", "tran": "\uff08\u7528\u4e8e\u827a\u672f\u5bb6\u540d\u5b57\u524d\uff09\u4e00\u5e45\u2026\u7684\u753b\uff0c\u4e00\u4ef6\u2026\u7684\u96d5\u5851\u4f5c\u54c1", "def": "You use a or an in front of the names of artists to refer to one individual painting or sculpture created by them.", "example": [{"ex": "Most people have very little difficulty in seeing why a Van Gogh is a work of genius.", "tran": "\u591a\u6570\u4eba\u4e0d\u96be\u7406\u89e3\u4e3a\u4ec0\u4e48\u51e1\u00b7\u9ad8\u7684\u4f5c\u54c1\u662f\u5929\u624d\u4e4b\u4f5c\u3002", "tts_mp3": "http://res-tts.iciba.com/tts_dj/1/b/e/1be459e678d555cf33783e258441e98a.mp3", "tts_size": "23K"}]}, {"posp": "DET", "tran": "\uff08\u4ee3\u66ff\u6570\u5b57one\u4f7f\u7528\uff0c\u5c24\u7528\u4e8ehundred\uff0chour\u548cmetre\u7b49\u8868\u793a\u5ea6\u91cf\u7684\u5355\u8bcd\u4e4b\u524d\u4ee5\u53cahalf, quarter\u548cthird\u7b49\u5206\u6570\u4e4b\u524d\uff09", "def": "You use a or an instead of the number 'one', especially with words of measurement such as 'hundred', 'hour', and 'metre', and with fractions such as 'half', 'quarter', and 'third'.", "example": [{"ex": "...more than a thousand acres of land.", "tran": "1,000\u591a\u82f1\u4ea9\u5730", "tts_mp3": "http://res-tts.iciba.com/tts_dj/0/8/7/08750492125d16c959de81c2fd5a1db5.mp3", "tts_size": "10K"}, {"ex": "...a quarter of an hour...", "tran": "\u4e00\u523b\u949f", "tts_mp3": "http://res-tts.iciba.com/tts_dj/a/2/f/a2fd4d7b3fb106c2f4971a282efd4211.mp3", "tts_size": "7K"}]}, {"posp": "DET", "tran": "\uff08\u7528\u4e8e\u8868\u793a\u6bd4\u7387\u7684\u77ed\u8bed\u4e2d\uff09\u6bcf\u4e00", "def": "You use a or an in expressions such as eight hours a day to express a rate or ratio.", "example": [{"ex": "Prices start at \u00a313.95 a metre for printed cotton...", "tran": "\u5370\u82b1\u68c9\u5e03\u4ee5\u6bcf\u7c7313.95\u82f1\u9551\u7684\u4ef7\u683c\u8d77\u552e\u3002", "tts_mp3": "http://res-tts.iciba.com/tts_dj/b/d/5/bd58489c307cbfc217ce97681b57b069.mp3", "tts_size": "23K"}, {"ex": "The helicopter can zip along at about 150 kilometres an hour.", "tran": "\u8be5\u76f4\u5347\u673a\u80fd\u4ee5\u6bcf\u5c0f\u65f6150\u516c\u91cc\u5de6\u53f3\u7684\u901f\u5ea6\u75be\u8fdb\u3002", "tts_mp3": "http://res-tts.iciba.com/tts_dj/c/7/2/c72280c730b3f013ae022c37bb011654.mp3", "tts_size": "22K"}]}], "collins_star": "5", "frequency_count": 9081174698, "frequency_rank": 5}