{"ph_en": "\u0259\u02c8b\u00e6k", "ph_am": "\u0259\u02c8b\u00e6k", "ph_en_mp3": "http://res.iciba.com/resource/amp3/oxford/0/7a/6a/7a6adf25a5bbc13ad872a76e2cf050ed.mp3", "ph_am_mp3": "http://res.iciba.com/resource/amp3/1/0/f7/40/f740458218f30210f39a389b50287b07.mp3", "parts": [{"part": "adv.", "means": ["\u5403\u60ca\u5730", "\u5411\u540e", "<\u822a\u6d77>\uff08\u5e06\u8239\uff09\u7a81\u9047\u9876\u98ce\u800c\u505c\u6b62\u524d\u8fdb"]}, {"part": "adj.", "means": ["<\u822a\u6d77>\u5904\u4e8e\u9876\u98ce\u4f4d\u7f6e\u7684"]}], "collins": [{"posp": "PHRASE", "tran": "\u5403\u60ca\uff0c\u9707\u60ca\uff08\u4ee5\u81f3\u4e8e\u65e0\u6cd5\u7acb\u523b\u4f5c\u51fa\u53cd\u5e94\uff09", "def": "If you are taken aback by something, you are surprised or shocked by it and you cannot respond at once.", "example": [{"ex": "Roland was taken aback by our strength of feeling...", "tran": "\u6211\u4eec\u53cd\u5e94\u5982\u6b64\u5f3a\u70c8\uff0c\u4ee4\u7f57\u5170\u5927\u5403\u4e00\u60ca\u3002", "tts_mp3": "http://res-tts.iciba.com/tts_dj/9/5/2/9526bbefe1c7c73ca13346fb45c6f789.mp3", "tts_size": "14K"}, {"ex": "Derek was taken aback when a man answered the phone.", "tran": "\u5fb7\u91cc\u514b\u5413\u4e86\u4e00\u8df3\uff0c\u5c45\u7136\u662f\u4e00\u4e2a\u7537\u7684\u63a5\u7684\u7535\u8bdd\u3002", "tts_mp3": "http://res-tts.iciba.com/tts_dj/5/0/3/503a1b8b8580633ffa1b9a524ab2e7c3.mp3", "tts_size": "14K"}]}], "collins_star": "1", "frequency_count": 272920, "frequency_rank": 56165}