{"ph_en": "\u0259\u02c8b\u00e6nd\u0259n", "ph_am": "\u0259\u02c8b\u00e6nd\u0259n", "ph_en_mp3": "http://res.iciba.com/resource/amp3/oxford/0/aa/4a/aa4a20ef952578d87ef6d010ab67f82a.mp3", "ph_am_mp3": "http://res.iciba.com/resource/amp3/1/0/b0/bb/b0bbb2218aa3c78802a8ed8c78aa2cae.mp3", "parts": [{"part": "vt.", "means": ["\u653e\u5f03\uff0c\u629b\u5f03", "\u79bb\u5f03\uff0c\u4e22\u5f03", "\u4f7f\u5c48\u4ece", "\u505c\u6b62\u8fdb\u884c\uff0c\u7ec8\u6b62"]}, {"part": "n.", "means": ["\u653e\u4efb\uff0c\u653e\u7eb5", "\u5b8c\u5168\u5c48\u4ece\u4e8e\u538b\u5236"]}], "collins": [{"posp": "VERB", "tran": "\u79bb\u5f03\uff1b\u9057\u5f03\uff1b\u629b\u5f03", "def": "If you abandon a place, thing, or person, you leave the place, thing, or person permanently or for a long time, especially when you should not do so.", "example": [{"ex": "He claimed that his parents had abandoned him...", "tran": "\u4ed6\u58f0\u79f0\u7236\u6bcd\u9057\u5f03\u4e86\u4ed6\u3002", "tts_mp3": "http://res-tts.iciba.com/tts_dj/e/2/f/e2ff033c0302a9ff6958d41518716ce6.mp3", "tts_size": "12K"}, {"ex": "The road is strewn with abandoned vehicles.", "tran": "\u9053\u8def\u4e0a\u6ee1\u662f\u5f03\u7f6e\u7684\u8f66\u8f86\u3002", "tts_mp3": "http://res-tts.iciba.com/tts_dj/5/b/d/5bd847d60861e29c70c7d39592256efb.mp3", "tts_size": "12K"}]}, {"posp": "VERB", "tran": "\u4e2d\u9014\u653e\u5f03\uff0c\u4e2d\u6b62\uff08\u6d3b\u52a8\u3001\u5de5\u4f5c\u7b49\uff09", "def": "If you abandon an activity or piece of work, you stop doing it before it is finished.", "example": [{"ex": "The authorities have abandoned any attempt to distribute food...", "tran": "\u5f53\u5c40\u4e2d\u6b62\u4e86\u5206\u53d1\u98df\u7269\u7684\u5c1d\u8bd5\u3002", "tts_mp3": "http://res-tts.iciba.com/tts_dj/d/5/7/d57a62771a3cb41a6efc96dbd04e64b1.mp3", "tts_size": "16K"}, {"ex": "The scheme's investors, fearful of bankruptcy, decided to abandon the project.", "tran": "\u56e0\u4e3a\u62c5\u5fc3\u7834\u4ea7\uff0c\u8be5\u8ba1\u5212\u7684\u6295\u8d44\u8005\u51b3\u5b9a\u653e\u5f03\u8fd9\u4e2a\u9879\u76ee\u3002", "tts_mp3": "http://res-tts.iciba.com/tts_dj/e/5/2/e52c30cbcf266a0f597702575fe40c66.mp3", "tts_size": "26K"}]}, {"posp": "VERB", "tran": "\u653e\u5f03\uff08\u60f3\u6cd5\u6216\u601d\u8def\uff09", "def": "If you abandon an idea or way of thinking, you stop having that idea or thinking in that way.", "example": [{"ex": "Logic had prevailed and he had abandoned the idea.", "tran": "\u6700\u7ec8\u7406\u667a\u5360\u4e86\u4e0a\u98ce\uff0c\u4ed6\u6253\u6d88\u4e86\u90a3\u4e2a\u5ff5\u5934\u3002", "tts_mp3": "http://res-tts.iciba.com/tts_dj/7/2/f/72fd08945e3359d9c3380ac4ac4f57ff.mp3", "tts_size": "15K"}]}, {"posp": "VERB", "tran": "\u653e\u7eb5\uff1b\u4f7f\u6c89\u6e4e\u4e8e", "def": "If you abandon yourself to an emotion, you think about it a lot and feel it strongly, especially when other people might think you are wrong to do so.", "example": [{"ex": "We are scared to abandon ourselves to our feelings in case we seem weak or out of control.", "tran": "\u6211\u4eec\u4e0d\u6562\u653e\u7eb5\u81ea\u5df1\u7684\u60c5\u611f\uff0c\u4ee5\u514d\u663e\u5f97\u592a\u8fc7\u8f6f\u5f31\u6216\u7f3a\u4e4f\u81ea\u5236\u3002", "tts_mp3": "http://res-tts.iciba.com/tts_dj/c/f/2/cf22a936449ce217704f0c9a7a703d0f.mp3", "tts_size": "25K"}]}, {"posp": "N-UNCOUNT", "tran": "\u653e\u4efb\uff1b\u653e\u7eb5", "def": "If you say that someone does something with abandon, you mean that they behave in a wild, uncontrolled way and do not think or care about how they should behave.", "example": [{"ex": "He has spent money with gay abandon...", "tran": "\u4ed6\u8086\u610f\u6325\u970d\u94b1\u8d22\u3002", "tts_mp3": "http://res-tts.iciba.com/tts_dj/2/b/9/2b99d374251fc67aa32c3a29849ec358.mp3", "tts_size": "11K"}, {"ex": "Their permissiveness toward their children reflects the wild abandon of their own lives.", "tran": "\u4ed6\u4eec\u5bf9\u5b69\u5b50\u7684\u653e\u4efb\u6298\u5c04\u51fa\u4ed6\u4eec\u81ea\u8eab\u751f\u6d3b\u7684\u653e\u6d6a\u5f62\u9ab8\u3002", "tts_mp3": "http://res-tts.iciba.com/tts_dj/f/0/c/f0cf98881c18b285e0b76a1d9dcf513c.mp3", "tts_size": "22K"}]}, {"posp": "PHRASE", "tran": "\uff08\u8239\u8236\u4e0b\u6c89\u65f6\uff09\u5f03\u8239", "def": "If people abandon ship, they get off a ship because it is sinking.", "example": [{"ex": "The officers and crew prepared to abandon ship in an orderly fashion.", "tran": "\u5168\u4f53\u8239\u5458\u79e9\u5e8f\u4e95\u7136\u5730\u51c6\u5907\u5f03\u8239\u3002", "tts_mp3": "http://res-tts.iciba.com/tts_dj/c/8/8/c88465e4e69c4991220540a8f3c62bc6.mp3", "tts_size": "20K"}]}], "collins_star": "3", "frequency_count": 2747961, "frequency_rank": 14530}