{"ph_en": "\u0259\u02c8b\u00e6nd\u0259nd", "ph_am": "\u0259\u02c8b\u00e6nd\u0259nd", "ph_en_mp3": "http://res.iciba.com/resource/amp3/oxford/0/e2/14/e214cebbba3423a374579a33742998b3.mp3", "ph_am_mp3": "http://res.iciba.com/resource/amp3/1/0/81/f3/81f3d2a447d9c5579b446ff048827de1.mp3", "parts": [{"part": "adj.", "means": ["\u88ab\u653e\u5f03\u7684\uff0c\u88ab\u9057\u5f03\u7684", "\u70ed\u60c5\u6d0b\u6ea2\u7684", "\u5be1\u5ec9\u9c9c\u803b\u7684\uff0c\u6063\u610f\u653e\u8361\u7684", "\u6ca1\u6709\u7ea6\u675f\u7684"]}], "collins": [{"posp": "ADJ", "tran": "(\u573a\u6240\u6216\u5efa\u7b51\u7269)\u820d\u5f03\u4e0d\u7528\u7684\uff0c\u65e0\u4eba\u5c45\u4f4f\u7684", "def": "An abandoned place or building is no longer used or occupied.", "example": [{"ex": "All that digging had left a network of abandoned mines and tunnels.", "tran": "\u4e1c\u6316\u897f\u6398\u540e\u7559\u4e0b\u4e86\u4e00\u7247\u5e9f\u5f03\u7684\u77ff\u5751\u3002", "tts_mp3": "http://res-tts.iciba.com/tts_dj/3/b/8/3b8a30b08256a720bb485343556ee671.mp3", "tts_size": "19K"}, {"ex": "...abandoned buildings that become a breeding ground for crime.", "tran": "\u6ca6\u4e3a\u4e86\u72af\u7f6a\u6e29\u5e8a\u7684\u5f03\u7f6e\u697c\u7fa4", "tts_mp3": "http://res-tts.iciba.com/tts_dj/5/2/4/524459b462890005f2c9242462ce76f0.mp3", "tts_size": "16K"}]}], "collins_star": "3", "frequency_count": 6371760, "frequency_rank": 8576}