{"ph_en": "\u0259\u02c8b\u00e6nd\u0259nm\u0259nt", "ph_am": "\u0259\u02c8b\u00e6nd\u0259nm\u0259nt", "ph_en_mp3": "http://res.iciba.com/resource/amp3/oxford/0/e2/50/e25037948fa2b82a0d084044304d0493.mp3", "ph_am_mp3": "http://res.iciba.com/resource/amp3/1/0/ce/c2/cec281b90d30099b86d3101272dcd734.mp3", "parts": [{"part": "n.", "means": ["\u653e\u5f03", "\u629b\u5f03", "\u9057\u5f03", "\u653e\u4efb"]}], "collins": [{"posp": "N-UNCOUNT", "tran": "\u79bb\u5f03\uff1b\u9057\u5f03\uff1b\u629b\u5f03", "def": "The abandonment of a place, thing, or person is the act of leaving it permanently or for a long time, especially when you should not do so.", "example": [{"ex": "...memories of her father's complete abandonment of her.", "tran": "\u5bf9\u7236\u4eb2\u5b8c\u5168\u5f03\u5979\u4e0d\u987e\u7684\u56de\u5fc6", "tts_mp3": "http://res-tts.iciba.com/tts_dj/2/2/4/2245c80b33795f8537e41f51910d64d3.mp3", "tts_size": "14K"}]}, {"posp": "N-UNCOUNT", "tran": "\uff08\u5de5\u4f5c\u3001\u6d3b\u52a8\u7b49\u7684\uff09\u4e2d\u9014\u653e\u5f03\uff0c\u4e2d\u6b62", "def": "The abandonment of a piece of work or activity is the act of stopping doing it before it is finished.", "example": [{"ex": "Constant rain forced the abandonment of the next day's competitions.", "tran": "\u8fde\u7ef5\u9634\u96e8\u81f4\u4f7f\u7fcc\u65e5\u5404\u9879\u8d5b\u4e8b\u88ab\u8feb\u4e2d\u6b62\u3002", "tts_mp3": "http://res-tts.iciba.com/tts_dj/0/7/6/076cb6347e2b0c4e024b101eae68501b.mp3", "tts_size": "21K"}]}, {"posp": "N-UNCOUNT", "tran": "\uff08\u60f3\u6cd5\u6216\u601d\u8def\u7684\uff09\u653e\u5f03", "def": "The abandonment of an idea or way of thinking is the act of stopping having the idea or of stopping thinking in that way.", "example": [{"ex": "...the government's abandonment of the policy.", "tran": "\u653f\u5e9c\u5bf9\u8fd9\u9879\u653f\u7b56\u7684\u653e\u5f03", "tts_mp3": "http://res-tts.iciba.com/tts_dj/0/c/9/0c92693c5a7b13daf0b6b16ea1e177ff.mp3", "tts_size": "12K"}]}], "collins_star": "1", "frequency_count": 1297503, "frequency_rank": 22574}