{"ph_en": "\u0259\u02c8be\u026at", "ph_am": "\u0259\u02c8bet", "ph_en_mp3": "http://res.iciba.com/resource/amp3/oxford/0/fc/4d/fc4d8eeee4180e445230b731c1f0bc4d.mp3", "ph_am_mp3": "http://res.iciba.com/resource/amp3/1/0/0c/d2/0cd2269e449dec70464bd16e373fcfe5.mp3", "parts": [{"part": "vt.", "means": ["\u51cf\u5c11\uff0c\u51cf\u8f7b", "[\u6cd5]\u53d6\u6d88\u6cd5\u4ee4\uff0c\u4f5c\u5e9f"]}, {"part": "vi.", "means": ["\u51cf\u8f7b", "\u5931\u6548"]}, {"part": "n.", "means": ["\u51cf\u8f7b", "\u6298\u6263"]}], "collins": [{"posp": "VERB", "tran": "\u51cf\u5f31\uff1b\u51cf\u8f7b\uff1b\u51cf\u9000", "def": "If something bad or undesirable abates, it becomes much less strong or severe.", "example": [{"ex": "The storms had abated by the time they rounded Cape Horn.", "tran": "\u4ed6\u4eec\u7ed5\u8fc7\u5408\u6069\u89d2\u65f6\uff0c\u66b4\u98ce\u96e8\u5df2\u7ecf\u51cf\u5f31\u3002", "tts_mp3": "http://res-tts.iciba.com/tts_dj/3/0/0/300e56bd708116bfd8cc5411ce585b06.mp3", "tts_size": "16K"}, {"ex": "...a crime wave that shows no sign of abating.", "tran": "\u4e1d\u6beb\u6ca1\u6709\u51cf\u5f31\u8ff9\u8c61\u7684\u72af\u7f6a\u52bf\u5934", "tts_mp3": "http://res-tts.iciba.com/tts_dj/a/9/b/a9be62e53fb35ad0fbf80395ee91312f.mp3", "tts_size": "13K"}]}], "collins_star": "1", "frequency_count": 470646, "frequency_rank": 40873}