{"ph_en": "\u02cce\u026a bi: \u02c8si:", "ph_am": "\u02cce\u026abi'si", "ph_en_mp3": "http://res.iciba.com/resource/amp3/oxford/0/cb/e9/cbe924013e5c63a02b6277c57061e74e.mp3", "ph_am_mp3": "", "parts": [{"part": "n.", "means": ["\u5b57\u6bcd\u8868", "\u57fa\u7840\u77e5\u8bc6", "\u521d\u6b65\uff0c\u5165\u95e8"]}, {"part": "abbr.", "means": ["American Broadcasting Company \u7f8e\u56fd\u5e7f\u64ad\u516c\u53f8", "Australian Broadcasting Corporation \u6fb3\u5927\u5229\u4e9a\u5e7f\u64ad\u516c\u53f8", "Agricultural Bank of China \u4e2d\u56fd\u519c\u4e1a\u94f6\u884c"]}], "collins": [{"posp": "N-SING", "tran": "\uff08\u5b66\u79d1\u7b49\u7684\uff09\u57fa\u7840\u77e5\u8bc6\uff0c\u5165\u95e8", "def": "The ABC of a subject or activity is the parts of it that you have to learn first because they are the most important and basic.", "example": [{"ex": "...the ABC of Marxism.", "tran": "\u9a6c\u514b\u601d\u4e3b\u4e49\u7684\u57fa\u672c\u5185\u5bb9", "tts_mp3": "http://res-tts.iciba.com/tts_dj/5/b/d/5bd9eb3885c723ed97e447b0fee0e4a4.mp3", "tts_size": "9K"}]}, {"posp": "N-COUNT", "tran": "\u5b57\u6bcd\u8868\uff08\u513f\u7ae5\u8bc6\u5b57\u3001\u5199\u5b57\u3001\u62fc\u8bcd\u7528\u7684\u5168\u90e8\u5b57\u6bcd\uff09", "def": "Children who have learned their ABC or their ABCs have learned to recognize, write, or say the alphabet.", "example": []}], "collins_star": "2", "frequency_count": 17320550, "frequency_rank": 4100}