{"ph_en": "\u00e6b\u02c8d\u0252m\u026anl", "ph_am": "\u00e6b\u02c8d\u0251m\u026anl", "ph_en_mp3": "http://res.iciba.com/resource/amp3/oxford/0/cb/2f/cb2f76cc55885effbd4047a3b134bd27.mp3", "ph_am_mp3": "http://res.iciba.com/resource/amp3/1/0/c8/fd/c8fd036c669451d116e9b428515a44d4.mp3", "parts": [{"part": "adj.", "means": ["\u8179\u90e8\u7684", "[\u9c7c]\u6709\u8179\u9ccd\u7684"]}, {"part": "n.", "means": ["\u8179\u808c\uff08\u5e38\u7528\u4f5c\u590d\u6570\uff09"]}], "collins": [{"posp": "ADJ", "tran": "\u8179\uff08\u90e8\uff09\u7684", "def": "Abdominal is used to describe something that is situated in the abdomen or forms part of it.", "example": [{"ex": "...vomiting, diarrhoea and abdominal pain.", "tran": "\u5455\u5410\u3001\u8179\u6cfb\u548c\u8179\u75db", "tts_mp3": "http://res-tts.iciba.com/tts_dj/a/e/c/aec559b4a3fee342a401f34dcd04a969.mp3", "tts_size": "13K"}]}], "collins_star": "1", "frequency_count": 3090148, "frequency_rank": 13610}