{"ph_en": "\u02c8\u00e6bd\u0259m\u0259n", "ph_am": "\u02c8\u00e6bd\u0259m\u0259n", "ph_en_mp3": "http://res.iciba.com/resource/amp3/oxford/0/5c/d5/5cd51fc2036241e572116d1939e0d6c6.mp3", "ph_am_mp3": "http://res.iciba.com/resource/amp3/1/0/d9/42/d942b0c27fc71fcc95b77d658e5ac0af.mp3", "parts": [{"part": "n.", "means": ["\u8179\u90e8", "[\u866b]\u8179\u90e8", "\u4e0b\u8179", "\u8179\u8154"]}], "collins": [{"posp": "N-COUNT", "tran": "\u8179\uff08\u90e8\uff09", "def": "Your abdomen is the part of your body below your chest where your stomach and intestines are.", "example": [{"ex": "He was suffering from pains in his abdomen.", "tran": "\u4ed6\u611f\u5230\u8179\u90e8\u5267\u75db\u3002", "tts_mp3": "http://res-tts.iciba.com/tts_dj/1/c/d/1cd74f8f0a0ae58867bcdb023f574ad3.mp3", "tts_size": "13K"}]}], "collins_star": "1", "frequency_count": 1490684, "frequency_rank": 20845}