{"ph_en": "\u00e6b\u02c8d\u028ckt", "ph_am": "\u00e6b\u02c8d\u028ckt", "ph_en_mp3": "http://res.iciba.com/resource/amp3/oxford/0/6a/60/6a60cd05c6cd7aa0c0862d69fd812fd8.mp3", "ph_am_mp3": "http://res.iciba.com/resource/amp3/1/0/ee/c3/eec3e0a57ee490c261d7077033589a31.mp3", "parts": [{"part": "vt.", "means": ["\u52ab\u6301", "\u8bf1\u62d0", "\u4f7f\u5916\u5c55"]}], "collins": [{"posp": "VERB", "tran": "\u8bf1\u62d0\uff1b\u52ab\u6301\uff1b\u7ed1\u67b6", "def": "If someone is abducted by another person, he or she is taken away illegally, usually using force.", "example": [{"ex": "His car was held up and he was abducted by four gunmen...", "tran": "\u4ed6\u7684\u8f66\u906d\u9047\u62e6\u52ab\uff0c\u968f\u540e\u4ed6\u88ab4\u540d\u6301\u67aa\u6b79\u5f92\u52ab\u6301\u3002", "tts_mp3": "http://res-tts.iciba.com/tts_dj/1/4/6/146d9c3e22a575fc33e3c76d22c4e281.mp3", "tts_size": "18K"}, {"ex": "She was charged with abducting a six-month-old child.", "tran": "\u5979\u88ab\u63a7\u8bf1\u62d0\u4e00\u4e2a6\u4e2a\u6708\u5927\u7684\u5b69\u5b50\u3002", "tts_mp3": "http://res-tts.iciba.com/tts_dj/3/1/d/31df5d462b3a37f8d38c3d0cea3f3422.mp3", "tts_size": "17K"}]}], "collins_star": "1", "frequency_count": 126225, "frequency_rank": 87124}