{"ph_en": "\u02cc\u00e6b\u0259\u02c8re\u026a\u0283n", "ph_am": "\u02cc\u00e6b\u0259\u02c8re\u0283\u0259n", "ph_en_mp3": "http://res.iciba.com/resource/amp3/oxford/0/70/ef/70ef69afbca1d32cef08d7183142f5f6.mp3", "ph_am_mp3": "http://res.iciba.com/resource/amp3/1/0/62/49/624976c9d720e069aba792427e17cc13.mp3", "parts": [{"part": "n.", "means": ["\u504f\u5dee\uff0c\u5dee\u9519", "\u8131\u79bb\u5e38\u89c4\uff0c\u8d8a\u8f68", "[\u533b]\u5fc3\u7406\u5931\u5e38\uff0c\u7cbe\u795e\u8ff7\u4e71", "[\u6cd5]\u8fc7\u5931"]}], "collins": [{"posp": "N-VAR", "tran": "\u5076\u53d1\u4e8b\u4ef6;\u975e\u5178\u578b\u884c\u4e3a", "def": "An aberration is an incident or way of behaving that is not typical.", "example": [{"ex": "It became very clear that the incident was not just an aberration, it was not just a single incident.", "tran": "\u4e8b\u5b9e\u5df2\u7ecf\u5f88\u6e05\u695a\uff0c\u8fd9\u4ef6\u4e8b\u4e0d\u662f\u5076\u53d1\u7684\uff0c\u5b83\u5e76\u4e0d\u662f\u4e00\u8d77\u5b64\u7acb\u7684\u4e8b\u4ef6\u3002", "tts_mp3": "http://res-tts.iciba.com/tts_dj/9/a/d/9adc26472a17cdd02d1684b1dedb8be3.mp3", "tts_size": "30K"}]}, {"posp": "N-VAR", "tran": "\u4e0d\u6b63\u5e38\u7684\u602a\u4eba\uff1b\u5f02\u5e38\u884c\u4e3a", "def": "If someone considers a person or their behaviour to be an aberration, they think that they are strange and not socially acceptable.", "example": [{"ex": "Single people are treated as an aberration and made to pay a supplement.", "tran": "\u72ec\u8eab\u8005\u88ab\u5f53\u6210\u5f02\u7c7b\uff0c\u800c\u4e14\u8981\u4ed8\u4e00\u7b14\u989d\u5916\u7684\u8d39\u7528\u3002", "tts_mp3": "http://res-tts.iciba.com/tts_dj/a/8/4/a84d7b96a6e5099d5dea3e0cfc4c3ef2.mp3", "tts_size": "20K"}, {"ex": "...sexual aberration.", "tran": "\u6027\u53d8\u6001", "tts_mp3": "http://res-tts.iciba.com/tts_dj/b/6/7/b6718f5ccca4db3744bef05268949b1f.mp3", "tts_size": "8K"}]}], "collins_star": "1", "frequency_count": 443062, "frequency_rank": 42354}