{"ph_en": "\u0259\u02c8ba\u026ad", "ph_am": "\u0259\u02c8ba\u026ad", "ph_en_mp3": "http://res.iciba.com/resource/amp3/oxford/0/0b/29/0b295e589f619de0cec9e15d0bd99a1e.mp3", "ph_am_mp3": "http://res.iciba.com/resource/amp3/1/0/a7/57/a757906a6646359fba718fc0b15c3e1f.mp3", "parts": [{"part": "vt.", "means": ["\u5bb9\u5fcd\uff0c\u5fcd\u53d7", "\u7b49\u5019", "\u9075\u5b88"]}, {"part": "vi.", "means": ["\u6301\u7eed", "\u7ecf\u53d7\u4f4f\uff0c\u9876\u4f4f", "\u5c45\u4f4f\uff0c\u9017\u7559"]}], "collins": [{"posp": "PHRASE", "tran": "\u96be\u4ee5\u5fcd\u53d7\uff1b\u65e0\u6cd5\u5bb9\u5fcd", "def": "If you can't abide someone or something, you dislike them very much.", "example": [{"ex": "I can't abide people who can't make up their minds...", "tran": "\u6211\u53d7\u4e0d\u4e86\u4f18\u67d4\u5be1\u65ad\u7684\u4eba\u3002", "tts_mp3": "http://res-tts.iciba.com/tts_dj/5/b/a/5bad80b842fef3d7ffd48abcbfeea5c0.mp3", "tts_size": "15K"}, {"ex": "She couldn't abide his success.", "tran": "\u5979\u89c1\u4e0d\u5f97\u4ed6\u6210\u529f\u3002", "tts_mp3": "http://res-tts.iciba.com/tts_dj/1/f/f/1ff351a0f716c6d409c8ca035dbd3c8a.mp3", "tts_size": "10K"}]}], "collins_star": "1", "frequency_count": 3722809, "frequency_rank": 12106}