{"ph_en": "\u0259\u02c8ba\u026ad\u026a\u014b", "ph_am": "\u0259\u02c8ba\u026ad\u026a\u014b", "ph_en_mp3": "http://res.iciba.com/resource/amp3/oxford/0/ae/bf/aebf7ae0b858694df769001d166b8fc5.mp3", "ph_am_mp3": "http://res.iciba.com/resource/amp3/1/0/12/f9/12f9c46a2f99fa00a451f9d9db9d511c.mp3", "parts": [{"part": "adj.", "means": ["\u6301\u4e45\u7684\uff0c\u6c38\u4e45\u7684", "\u4e0d\u53d8\u7684", "\u7531\u6765\u5df2\u4e45\u7684"]}, {"part": "v.", "means": ["\u5bb9\u5fcd(abide\u7684\u73b0\u5728\u5206\u8bcd)", "\u9075\u5b88", "\u7ee7\u7eed\u5b58\u5728"]}], "collins": [{"posp": "ADJ-GRADED", "tran": "\uff08\u60c5\u611f\u3001\u8bb0\u5fc6\u3001\u5174\u8da3\u7b49\uff09\u6301\u4e45\u7684\uff0c\u957f\u4e45\u7684", "def": "An abiding feeling, memory, or interest is one that you have for a very long time.", "example": [{"ex": "He has a genuine and abiding love of the craft...", "tran": "\u4ed6\u5bf9\u8fd9\u95e8\u624b\u827a\u6709\u7740\u771f\u631a\u6301\u4e45\u7684\u70ed\u7231\u3002", "tts_mp3": "http://res-tts.iciba.com/tts_dj/8/0/8/80852a3978c682076ba01efe5d7b9375.mp3", "tts_size": "14K"}, {"ex": "One of my abiding memories of him is of his singing to a small private party...", "tran": "\u6211\u5bf9\u4ed6\u96be\u4ee5\u5fd8\u6000\u7684\u4e00\u5e55\u662f\u4ed6\u5728\u4e00\u6b21\u5c0f\u578b\u79c1\u4eba\u6d3e\u5bf9\u4e0a\u732e\u6b4c\u7684\u60c5\u666f\u3002", "tts_mp3": "http://res-tts.iciba.com/tts_dj/b/c/b/bcb7e27331a6cadeb8e0e212d9c483d6.mp3", "tts_size": "21K"}]}], "collins_star": "1", "frequency_count": 947738, "frequency_rank": 27095}