{"ph_en": "\u0259\u02c8b\u026al\u0259ti", "ph_am": "\u0259\u02c8b\u026al\u026ati", "ph_en_mp3": "http://res.iciba.com/resource/amp3/oxford/0/b2/7b/b27bd8874b1344039cd828eaf5972e31.mp3", "ph_am_mp3": "http://res.iciba.com/resource/amp3/1/0/42/4d/424dbe533d5a5b0904ee6f79262caa5c.mp3", "parts": [{"part": "n.", "means": ["\u80fd\u529b\uff0c\u8d44\u683c", "\u80fd\u8010\uff0c\u624d\u80fd"]}], "collins": [{"posp": "N-SING", "tran": "\u80fd\u529b", "def": "Your ability to do something is the fact that you can do it.", "example": [{"ex": "The public never had faith in his ability to handle the job...", "tran": "\u516c\u4f17\u4ece\u6765\u4e0d\u76f8\u4fe1\u4ed6\u6709\u80fd\u529b\u80dc\u4efb\u8fd9\u4e00\u804c\u4f4d\u3002", "tts_mp3": "http://res-tts.iciba.com/tts_dj/c/4/d/c4df6c06e8a8501d49017ce2b98b76fc.mp3", "tts_size": "17K"}, {"ex": "He has the ability to bring out the best in others.", "tran": "\u4ed6\u80fd\u505a\u5230\u626c\u4eba\u4e4b\u957f\u3002", "tts_mp3": "http://res-tts.iciba.com/tts_dj/9/a/2/9a20db5516cb7403fc55bfc096ed45ea.mp3", "tts_size": "14K"}]}, {"posp": "N-VAR", "tran": "\u624d\u80fd;\u6280\u80fd;\u672c\u9886", "def": "Your ability is the quality or skill that you have which makes it possible for you to do something.", "example": [{"ex": "Her drama teacher spotted her ability...", "tran": "\u5979\u7684\u620f\u5267\u8001\u5e08\u53d1\u73b0\u4e86\u5979\u7684\u624d\u80fd\u3002", "tts_mp3": "http://res-tts.iciba.com/tts_dj/8/b/f/8bf6ae089224dbda4cf9403cbf6086a2.mp3", "tts_size": "12K"}, {"ex": "I have confidence in the ability of the players...", "tran": "\u6211\u5bf9\u4e8e\u7403\u5458\u4eec\u7684\u80fd\u529b\u5145\u6ee1\u4fe1\u5fc3\u3002", "tts_mp3": "http://res-tts.iciba.com/tts_dj/6/b/d/6bdfd748ee4629adce6ff13ebd856bd9.mp3", "tts_size": "14K"}]}, {"posp": "PHRASE", "tran": "\u5c3d\u2026\u6240\u80fd\u5730\uff1b\u7aed\u5c3d\u5168\u529b\u5730", "def": "If you do something to the best of your abilities or to the best of your ability, you do it as well as you can.", "example": [{"ex": "I take care of them to the best of my abilities...", "tran": "\u6211\u5c3d\u6211\u6240\u80fd\u5730\u7167\u987e\u4ed6\u4eec\u3002", "tts_mp3": "http://res-tts.iciba.com/tts_dj/b/5/0/b50ed5d525560775086a424b0eb24eb2.mp3", "tts_size": "14K"}, {"ex": "They tackled them to the best of their ability.", "tran": "\u4ed6\u4eec\u7aed\u5c3d\u5168\u529b\u7ed9\u4e88\u89e3\u51b3\u3002", "tts_mp3": "http://res-tts.iciba.com/tts_dj/9/5/a/95a8cf6861ff68026d742a4a838ac71b.mp3", "tts_size": "12K"}]}], "collins_star": "4", "frequency_count": 52004289, "frequency_rank": 1589}