{"ph_en": "\u02c8\u00e6bd\u0292ekt", "ph_am": "\u02c8\u00e6b\u02ccd\u0292\u025bkt, \u00e6b\u02c8d\u0292\u025bkt", "ph_en_mp3": "http://res.iciba.com/resource/amp3/oxford/0/95/08/9508e10cf7b994afcb166db8bdd41904.mp3", "ph_am_mp3": "http://res.iciba.com/resource/amp3/1/0/cc/33/cc337b00dd2de6adbc7acb77e78d44c4.mp3", "parts": [{"part": "adj.", "means": ["\u5351\u9119\u7684\uff0c\u4e0b\u8d31\u7684", "\uff08\u6307\u5883\u51b5\uff09\u51c4\u60e8\u7684", "\u8f7b\u8511\u7684\uff0c\u88ab\u9119\u89c6\u7684", "\u539a\u989c\u65e0\u803b\u7684"]}], "collins": [{"posp": "ADJ-GRADED", "tran": "\u51c4\u60e8\u7684;\u7cdf\u900f\u7684;\u8e69\u811a\u7684", "def": "You use abject to emphasize that a situation or quality is extremely bad.", "example": [{"ex": "Both of them died in abject poverty...", "tran": "\u4ed6\u4eec\u4e24\u4eba\u90fd\u4e8e\u7a77\u56f0\u6f66\u5012\u4e2d\u6b7b\u53bb\u3002", "tts_mp3": "http://res-tts.iciba.com/tts_dj/f/f/5/ff5638716e046a1369809a82477a65bb.mp3", "tts_size": "11K"}, {"ex": "This scheme was an abject failure.", "tran": "\u8fd9\u9879\u8ba1\u5212\u5f7b\u5e95\u5931\u8d25\u4e86\u3002", "tts_mp3": "http://res-tts.iciba.com/tts_dj/a/5/7/a57cbac92bca7a868e635befd375b312.mp3", "tts_size": "10K"}]}, {"posp": "ADJ-GRADED", "tran": "\u5351\u8eac\u5c48\u8282\u7684\uff1b\u81ea\u5351\u7684\uff1b\u602f\u61e6\u7684", "def": "If you describe someone as abject, you think they have no courage or respect for themselves.", "example": [{"ex": "He sounded abject and eager to please...", "tran": "\u4ed6\u4f4e\u58f0\u4e0b\u6c14\uff0c\u6025\u4e8e\u8ba8\u597d\u522b\u4eba\u3002", "tts_mp3": "http://res-tts.iciba.com/tts_dj/1/4/4/144030ce3a8afd4e9f1eb7b665a06166.mp3", "tts_size": "13K"}, {"ex": "He looked back at the abject, silent girl and repeated his question.", "tran": "\u4ed6\u8f6c\u8fc7\u5934\u770b\u7740\u8fd9\u4e2a\u5664\u82e5\u5bd2\u8749\u7684\u5973\u5b69\uff0c\u53c8\u91cd\u590d\u4e86\u4e00\u904d\u4ed6\u7684\u95ee\u9898\u3002", "tts_mp3": "http://res-tts.iciba.com/tts_dj/c/7/2/c72029515ba77412f1cc652a5a3fb1ae.mp3", "tts_size": "21K"}]}], "collins_star": "1", "frequency_count": 312620, "frequency_rank": 51865}