{"ph_en": "\u0259\u02c8ble\u026az", "ph_am": "\u0259\u02c8blez", "ph_en_mp3": "http://res.iciba.com/resource/amp3/oxford/0/92/1c/921ca761250eae34fbd5b3b12a6f85ef.mp3", "ph_am_mp3": "http://res.iciba.com/resource/amp3/1/0/8b/d7/8bd7e3ba6809f38ce78c0fc6abfd6343.mp3", "parts": [{"part": "adj.", "means": ["\u7740\u706b\u7684", "\u53d1\u5149\u7684", "\u95ea\u8000\u7684"]}, {"part": "adv.", "means": ["\u7740\u706b", "\u95ea\u8000"]}], "collins": [{"posp": "ADJ", "tran": "\u70bd\u71c3\u7684\uff1b\u718a\u718a\u71c3\u70e7\u7684", "def": "Something that is ablaze is burning very fiercely.", "example": [{"ex": "Shops, houses, and vehicles were set ablaze.", "tran": "\u5e97\u94fa\u3001\u623f\u5b50\u548c\u8f66\u8f86\u5168\u90fd\u9677\u4e8e\u706b\u6d77\u3002", "tts_mp3": "http://res-tts.iciba.com/tts_dj/4/3/8/438550f22ed04d1b4d87c4fa6d2dc0d0.mp3", "tts_size": "19K"}]}, {"posp": "ADJ", "tran": "\u95ea\u8000\u7684\uff1b\u95ea\u4eae\u7684", "def": "If a place is ablaze with lights or colours, it is very bright because of them.", "example": [{"ex": "The chamber was ablaze with light...", "tran": "\u4f1a\u8bae\u5385\u91cc\u706f\u706b\u8f89\u714c\u3002", "tts_mp3": "http://res-tts.iciba.com/tts_dj/d/1/5/d158fc8bdc2311b6ecbefcc1bbc4dd28.mp3", "tts_size": "9K"}, {"ex": "In spring, the valleys are ablaze with colour.", "tran": "\u6625\u5929\uff0c\u5c71\u8c37\u91cc\u6625\u8272\u7eda\u70c2\u3002", "tts_mp3": "http://res-tts.iciba.com/tts_dj/0/7/e/07ee8af753a6b50f820b2a008ee6b111.mp3", "tts_size": "15K"}]}, {"posp": "ADJ", "tran": "\uff08\u76ee\u5149\u3001\u795e\u8272\u7b49\uff09\u6fc0\u52a8\u7684\uff0c\u5174\u594b\u7684\uff0c\u6124\u6012\u7684", "def": "If someone is ablaze, or if their eyes are ablaze, their expression shows that they are feeling a strong emotion, such as great excitement or anger.", "example": [{"ex": "He was ablaze with enthusiasm...", "tran": "\u4ed6\u70ed\u60c5\u6d0b\u6ea2\u3002", "tts_mp3": "http://res-tts.iciba.com/tts_dj/f/a/a/faad3738f2508097961ec6582d3863e3.mp3", "tts_size": "10K"}, {"ex": "Her voice is passionate. Her eyes are ablaze.", "tran": "\u5979\u58f0\u97f3\u6fc0\u6602\uff0c\u76ee\u5149\u5982\u706b\u3002", "tts_mp3": "http://res-tts.iciba.com/tts_dj/4/8/9/489016b362280eb5dfb4fa66141e9977.mp3", "tts_size": "19K"}]}], "collins_star": "1", "frequency_count": 321096, "frequency_rank": 51081}