{"ph_en": "\u02c8e\u026abl", "ph_am": "\u02c8eb\u0259l", "ph_en_mp3": "http://res.iciba.com/resource/amp3/oxford/0/74/ba/74badc02424aff215118ae75708e5d96.mp3", "ph_am_mp3": "http://res.iciba.com/resource/amp3/1/0/c0/db/c0db7d4e3cbad2b18c767c659f448a11.mp3", "parts": [{"part": "adj.", "means": ["\u80fd\u591f\u7684", "\u6709\u80fd\u529b\u7684", "\u6709\u624d\u5e72\u7684", "\u5e72\u7ec3\u7684"]}], "collins": [{"posp": "PHR-MODAL", "tran": "\uff08\u56e0\u5177\u6709\u54c1\u8d28\u6216\u6280\u80fd\uff09\u80fd\u505a\u5230\u2026\u7684", "def": "If you are able to do something, you have skills or qualities which make it possible for you to do it.", "example": [{"ex": "The older child should be able to prepare a simple meal...", "tran": "\u90a3\u4e2a\u5e74\u7eaa\u7a0d\u5927\u7684\u5b69\u5b50\u5e94\u5f53\u4f1a\u505a\u4e00\u987f\u7b80\u5355\u7684\u996d\u83dc\u3002", "tts_mp3": "http://res-tts.iciba.com/tts_dj/f/8/e/f8ea7da1ff92d1f25e303345ff8cb03f.mp3", "tts_size": "15K"}, {"ex": "The company say they're able to keep pricing competitive...", "tran": "\u8be5\u516c\u53f8\u8bf4\u4ed6\u4eec\u80fd\u591f\u4f7f\u5b9a\u4ef7\u4fdd\u6301\u7ade\u4e89\u529b\u3002", "tts_mp3": "http://res-tts.iciba.com/tts_dj/1/5/9/1590852742012f11c44224e487500157.mp3", "tts_size": "16K"}]}, {"posp": "PHR-MODAL", "tran": "\uff08\u56e0\u6709\u8db3\u591f\u7684\u81ea\u7531\u3001\u6743\u529b\u3001\u65f6\u95f4\u3001\u8d22\u529b\u7b49\u800c\uff09\u53ef\u4ee5\u2026\u7684\uff0c\u80fd\u591f\u2026\u7684", "def": "If you are able to do something, you have enough freedom, power, time, or money to do it.", "example": [{"ex": "You'll be able to read in peace...", "tran": "\u4f60\u5c31\u80fd\u5b89\u5fc3\u5730\u8bfb\u4e66\u4e86\u3002", "tts_mp3": "http://res-tts.iciba.com/tts_dj/3/b/4/3b43c3507ec39a724c3a03da1b0a3308.mp3", "tts_size": "9K"}, {"ex": "Have you been able to have any kind of contact?...", "tran": "\u4f60\u8054\u7cfb\u4e0a\u4e86\u5417\uff1f", "tts_mp3": "http://res-tts.iciba.com/tts_dj/f/9/9/f99d4d42173ddb0246b0aa8fe120fe6e.mp3", "tts_size": "14K"}]}, {"posp": "ADJ-GRADED", "tran": "\u806a\u660e\u80fd\u5e72\u7684\uff1b\u80fd\u529b\u51fa\u4f17\u7684", "def": "Someone who is able is very clever or very good at doing something.", "example": [{"ex": "...one of the brightest and ablest members of the government...", "tran": "\u653f\u5e9c\u91cc\u6700\u806a\u660e\u80fd\u5e72\u7684\u6210\u5458\u4e4b\u4e00", "tts_mp3": "http://res-tts.iciba.com/tts_dj/f/b/4/fb4a6de3ef57499d69a55262c6ba7757.mp3", "tts_size": "15K"}, {"ex": "They are bright, intelligent, able and confident.", "tran": "\u4ed6\u4eec\u806a\u660e\u53c8\u667a\u6167\uff0c\u80fd\u5e72\u53c8\u81ea\u4fe1\u3002", "tts_mp3": "http://res-tts.iciba.com/tts_dj/f/b/9/fb9d126adf79f6be1ba40b9969f9b61f.mp3", "tts_size": "19K"}]}], "collins_star": "5", "frequency_count": 109389038, "frequency_rank": 727}