{"ph_en": "\u02cc\u00e6bn\u0254:\u02c8m\u00e6l\u0259ti", "ph_am": "\u02cc\u00e6bn\u0254r\u02c8m\u00e6l\u0259ti", "ph_en_mp3": "http://res.iciba.com/resource/amp3/oxford/0/7e/0f/7e0fe0b71113c299415b53f2dba47e99.mp3", "ph_am_mp3": "http://res.iciba.com/resource/amp3/1/0/64/d2/64d280f7c98f40317dbfe055f2949eb2.mp3", "parts": [{"part": "n.", "means": ["\u53cd\u5e38", "\u53d8\u6001", "\u7578\u5f62", "\u4e0d\u5408\u5e38\u89c4\u7684\u73b0\u8c61\u6216\u4e8b\u4ef6"]}], "collins": [{"posp": "N-VAR", "tran": "\uff08\u5c24\u6307\u8eab\u4f53\u6216\u884c\u4e3a\u4e0a\u8ba9\u4eba\u62c5\u5fe7\u6216\u5371\u9669\u7684\uff09\u53cd\u5e38\u60c5\u51b5\uff0c\u53d8\u6001\u7279\u5f81", "def": "An abnormality in something, especially in a person's body or behaviour, is an unusual part or feature of it that may be worrying or dangerous.", "example": [{"ex": "Further scans are required to confirm the diagnosis of an abnormality...", "tran": "\u9700\u8981\u8fdb\u4e00\u6b65\u626b\u63cf\u6765\u786e\u8bca\u662f\u5426\u51fa\u73b0\u5f02\u5e38\u75c5\u53d8\u3002", "tts_mp3": "http://res-tts.iciba.com/tts_dj/3/3/9/33935127ad819a27ae3ecd157949b4e0.mp3", "tts_size": "21K"}, {"ex": "Genetic abnormalities are more often associated with faults in paternal DNA than in maternal DNA.", "tran": "\u76f8\u5bf9\u4e8e\u6bcd\u672cDNA,\u57fa\u56e0\u7578\u53d8\u5f80\u5f80\u66f4\u591a\u5730\u4e0e\u7236\u672cDNA\u4e0a\u7684\u7f3a\u9677\u76f8\u5173\u3002", "tts_mp3": "http://res-tts.iciba.com/tts_dj/d/9/c/d9cabf0b09b2d160f3fa762745925886.mp3", "tts_size": "29K"}]}], "collins_star": "1", "frequency_count": 544301, "frequency_rank": 37623}