{"ph_en": "\u00e6b\u02c8n\u0254:ml", "ph_am": "\u00e6b\u02c8n\u0254rml", "ph_en_mp3": "http://res.iciba.com/resource/amp3/oxford/0/e1/42/e142d564aae5adeb3eab781855dc87b2.mp3", "ph_am_mp3": "http://res.iciba.com/resource/amp3/1/0/79/e3/79e3d51a81199a960a370f6e4f0ba40c.mp3", "parts": [{"part": "adj.", "means": ["\u53cd\u5e38\u7684\uff0c\u5f02\u5e38\u7684", "\u4e0d\u89c4\u5219\u7684", "\u53d8\u6001\u7684\uff0c\u7578\u5f62\u7684", "\u90aa\u95e8\u513f"]}], "collins": [{"posp": "ADJ-GRADED", "tran": "\u53cd\u5e38\u7684\uff1b\u5f02\u5e38\u7684\uff1b\u4e0d\u89c4\u5219\u7684", "def": "Someone or something that is abnormal is unusual, especially in a way that is worrying.", "example": [{"ex": "...abnormal heart rhythms and high anxiety levels.", "tran": "\u5fc3\u5f8b\u4e0d\u9f50\u548c\u9ad8\u5ea6\u7126\u8651", "tts_mp3": "http://res-tts.iciba.com/tts_dj/a/e/a/aea34b5c89669bc020b6c5eaf6b4cde9.mp3", "tts_size": "15K"}, {"ex": "...a child with an abnormal fear of strangers.", "tran": "\u8fc7\u4e8e\u8ba4\u751f\u7684\u5c0f\u5b69", "tts_mp3": "http://res-tts.iciba.com/tts_dj/d/6/f/d6fe10535453d44ade72546eeb886bf0.mp3", "tts_size": "13K"}]}], "collins_star": "1", "frequency_count": 3963331, "frequency_rank": 11656}