{"ph_en": "\u0259\u02c8b\u0254:d", "ph_am": "\u0259\u02c8b\u0254rd", "ph_en_mp3": "http://res.iciba.com/resource/amp3/0/0/43/47/4347e4d8624b1b2f84d9f8504706a6e1.mp3", "ph_am_mp3": "http://res.iciba.com/resource/amp3/1/0/43/47/4347e4d8624b1b2f84d9f8504706a6e1.mp3", "parts": [{"part": "prep.", "means": ["\u5728\uff08\u8239\u3001\u98de\u673a\u3001\u8f66\uff09\u4e0a\uff0c\u4e0a\uff08\u8239\u3001\u98de\u673a\u3001\u8f66\uff09", "\u4e0a\u8f66"]}, {"part": "adv.", "means": ["\u5728\u8239\uff08\u6216\u98de\u673a\u3001\u8f66\uff09\u4e0a\uff0c\u4e0a\u8239\uff08\u6216\u98de\u673a\u3001\u8f66\uff09", "\u9760\u8239\u8fb9", "\u5728\u8239\u4e0a", "\u5728\u706b\u8f66\u4e0a"]}], "collins": [{"posp": "PREP", "tran": "\u5728\uff08\u8239\u3001\u98de\u673a\u7b49\uff09\u4e0a", "def": "If you are aboard a ship or plane, you are on it or in it.", "example": [{"ex": "She invited 750 people aboard the luxury yacht, the Savarona...", "tran": "\u5979\u9080\u8bf7\u4e86750\u4eba\u4e58\u5750\u8c6a\u534e\u6e38\u8247\u201c\u8428\u74e6\u7f57\u7eb3\u201d\u53f7\u3002", "tts_mp3": "http://res-tts.iciba.com/tts_dj/2/3/a/23a6db182b893fb05e496b2741be972c.mp3", "tts_size": "24K"}, {"ex": "They said goodbye to him as he got aboard the train at Union Station.", "tran": "\u5f53\u4ed6\u5728\u8054\u5408\u706b\u8f66\u7ad9\u767b\u4e0a\u706b\u8f66\u4e4b\u9645\uff0c\u4ed6\u4eec\u5411\u4ed6\u9053\u522b\u3002", "tts_mp3": "http://res-tts.iciba.com/tts_dj/1/d/2/1d2156f6798ab57f691e15d12854d87d.mp3", "tts_size": "20K"}]}], "collins_star": "2", "frequency_count": 4080258, "frequency_rank": 11446}