{"ph_en": "\u02cc\u00e6b\u0259\u02c8l\u026a\u0283n", "ph_am": "\u02cc\u00e6b\u0259\u02c8l\u026a\u0283\u0259n", "ph_en_mp3": "http://res.iciba.com/resource/amp3/oxford/0/a8/bb/a8bbe36f4c2b6e9ff10317dd589b9730.mp3", "ph_am_mp3": "http://res.iciba.com/resource/amp3/1/0/5f/e1/5fe14cb07b86dad3ca764c3dbc9e55c9.mp3", "parts": [{"part": "n.", "means": ["\u5e9f\u9664", "\u5e9f\u6b62", "\uff08\u5e38\u7528A-\uff09<\u7f8e\u53f2>\u5e9f\u9664\u6b7b\u5211", "\u3008\u7f8e\u3009\u5e9f\u9664\u9ed1\u5974\u5236\u5ea6"]}], "collins": [{"posp": "N-UNCOUNT", "tran": "\uff08\u5236\u5ea6\u3001\u4e60\u4fd7\u7b49\u7684\uff09\u5e9f\u9664\uff0c\u5e9f\u6b62", "def": "The abolition of something such as a system or practice is its formal ending.", "example": [{"ex": "...the abolition of slavery in Brazil and the Caribbean.", "tran": "\u5df4\u897f\u53ca\u52a0\u52d2\u6bd4\u5730\u533a\u5974\u96b6\u5236\u7684\u5e9f\u9664", "tts_mp3": "http://res-tts.iciba.com/tts_dj/c/6/1/c612067209ba6a604902394f516b1c7b.mp3", "tts_size": "16K"}]}], "collins_star": "1", "frequency_count": 1132361, "frequency_rank": 24460}