{"ph_en": "\u0259\u02c8b\u0252l\u026a\u0283", "ph_am": "\u0259\u02c8b\u0251l\u026a\u0283", "ph_en_mp3": "http://res.iciba.com/resource/amp3/oxford/0/aa/f6/aaf624f7f627d0c77b67324afc845753.mp3", "ph_am_mp3": "http://res.iciba.com/resource/amp3/1/0/ef/78/ef78574d7169116b9b0955828c16247f.mp3", "parts": [{"part": "vt.", "means": ["\u5e9f\u9664\uff0c\u5e9f\u6b62", "\u53d6\u6d88\uff0c\u9769\u9664", "\u6d88\u706d", "\u64a4\u9500"]}], "collins": [{"posp": "VERB", "tran": "\u5e9f\u9664\uff0c\u5e9f\u6b62\uff08\u5236\u5ea6\u3001\u4e60\u4fd7\u7b49\uff09", "def": "If someone in authority abolishes a system or practice, they formally put an end to it.", "example": [{"ex": "The following year Parliament voted to abolish the death penalty for murder...", "tran": "\u8bae\u4f1a\u4e8e\u7fcc\u5e74\u8868\u51b3\u5bf9\u8c0b\u6740\u7f6a\u5e9f\u9664\u6b7b\u5211\u3002", "tts_mp3": "http://res-tts.iciba.com/tts_dj/9/a/f/9af754e50273401fa5db7d24021ca2c7.mp3", "tts_size": "19K"}, {"ex": "The whole system should be abolished.", "tran": "\u6574\u4e2a\u5236\u5ea6\u5e94\u8be5\u88ab\u5e9f\u9664\u3002", "tts_mp3": "http://res-tts.iciba.com/tts_dj/d/c/a/dcaf7b6684fa72e74c99d25051bdee16.mp3", "tts_size": "12K"}]}], "collins_star": "2", "frequency_count": 912065, "frequency_rank": 27695}