{"ph_en": "\u0259\u02c8b\u0254:t\u026av", "ph_am": "\u0259\u02c8b\u0254rt\u026av", "ph_en_mp3": "http://res.iciba.com/resource/amp3/0/0/f1/1b/f11b697963ac5c7af4a95d79e2eb3db5.mp3", "ph_am_mp3": "http://res.iciba.com/resource/amp3/1/0/f1/1b/f11b697963ac5c7af4a95d79e2eb3db5.mp3", "parts": [{"part": "adj.", "means": ["\u5931\u8d25\u7684", "\u6d41\u4ea7\u7684", "\u53d1\u80b2\u4e0d\u5168\u7684", "\u672a\u9042"]}], "collins": [{"posp": "ADJ", "tran": "\uff08\u5c1d\u8bd5\u6216\u884c\u52a8\uff09\u5931\u8d25\u7684\uff0c\u592d\u6298\u7684\uff0c\u65e0\u7ed3\u679c\u7684", "def": "An abortive attempt or action is unsuccessful.", "example": [{"ex": "...an abortive attempt to prevent the current President from taking office.", "tran": "\u4f01\u56fe\u963b\u6b62\u73b0\u4efb\u603b\u7edf\u8fde\u4efb\u7684\u5931\u8d25\u5c1d\u8bd5", "tts_mp3": "http://res-tts.iciba.com/tts_dj/2/c/3/2c3ea69893d69469acf736e75f0c3efc.mp3", "tts_size": "18K"}]}], "collins_star": "1", "frequency_count": 175796, "frequency_rank": 72180}