{"ph_en": "\u02cc\u00e6b\u0259\u02c8r\u026ad\u0292\u0259nl", "ph_am": "\u02cc\u00e6b\u0259\u02c8r\u026ad\u0292\u0259n\u0259l", "ph_en_mp3": "http://res.iciba.com/resource/amp3/oxford/0/1b/80/1b8017e3ad1b3bdd9bd487b201a8ac23.mp3", "ph_am_mp3": "http://res.iciba.com/resource/amp3/1/0/f6/71/f671e3525053f2633e61d1a8c7ab30d0.mp3", "parts": [{"part": "adj.", "means": ["\u539f\u4ea7\u7684\uff0c\u539f\u59cb\u7684", "\u571f\u8457\u4eba\u7684"]}, {"part": "n.", "means": ["\u571f\u8457\u5c45\u6c11", "\u571f\u751f\u751f\u7269", "\u6fb3\u5927\u5229\u4e9a\u571f\u8457"]}], "collins": [{"posp": "N-COUNT", "tran": "\u6fb3\u5927\u5229\u4e9a\u571f\u8457\u5c45\u6c11", "def": "An Aboriginal is an Australian Aborigine.", "example": [{"ex": "He remained fascinated by the Aboriginals' tales.", "tran": "\u4ed6\u4e00\u76f4\u5bf9\u6fb3\u5927\u5229\u4e9a\u571f\u8457\u5c45\u6c11\u7684\u4f20\u8bf4\u6781\u611f\u5174\u8da3\u3002", "tts_mp3": "http://res-tts.iciba.com/tts_dj/f/7/1/f7181a36b09015b068fa9fd415fa9adf.mp3", "tts_size": "15K"}]}, {"posp": "ADJ", "tran": "\u6fb3\u5927\u5229\u4e9a\u571f\u8457\u5c45\u6c11\u7684", "def": "Aboriginal means belonging or relating to the Australian Aborigines.", "example": [{"ex": "...Aboriginal art.", "tran": "\u6fb3\u5927\u5229\u4e9a\u571f\u8457\u827a\u672f", "tts_mp3": "http://res-tts.iciba.com/tts_dj/e/6/e/e6e0a83d12aabf0b5bf756143faaf119.mp3", "tts_size": "6K"}, {"ex": "...a protest over Aboriginal land rights.", "tran": "\u4e3a\u4e89\u53d6\u6fb3\u5927\u5229\u4e9a\u571f\u8457\u5c45\u6c11\u571f\u5730\u6743\u7684\u6297\u8bae", "tts_mp3": "http://res-tts.iciba.com/tts_dj/8/b/8/8b8a051a249013ce651b449ce697fc23.mp3", "tts_size": "13K"}]}, {"posp": "ADJ", "tran": "\u571f\u8457\u7684;\u672c\u571f\u539f\u6709\u7684", "def": "The aboriginal people or animals of a place are ones that have been there from the earliest known times or that were there before people or animals from other countries arrived.", "example": [{"ex": "Most Canadians acknowledge that the aboriginal people have had a rotten deal.", "tran": "\u5927\u591a\u6570\u52a0\u62ff\u5927\u4eba\u627f\u8ba4\u571f\u8457\u5c45\u6c11\u906d\u53d7\u4e86\u4e0d\u516c\u5e73\u7684\u5f85\u9047\u3002", "tts_mp3": "http://res-tts.iciba.com/tts_dj/e/8/d/e8d45552e4aa16f9801e5c81ad3b61bd.mp3", "tts_size": "21K"}]}], "collins_star": "1", "frequency_count": 7042822, "frequency_rank": 7983}