{"ph_en": "\u0259\u02c8b\u0254:\u0283n", "ph_am": "\u0259\u02c8b\u0254r\u0283n", "ph_en_mp3": "http://res.iciba.com/resource/amp3/0/0/48/08/4808d65f5142ac87aebfcf37a629baf9.mp3", "ph_am_mp3": "http://res.iciba.com/resource/amp3/1/0/48/08/4808d65f5142ac87aebfcf37a629baf9.mp3", "parts": [{"part": "n.", "means": ["\u6d41\u4ea7", "\u6d41\u4ea7\u7684\u80ce\u513f", "\u7578\u5f62", "\u592d\u6298"]}], "collins": [{"posp": "N-VAR", "tran": "\u4eba\u5de5\u6d41\u4ea7\uff1b\u5815\u80ce", "def": "If a woman has an abortion, she ends her pregnancy deliberately so that the baby is not born alive.", "example": [{"ex": "His girlfriend had an abortion.", "tran": "\u4ed6\u7684\u5973\u670b\u53cb\u505a\u4e86\u6d41\u4ea7\u3002", "tts_mp3": "http://res-tts.iciba.com/tts_dj/8/a/c/8ac5f388daefc8afa552067bc65f2927.mp3", "tts_size": "10K"}, {"ex": "...anti-abortion groups...", "tran": "\u53cd\u5815\u80ce\u56e2\u4f53", "tts_mp3": "http://res-tts.iciba.com/tts_dj/2/8/d/28d0bd8b9d70963290e1093b9d8823eb.mp3", "tts_size": "8K"}]}], "collins_star": "3", "frequency_count": 9397315, "frequency_rank": 6474}