{"ph_en": "\u0259\u02c8b\u0254:t", "ph_am": "\u0259\u02c8b\u0254rt", "ph_en_mp3": "http://res.iciba.com/resource/amp3/0/0/5b/b9/5bb94a1c12413a2e5d14deabab29f2aa.mp3", "ph_am_mp3": "http://res.iciba.com/resource/amp3/1/0/5b/b9/5bb94a1c12413a2e5d14deabab29f2aa.mp3", "parts": [{"part": "vt.", "means": ["\u4f7f\u6d41\u4ea7", "\u4f7f\u592d\u6298", "\u4f7f\u4e2d\u6b62"]}, {"part": "vi.", "means": ["\u6d41\u4ea7", "\u5815\u80ce", "\u53d1\u80b2\u4e0d\u5168"]}, {"part": "n.", "means": ["\u6d41\u4ea7", "\u4e2d\u6b62\u8ba1\u5212"]}], "collins": [{"posp": "VERB", "tran": "\u4f7f\u6d41\u4ea7;\u5815\uff08\u80ce\uff09", "def": "If an unborn baby is aborted, the pregnancy is ended deliberately and the baby is not born alive.", "example": [{"ex": "Her lover walked out on her after she had aborted their child.", "tran": "\u5979\u7684\u60c5\u4eba\u5728\u5979\u6253\u6389\u80ce\u513f\u540e\u7529\u4e86\u5979\u3002", "tts_mp3": "http://res-tts.iciba.com/tts_dj/5/6/a/56a438cf118c14636813d43613a3fac1.mp3", "tts_size": "16K"}, {"ex": "...the latest date at which a foetus can be aborted.", "tran": "\u80fd\u591f\u6253\u80ce\u7684\u6700\u8fdf\u65e5\u671f", "tts_mp3": "http://res-tts.iciba.com/tts_dj/0/8/9/089340dd9a67753342d9a4822c4ff5f7.mp3", "tts_size": "13K"}]}, {"posp": "VERB", "tran": "\u4e2d\u6b62\uff0c\u4e2d\u8f8d\uff08\u8ba1\u5212\u3001\u6d3b\u52a8\u7b49\uff09", "def": "If someone aborts a process, plan, or activity, they stop it before it has been completed.", "example": [{"ex": "The decision was made to abort the mission...", "tran": "\u51b3\u5b9a\u4e2d\u6b62\u8fd9\u9879\u4efb\u52a1\u3002", "tts_mp3": "http://res-tts.iciba.com/tts_dj/4/c/f/4cfa65c411f54cd1ec5ef1fb3855c128.mp3", "tts_size": "12K"}, {"ex": "The take-off was aborted...", "tran": "\u8d77\u98de\u53d6\u6d88\u4e86\u3002", "tts_mp3": "http://res-tts.iciba.com/tts_dj/9/9/d/99dc0301152e2dd5022cedd88b5ed062.mp3", "tts_size": "8K"}]}], "collins_star": "1", "frequency_count": 1569892, "frequency_rank": 20237}