{"ph_en": "\u0259\u02c8ba\u028at", "ph_am": "\u0259\u02c8ba\u028at", "ph_en_mp3": "http://res.iciba.com/resource/amp3/oxford/0/2c/bd/2cbdd5b60ecd5974ce6e2a4387eaefc2.mp3", "ph_am_mp3": "http://res.iciba.com/resource/amp3/1/0/46/b3/46b3931b9959c927df4fc65fdee94b07.mp3", "parts": [{"part": "prep.", "means": ["\u5173\u4e8e", "\u5927\u7ea6", "\u5728\u2026\u5468\u56f4"]}, {"part": "adv.", "means": ["\u5927\u7ea6", "\u5728\u9644\u8fd1", "\u5728\u56db\u5468", "\u51e0\u4e4e"]}, {"part": "adj.", "means": ["\u5728\u9644\u8fd1\u7684", "\u56db\u5904\u8d70\u52a8\u7684", "\u5728\u8d77\u4f5c\u7528\u7684", "\u5728\u6d41\u884c\u4e2d\u7684"]}], "collins": [{"posp": "PREP", "tran": "\u5173\u4e8e;\u5bf9\u4e8e;\u6d89\u53ca;\u5728\u2026\u65b9\u9762", "def": "You use about to introduce who or what something relates to or concerns.", "example": [{"ex": "She came in for a coffee, and told me about her friend Shona...", "tran": "\u5979\u8fdb\u6765\u559d\u4e86\u676f\u5496\u5561\uff0c\u5e76\u5411\u6211\u8c08\u8d77\u4e86\u5979\u7684\u670b\u53cb\u8096\u7eb3\u3002", "tts_mp3": "http://res-tts.iciba.com/tts_dj/c/6/2/c62d9fff36d49c69cb594758d5b51ff9.mp3", "tts_size": "18K"}, {"ex": "She knew a lot about food...", "tran": "\u5979\u5bf9\u98df\u7269\u5f88\u5728\u884c\u3002", "tts_mp3": "http://res-tts.iciba.com/tts_dj/4/2/b/42bbca157efa8ec3d7eb6576da5d7a41.mp3", "tts_size": "8K"}]}, {"posp": "PREP", "tran": "\u5305\u542b;\u76ee\u7684\u662f;\u4e3a\u4e86", "def": "When you mention the things that an activity or institution is about, you are saying what it involves or what its aims are.", "example": [{"ex": "Leadership is about the ability to implement change.", "tran": "\u9886\u5bfc\u624d\u80fd\u5c31\u662f\u8981\u6709\u5b9e\u65bd\u53d8\u9769\u7684\u80fd\u529b\u3002", "tts_mp3": "http://res-tts.iciba.com/tts_dj/d/2/7/d276a23bb3c99bc943d536dbbc9121cd.mp3", "tts_size": "15K"}]}, {"posp": "PREP", "tran": "\u5bf9\u2026\u8868\u793a\uff08\u60c5\u7eea\u6216\u5fc3\u6001\uff09", "def": "You use about after some adjectives to indicate the person or thing that a feeling or state of mind relates to.", "example": [{"ex": "'I'm sorry about Patrick,' she said...", "tran": "\u201c\u6211\u4e3a\u5e15\u7279\u91cc\u514b\u611f\u5230\u96be\u8fc7\uff0c\u201d\u5979\u8bf4\u3002", "tts_mp3": "http://res-tts.iciba.com/tts_dj/3/f/b/3fbfb6a458d06ce6a90b3e751c02dc25.mp3", "tts_size": "13K"}, {"ex": "I feel so guilty and angry about the whole issue.", "tran": "\u6211\u5bf9\u6574\u4ef6\u4e8b\u6df1\u611f\u5185\u759a\u548c\u6c14\u6124\u3002", "tts_mp3": "http://res-tts.iciba.com/tts_dj/2/c/7/2c7c04e5cb0eaffb97b6d1e202d19d63.mp3", "tts_size": "16K"}]}, {"posp": "PREP", "tran": "\u9488\u5bf9\uff08\u95ee\u9898\uff09", "def": "If you do something about a problem, you take action in order to solve it.", "example": [{"ex": "Rachel was going to do something about Jacob...", "tran": "\u857e\u5207\u5c14\u5c06\u5bf9\u96c5\u5404\u5e03\u6709\u6240\u884c\u52a8\u3002", "tts_mp3": "http://res-tts.iciba.com/tts_dj/d/8/c/d8c8892d4413c54bcab46111b28ac676.mp3", "tts_size": "14K"}, {"ex": "He said he'd ask Nina for a divorce, but he never did anything about it.", "tran": "\u4ed6\u8bf4\u4f1a\u8ddf\u5c3c\u5a1c\u63d0\u51fa\u79bb\u5a5a\uff0c\u53ef\u662f\u4ed6\u5374\u4ece\u672a\u4ed8\u8bf8\u5b9e\u9645\u3002", "tts_mp3": "http://res-tts.iciba.com/tts_dj/a/7/1/a711c956777b655c0424af1e18e54b08.mp3", "tts_size": "23K"}]}, {"posp": "PREP", "tran": "\uff08\u67d0\u4eba\u6216\u67d0\u4e8b\u7269\uff09\u5177\u6709\uff08\u67d0\u79cd\u7279\u6027\uff09", "def": "When you say that there is a particular quality about someone or something, you mean that they have this quality.", "example": [{"ex": "There was a warmth and passion about him I never knew existed...", "tran": "\u4ed6\u8eab\u4e0a\u6709\u4e00\u80a1\u6211\u4ece\u4e0d\u77e5\u9053\u7684\u70ed\u60c5\u548c\u6fc0\u60c5\u3002", "tts_mp3": "http://res-tts.iciba.com/tts_dj/c/9/2/c9278e89f95ce2ba69416784785b7ad2.mp3", "tts_size": "17K"}, {"ex": "I think there's something a little peculiar about the results of your test.", "tran": "\u6211\u8ba4\u4e3a\u4f60\u7684\u5316\u9a8c\u7ed3\u679c\u6709\u70b9\u4e0d\u5bf9\u52b2\u3002", "tts_mp3": "http://res-tts.iciba.com/tts_dj/4/2/3/4237ba292fcd0f68a8d8075981e3f787.mp3", "tts_size": "19K"}]}, {"posp": "ADV", "tran": "\u5927\u7ea6;\u5de6\u53f3", "def": "About is used in front of a number to show that the number is not exact.", "example": [{"ex": "In my local health centre there's about forty parking spaces...", "tran": "\u6211\u4eec\u672c\u5730\u7684\u4fdd\u5065\u4e2d\u5fc3\u7ea6\u670940\u4e2a\u505c\u8f66\u4f4d\u3002", "tts_mp3": "http://res-tts.iciba.com/tts_dj/e/1/2/e121e5a8347ce54baae9e4512e5799d2.mp3", "tts_size": "18K"}, {"ex": "The rate of inflation is running at about 2.7 percent.", "tran": "\u901a\u8d27\u81a8\u80c0\u7387\u5927\u7ea6\u4e3a2.7%\u3002", "tts_mp3": "http://res-tts.iciba.com/tts_dj/e/3/f/e3ffc85fd57eea63b942d2f5eaa42c99.mp3", "tts_size": "19K"}]}, {"posp": "ADV", "tran": "\u56db\u4e0b\uff1b\u5230\u5904", "def": "If someone or something moves about, they keep moving in different directions.", "example": [{"ex": "Everyone was running about.", "tran": "\u5927\u5bb6\u90fd\u5728\u8dd1\u6765\u8dd1\u53bb\u3002", "tts_mp3": "http://res-tts.iciba.com/tts_dj/3/5/4/3545d8173278998a97def6056c747661.mp3", "tts_size": "8K"}]}, {"posp": "PREP", "tran": "\u56f4\u7ed5\uff1b\u73af\u7ed5", "def": "If you put something about a person or thing, you put it around them.", "example": [{"ex": "Helen threw her arms about him...", "tran": "\u6d77\u4f26\u5f20\u5f00\u53cc\u81c2\u62e5\u62b1\u4ed6\u3002", "tts_mp3": "http://res-tts.iciba.com/tts_dj/1/0/3/103841bcbe5ae1632183b9dad4074b9e.mp3", "tts_size": "9K"}, {"ex": "She was elegantly dressed with a double strand of pearls about her neck.", "tran": "\u5979\u7740\u88c5\u5178\u96c5\uff0c\u642d\u914d\u7740\u4e00\u6761\u53cc\u5c42\u73cd\u73e0\u9879\u94fe\u3002", "tts_mp3": "http://res-tts.iciba.com/tts_dj/d/1/b/d1b5c5ab1f7bd513609d54ca2fc9de37.mp3", "tts_size": "18K"}]}, {"posp": "ADJ", "tran": "\u5728\u624b\u5934\u7684;\u73b0\u6210\u7684;\u80fd\u5f97\u5230\u7684", "def": "If someone or something is about, they are present or available.", "example": [{"ex": "There's lots of money about these days for schemes like this.", "tran": "\u8fd1\u6765\u8fd9\u7c7b\u8ba1\u5212\u8d44\u91d1\u5145\u8db3\u3002", "tts_mp3": "http://res-tts.iciba.com/tts_dj/e/3/8/e3899a211701e8869e6943865d9d3041.mp3", "tts_size": "17K"}]}, {"posp": "ADJ", "tran": "\u5373\u5c06\uff08\u505a\u2026\uff09\u7684\uff1b\u5feb\u8981\uff08\u53d1\u751f\u2026\uff09\u7684", "def": "If you are about to do something, you are going to do it very soon. If something is about to happen, it will happen very soon.", "example": [{"ex": "I think he's about to leave...", "tran": "\u6211\u770b\u4ed6\u8981\u8d70\u4e86\u3002", "tts_mp3": "http://res-tts.iciba.com/tts_dj/8/9/e/89e8fe0b24ea189d3c4aef3e2de64726.mp3", "tts_size": "9K"}, {"ex": "Argentina has lifted all restrictions on trade and visas are about to be abolished...", "tran": "\u963f\u6839\u5ef7\u5df2\u7ecf\u53d6\u6d88\u6240\u6709\u8d38\u6613\u9650\u5236\uff0c\u7b7e\u8bc1\u5236\u4e5f\u5c06\u5e9f\u6b62\u3002", "tts_mp3": "http://res-tts.iciba.com/tts_dj/7/5/9/759b9c7c12707da67ed199489a281258.mp3", "tts_size": "25K"}]}, {"posp": "PHRASE", "tran": "\uff08\u5c24\u6307\u4e00\u6bb5\u65f6\u95f4\u65e0\u6cd5\u81ea\u7531\u884c\u52a8\u540e\uff09\u56db\u5904\u8d70\u52a8\uff0c\u5916\u51fa\u6d3b\u52a8", "def": "If someone is out and about, they are going out and doing things, especially after they have been unable to for a while.", "example": [{"ex": "Despite considerable pain she has been getting out and about almost as normal...", "tran": "\u5c3d\u7ba1\u8fd8\u5f88\u75db\uff0c\u5979\u5df2\u7ecf\u57fa\u672c\u4e0a\u884c\u52a8\u5982\u5e38\u3002", "tts_mp3": "http://res-tts.iciba.com/tts_dj/d/a/3/da39c21f0dd138fae5323ec59aec7536.mp3", "tts_size": "22K"}, {"ex": "The regulations were relaxed and the prisoners could get out and about a bit.", "tran": "\u89c4\u5b9a\u6709\u6240\u653e\u5bbd\uff0c\u72af\u4eba\u53ef\u4ee5\u51fa\u53bb\u77ed\u6682\u653e\u98ce\u3002", "tts_mp3": "http://res-tts.iciba.com/tts_dj/6/0/6/60623168ab98919d545861891e5f898e.mp3", "tts_size": "20K"}]}, {"posp": "PHRASE", "tran": "\uff08\u5e38\u56e0\u5de5\u4f5c\uff09\u5954\u6ce2", "def": "If someone is out and about, they are going to a lot of different places, often as part of their job.", "example": [{"ex": "They often saw me out and about.", "tran": "\u4ed6\u4eec\u7ecf\u5e38\u770b\u89c1\u6211\u56db\u5904\u5954\u6ce2\u3002", "tts_mp3": "http://res-tts.iciba.com/tts_dj/f/7/8/f7869cab4b50bf33ff28d67a4b25a203.mp3", "tts_size": "10K"}]}], "collins_star": "5", "frequency_count": 1226734006, "frequency_rank": 36}