{"ph_en": "\u0259\u02c8ba\u028and", "ph_am": "\u0259\u02c8ba\u028and", "ph_en_mp3": "http://res.iciba.com/resource/amp3/oxford/0/2f/8a/2f8a2b3be3732320a65e140c80d86795.mp3", "ph_am_mp3": "http://res.iciba.com/resource/amp3/1/0/6f/82/6f82b7849f362c4ff753d3b69f6e2544.mp3", "parts": [{"part": "vi.", "means": ["\u4e30\u5bcc\uff0c\u76db\u4ea7", "\u975e\u5e38\u591a\uff0c\u5927\u91cf\u5b58\u5728", "\u5145\u6ee1"]}], "collins": [{"posp": "VERB", "tran": "\u5927\u91cf\u5b58\u5728;\u76db\u4ea7;\u5145\u8db3", "def": "If things abound, or if a place abounds with things, there are very large numbers of them.", "example": [{"ex": "Stories abound about when he was in charge...", "tran": "\u5173\u4e8e\u4ed6\u5728\u4efb\u65f6\u7684\u4f20\u95fb\u591a\u4e0d\u80dc\u6570\u3002", "tts_mp3": "http://res-tts.iciba.com/tts_dj/f/f/4/ff4afdb68555b86de6c46cff22bb4b8c.mp3", "tts_size": "12K"}, {"ex": "Venice abounds in famous hotels...", "tran": "\u5a01\u5c3c\u65af\u6709\u8bb8\u591a\u77e5\u540d\u7684\u9152\u5e97\u3002", "tts_mp3": "http://res-tts.iciba.com/tts_dj/c/3/f/c3f1a3589e1f777d08e13d39cdcfcac4.mp3", "tts_size": "12K"}]}], "collins_star": "1", "frequency_count": 1494791, "frequency_rank": 20804}