{"ph_en": "\u0259\u02c8b\u028cv", "ph_am": "\u0259\u02c8b\u028cv", "ph_en_mp3": "http://res.iciba.com/resource/amp3/oxford/0/88/ed/88eda8ffd9eb1b02d90dc3110945dcf3.mp3", "ph_am_mp3": "http://res.iciba.com/resource/amp3/1/0/55/a9/55a9d6aa251e3c334db4ab4055a4a004.mp3", "parts": [{"part": "prep.", "means": ["\uff08\u8868\u793a\u7a0b\u5ea6\uff09\u8d85\u8fc7", "\uff08\u8868\u793a\u7b49\u7ea7\uff09\u5728\u2026\u4e4b\u4e0a", "\uff08\u8868\u793a\u4f4d\u7f6e\uff09\u5728\u2026\u6b63\u4e0a\u65b9", "\uff08\u8868\u793a\u6bd4\u8f83\uff09\u4f18\u4e8e"]}, {"part": "adv.", "means": ["\u5728\u4e0a\u9762", "\u4ee5\u4e0a", "\u4e0a\u8ff0"]}, {"part": "n.", "means": ["\u4e0a\u8ff0"]}, {"part": "adj.", "means": ["\u4e0a\u8ff0\u7684"]}], "collins": [{"posp": "PREP", "tran": "\u5728\u2026\u4e0a\u65b9;\u9ad8\u4e8e", "def": "If one thing is above another one, it is directly over it or higher than it.", "example": [{"ex": "He lifted his hands above his head...", "tran": "\u4ed6\u5c06\u53cc\u624b\u4e3e\u8fc7\u5934\u9876\u3002", "tts_mp3": "http://res-tts.iciba.com/tts_dj/9/1/4/914b45c05938331a5d7cb262d0b262d8.mp3", "tts_size": "10K"}, {"ex": "Apartment 46 was a quiet apartment, unlike the one above it...", "tran": "\u548c\u5b83\u697c\u4e0a\u7684\u90a3\u95f4\u4e0d\u540c\uff0c46\u53f7\u516c\u5bd3\u5f88\u5b89\u9759\u3002", "tts_mp3": "http://res-tts.iciba.com/tts_dj/b/5/5/b55ec9d19cdde71c38b5440bc160f372.mp3", "tts_size": "21K"}]}, {"posp": "ADV", "tran": "\u4e0a\u8ff0;\u5728\u4e0a\u6587", "def": "In writing, you use above to refer to something that has already been mentioned or discussed.", "example": [{"ex": "Several conclusions could be drawn from the results described above...", "tran": "\u4ece\u4e0a\u6587\u63cf\u8ff0\u7684\u7ed3\u679c\u4e2d\u53ef\u4ee5\u5f97\u51fa\u51e0\u4e2a\u7ed3\u8bba\u3002", "tts_mp3": "http://res-tts.iciba.com/tts_dj/7/9/2/7925eeb350787755e04671d477b34aa0.mp3", "tts_size": "21K"}, {"ex": "Full details are in the table above.", "tran": "\u8be6\u7ec6\u4fe1\u606f\u8bf7\u89c1\u4e0a\u6587\u8868\u683c\u3002", "tts_mp3": "http://res-tts.iciba.com/tts_dj/e/8/c/e8c812582751326d4bc34264cdf50051.mp3", "tts_size": "12K"}]}, {"posp": "PREP", "tran": "\uff08\u6570\u91cf\u6216\u5ea6\u91cf\uff09\u5728\u2026\u4ee5\u4e0a\uff0c\u8d85\u8fc7", "def": "If an amount or measurement is above a particular level, it is greater than that level.", "example": [{"ex": "The temperature crept up to just above 40 degrees...", "tran": "\u6e29\u5ea6\u6500\u5347\u81f340\u5ea6\u51fa\u5934\u3002", "tts_mp3": "http://res-tts.iciba.com/tts_dj/2/2/7/2279b98ecc98217bea415bb9ae44a4da.mp3", "tts_size": "15K"}, {"ex": "Victoria Falls has had above average levels of rainfall this year...", "tran": "\u7ef4\u591a\u5229\u4e9a\u7011\u5e03\u4eca\u5e74\u7684\u964d\u96e8\u91cf\u8d85\u8fc7\u4e86\u5e73\u5747\u6c34\u5e73\u3002", "tts_mp3": "http://res-tts.iciba.com/tts_dj/b/6/2/b62d41a65f633acff8356cbf5335e099.mp3", "tts_size": "20K"}]}, {"posp": "PREP", "tran": "\uff08\u58f0\u97f3\uff09\u6bd4\u2026\u66f4\u54cd\u4eae\uff0c\u76d6\u8fc7", "def": "If you hear one sound above another, it is louder or clearer than the second one.", "example": [{"ex": "...trying to talk above the noise...", "tran": "\u52aa\u529b\u4f7f\u8bf4\u8bdd\u58f0\u9ad8\u8fc7\u566a\u97f3", "tts_mp3": "http://res-tts.iciba.com/tts_dj/9/c/2/9c210bef048cc034024de0b747e10a7b.mp3", "tts_size": "9K"}, {"ex": "Then there was a woman's voice, rising shrilly above the barking.", "tran": "\u63a5\u7740\uff0c\u4e00\u4e2a\u5973\u4eba\u7684\u5c16\u5389\u58f0\u97f3\u76d6\u8fc7\u4e86\u72ac\u5420\u58f0\u3002", "tts_mp3": "http://res-tts.iciba.com/tts_dj/c/4/f/c4f0ef56e5ef11841a371559b5ef5d54.mp3", "tts_size": "19K"}]}, {"posp": "PREP", "tran": "\uff08\u793e\u4f1a\u5730\u4f4d\u6216\u6743\u5a01\uff09\u9ad8\u4e8e", "def": "If someone is above you, they are in a higher social position than you or in a position of authority over you.", "example": [{"ex": "I know you're above me socially, but I must say I find your attitude offensive...", "tran": "\u6211\u660e\u767d\u4f60\u7684\u793e\u4f1a\u5730\u4f4d\u6bd4\u6211\u9ad8\uff0c\u4f46\u6211\u5f97\u8bf4\u6211\u89c9\u5f97\u4f60\u7684\u6001\u5ea6\u5f88\u7c97\u9c81\u3002", "tts_mp3": "http://res-tts.iciba.com/tts_dj/d/b/b/dbb2e55d25635386e8e927e7a9e86cdb.mp3", "tts_size": "24K"}, {"ex": "I married above myself \u2014 rich county people...", "tran": "\u6211\u9ad8\u6500\u4e86\u4e00\u95e8\u4eb2\u4e8b\uff0c\u662f\u53bf\u91cc\u7684\u5bcc\u6709\u4eba\u5bb6\u3002", "tts_mp3": "http://res-tts.iciba.com/tts_dj/2/5/b/25b0d01164160b5b337066906a9c6094.mp3", "tts_size": "15K"}]}, {"posp": "PHRASE", "tran": "\u81ea\u89c6\u8fc7\u9ad8\uff1b\u5984\u81ea\u5c0a\u5927", "def": "If you say that someone is getting above themself, you disapprove of them because they think they are better than everyone else.", "example": [{"ex": "I just think you're getting a little bit above yourself.", "tran": "\u6211\u53ea\u662f\u89c9\u5f97\u4f60\u53d8\u5f97\u6709\u70b9\u81ea\u89c6\u8fc7\u9ad8\u3002", "tts_mp3": "http://res-tts.iciba.com/tts_dj/f/c/0/fc02ebb9c442c2bb5362d563b72ecefe.mp3", "tts_size": "13K"}]}, {"posp": "PREP", "tran": "\uff08\u56e0\u81ea\u89c6\u751a\u9ad8\uff09\u4e0d\u5c51\u4e8e", "def": "If you say that someone thinks they are above something, you mean that they act as if they are too good or important for it.", "example": [{"ex": "This was clearly a failure by someone who thought he was above failure...", "tran": "\u8fd9\u663e\u7136\u662f\u8ba4\u4e3a\u81ea\u5df1\u6839\u672c\u4e0d\u4f1a\u5931\u8d25\u7684\u4eba\u6240\u906d\u9047\u7684\u4e00\u6b21\u5931\u8d25\u3002", "tts_mp3": "http://res-tts.iciba.com/tts_dj/0/6/6/066a2e59df9e673f24748cfbf5b9596f.mp3", "tts_size": "19K"}, {"ex": "I'm not above doing my own cleaning.", "tran": "\u6211\u5f88\u4e50\u610f\u81ea\u5df1\u505a\u626b\u9664\u3002", "tts_mp3": "http://res-tts.iciba.com/tts_dj/b/e/9/be9ee8ea2dd68ea787b86899b9e9d08a.mp3", "tts_size": "11K"}]}, {"posp": "PREP", "tran": "\u4e0d\u4f1a\u53d7\u5230\uff08\u6279\u8bc4\u6216\u6000\u7591\uff09\uff1b\u8d85\u4e4e\u2026\u4e4b\u6240\u53ca", "def": "If someone is above criticism or suspicion, they cannot be criticized or suspected because of their good qualities or their position.", "example": [{"ex": "The Queen remains above criticism, apart from the issue of her tax liability...", "tran": "\u629b\u5f00\u5979\u7684\u7eb3\u7a0e\u4e49\u52a1\u4e0d\u8c08\uff0c\u5973\u738b\u4e00\u76f4\u65e0\u53ef\u6307\u6458\u3002", "tts_mp3": "http://res-tts.iciba.com/tts_dj/c/0/8/c08756256c3c73b535b5969f83ffdd0e.mp3", "tts_size": "25K"}, {"ex": "He was a respected academic and above suspicion.", "tran": "\u4ed6\u662f\u4f4d\u53d7\u4eba\u5c0a\u656c\u7684\u5b66\u8005\uff0c\u6839\u672c\u6ca1\u6709\u5acc\u7591\u3002", "tts_mp3": "http://res-tts.iciba.com/tts_dj/5/6/8/5683fa31dca116b2b0cda7932d35bcc9.mp3", "tts_size": "15K"}]}, {"posp": "PREP", "tran": "\u6bd4\u2026\u66f4\u91cd\u8981\uff1b\u80dc\u8fc7\uff1b\u4f18\u4e8e", "def": "If you value one person or thing above any other, you value them more or consider that they are more important.", "example": [{"ex": "...his tendency to put the team above everything...", "tran": "\u4ed6\u628a\u8fd9\u4e2a\u56e2\u961f\u770b\u5f97\u6bd4\u4ec0\u4e48\u90fd\u91cd\u8981\u7684\u503e\u5411", "tts_mp3": "http://res-tts.iciba.com/tts_dj/8/c/2/8c2d34a39147ef9505bf15a196550286.mp3", "tts_size": "14K"}, {"ex": "I want to be honest, honest above everything else.", "tran": "\u6211\u60f3\u8981\u505a\u5230\u8bda\u5b9e\uff0c\u4e00\u5207\u4ee5\u8bda\u5b9e\u4e3a\u4e0a\u3002", "tts_mp3": "http://res-tts.iciba.com/tts_dj/e/c/6/ec6d3d7eb10ec16a2b6fdd798954aaea.mp3", "tts_size": "16K"}]}], "collins_star": "4", "frequency_count": 141894620, "frequency_rank": 547}