{"ph_en": "\u0259\u02c8bre\u026as\u026av", "ph_am": "\u0259\u02c8bres\u026av", "ph_en_mp3": "http://res.iciba.com/resource/amp3/oxford/0/e5/ee/e5ee842a3152c204b31f18a68e5d9da2.mp3", "ph_am_mp3": "http://res.iciba.com/resource/amp3/1/0/98/dd/98dd2a77f081989a185cb652662eea41.mp3", "parts": [{"part": "adj.", "means": ["\u6709\u78e8\u8680\u4f5c\u7528\u7684", "\u6469\u64e6\u7684", "\u7c97\u7cd9\u7684", "\u4f7f\u4eba\u538c\u70e6\u7684\uff0c\u4f24\u4eba\u611f\u60c5\u7684"]}, {"part": "n.", "means": ["\u7814\u78e8\u6599", "\u7422\u6599", "\u91d1\u521a\u7802"]}], "collins": [{"posp": "ADJ-GRADED", "tran": "\uff08\u6001\u5ea6\uff09\u7c97\u9c81\u7684,\u4e0d\u53cb\u5584\u7684", "def": "Someone who has an abrasive manner is unkind and rude.", "example": [{"ex": "His abrasive manner has won him an unenviable notoriety...", "tran": "\u4ed6\u751f\u786c\u7c97\u66b4\u7684\u6001\u5ea6\u8ba9\u4ed6\u58f0\u540d\u72fc\u85c9\u3002", "tts_mp3": "http://res-tts.iciba.com/tts_dj/3/0/a/30accdc3e1f5208050418a527aa32d09.mp3", "tts_size": "17K"}, {"ex": "Pamela was unrepentant about her strong language and abrasive remarks.", "tran": "\u5bf9\u4e8e\u81ea\u5df1\u7684\u6fc0\u70c8\u8a00\u8f9e\u548c\u6076\u8bed\u76f8\u5411\uff0c\u5e15\u6885\u62c9\u5e76\u65e0\u6094\u610f\u3002", "tts_mp3": "http://res-tts.iciba.com/tts_dj/d/c/1/dc1e0b5e3348ac59db6f628bcbb8db80.mp3", "tts_size": "21K"}]}, {"posp": "ADJ-GRADED", "tran": "\u7c97\u7cd9\u53ef\u7528\u4e8e\u64e6\u6d17\u7684;\u6709\u7814\u78e8\u4f5c\u7528\u7684", "def": "An abrasive substance is rough and can be used to clean hard surfaces.", "example": [{"ex": "...a new all-purpose, non-abrasive cleaner.", "tran": "\u591a\u7528\u9014\u7684\u975e\u78e8\u7802\u6027\u65b0\u578b\u6e05\u6d01\u5242", "tts_mp3": "http://res-tts.iciba.com/tts_dj/8/f/6/8f6acda80d087420c587fdbf9c0e0fe3.mp3", "tts_size": "15K"}]}, {"posp": "N-MASS", "tran": "\u78e8\u6599;\u78e8\u8680\u5242", "def": "An abrasive is a substance that is rough and can be used to clean hard surfaces.", "example": [{"ex": "Avoid abrasives, which can damage the tiles.", "tran": "\u907f\u514d\u4f7f\u7528\u78e8\u8680\u5242\uff0c\u4ee5\u514d\u635f\u574f\u74f7\u7816\u3002", "tts_mp3": "http://res-tts.iciba.com/tts_dj/7/c/0/7c0b0cf8d7b831f90f1554cf48d52d0e.mp3", "tts_size": "15K"}]}], "collins_star": "1", "frequency_count": 1246390, "frequency_rank": 23129}