{"ph_en": "\u0259\u02c8brest", "ph_am": "\u0259\u02c8br\u025bst", "ph_en_mp3": "http://res.iciba.com/resource/amp3/oxford/0/64/7f/647f22ce6e2dc672424a5da1200a6d54.mp3", "ph_am_mp3": "http://res.iciba.com/resource/amp3/1/0/eb/b6/ebb6a1674c55d43d62b9fcbdbc2ec0e4.mp3", "parts": [{"part": "adv.", "means": ["\u5e76\u5217\uff0c\u5e76\u80a9\u5730", "\u5e76\u6392", "\u4e0d\u843d\u540e\u4e8e"]}, {"part": "adj.", "means": ["\u5e76\u6392\u7684", "\u5e76\u80a9\u7684"]}], "collins": [{"posp": "ADV", "tran": "\u5e76\u6392\uff0c\u5e76\u80a9\uff08\u884c\u8fdb\uff09", "def": "If people or things walk or move abreast, they are next to each other, side by side, and facing in the same direction.", "example": [{"ex": "The steep pavement was too narrow for them to walk abreast.", "tran": "\u9661\u5761\u592a\u7a84\uff0c\u4ed6\u4eec\u6ca1\u6cd5\u5e76\u6392\u8d70\u3002", "tts_mp3": "http://res-tts.iciba.com/tts_dj/6/b/2/6b2ca736e25ae1369e0bd45679146040.mp3", "tts_size": "17K"}, {"ex": "...a group of youths riding their motorbikes four abreast.", "tran": "\u9a7e\u7740\u6469\u6258\u8f66\uff0c\u56db\u4e2a\u4e00\u6392\u9f50\u5934\u5e76\u8fdb\u7684\u4e00\u7fa4\u5e74\u8f7b\u4eba", "tts_mp3": "http://res-tts.iciba.com/tts_dj/c/d/2/cd24104efd5936d54c529f2bb65a2041.mp3", "tts_size": "15K"}]}, {"posp": "PREP-PHRASE", "tran": "\u4e0e\u2026\u5e76\u5217\uff1b\u4e0e\u2026\u5e76\u6392", "def": "If you are abreast of someone or something, you are level with them or in line with them.", "example": [{"ex": "As he drew abreast of the man he pretended to stumble.", "tran": "\u5f53\u4ed6\u8d76\u4e0a\u90a3\u4e2a\u7537\u4eba\u65f6\uff0c\u4ed6\u88c5\u51fa\u4e86\u8981\u8dcc\u5012\u7684\u6837\u5b50\u3002", "tts_mp3": "http://res-tts.iciba.com/tts_dj/1/1/7/1175c3f750a7594720a37d5717894554.mp3", "tts_size": "15K"}]}, {"posp": "PREP-PHRASE", "tran": "\u4e86\u89e3\uff0c\u8ddf\u4e0a\uff08\u6700\u65b0\u60c5\u51b5\uff09", "def": "If you keep abreast of a subject, you know all the most recent facts about it.", "example": [{"ex": "He will be keeping abreast of the news...", "tran": "\u4ed6\u5c06\u65f6\u523b\u5173\u6ce8\u6700\u65b0\u6d88\u606f\u3002", "tts_mp3": "http://res-tts.iciba.com/tts_dj/4/0/a/40ab431f0b623ebc94161df11fe730f4.mp3", "tts_size": "10K"}, {"ex": "We'll keep you abreast of developments.", "tran": "\u6211\u4eec\u4f1a\u968f\u65f6\u544a\u77e5\u4f60\u6700\u65b0\u8fdb\u5c55\u3002", "tts_mp3": "http://res-tts.iciba.com/tts_dj/e/7/8/e7802a966d6f2346fe0148c975580040.mp3", "tts_size": "11K"}]}], "collins_star": "1", "frequency_count": 755392, "frequency_rank": 30978}