{"ph_en": "\u0259\u02c8br\u0254:d", "ph_am": "\u0259\u02c8br\u0254d", "ph_en_mp3": "http://res.iciba.com/resource/amp3/oxford/0/7a/41/7a414ce79267485cc4d356246d26b225.mp3", "ph_am_mp3": "http://res.iciba.com/resource/amp3/1/0/6e/7f/6e7f0fc6c372403f6003b6513c1e7c6d.mp3", "parts": [{"part": "adv.", "means": ["\u5230\u56fd\u5916\uff0c\u5728\u6d77\u5916", "\u5e7f\u4e3a\u6d41\u4f20\u5730"]}, {"part": "adj.", "means": ["\u5f80\u56fd\u5916\u7684"]}, {"part": "n.", "means": ["\u6d77\u5916\uff0c\u5f02\u56fd"]}], "collins": [{"posp": "ADV", "tran": "\u5230\u56fd\u5916\uff1b\u5728\u56fd\u5916", "def": "If you go abroad, you go to a foreign country, usually one which is separated from the country where you live by an ocean or a sea.", "example": [{"ex": "I would love to go abroad this year, perhaps to the South of France.", "tran": "\u6211\u4eca\u5e74\u5f88\u60f3\u51fa\u56fd\uff0c\u53ef\u80fd\u662f\u53bb\u6cd5\u56fd\u5357\u90e8\u3002", "tts_mp3": "http://res-tts.iciba.com/tts_dj/f/d/8/fd88ccb881bb2709f3e85225544a5d63.mp3", "tts_size": "20K"}, {"ex": "...public opposition here and abroad...", "tran": "\u56fd\u5185\u5916\u516c\u4f17\u7684\u53cd\u5bf9", "tts_mp3": "http://res-tts.iciba.com/tts_dj/7/f/3/7f3542c1d0e8b02776fcea6003baa55e.mp3", "tts_size": "10K"}]}, {"posp": "ADV", "tran": "\u5728\u56db\u4e0b\u6d41\u4f20;\u5e7f\u4e3a\u6d41\u4f20\u5730", "def": "If there is a story or feeling abroad, people generally know about it or feel it.", "example": [{"ex": "There'll still be a feeling abroad that this change has to be recognised.", "tran": "\u4eba\u4eec\u8fd8\u4f1a\u666e\u904d\u89c9\u5f97\u8fd9\u9879\u53d8\u9769\u65e9\u665a\u5f97\u63a5\u53d7\u3002", "tts_mp3": "http://res-tts.iciba.com/tts_dj/3/1/9/3199be0983960caad094d4b986b33dca.mp3", "tts_size": "20K"}]}], "collins_star": "3", "frequency_count": 14837382, "frequency_rank": 4605}