{"ph_en": "\u0259\u02c8br\u028cpt", "ph_am": "\u0259\u02c8br\u028cpt", "ph_en_mp3": "http://res.iciba.com/resource/amp3/oxford/0/d9/a8/d9a85767b670f3bb01398d33a5dd71f3.mp3", "ph_am_mp3": "http://res.iciba.com/resource/amp3/1/0/3a/c0/3ac007024ea42490a2ba07312810e135.mp3", "parts": [{"part": "adj.", "means": ["\u7a81\u7136\u7684\uff0c\u610f\u5916\u7684", "\u65e0\u7406\u7684\uff0c\u5510\u7a81\u7684", "\u4e0d\u8fde\u8d2f\u7684", "\u9661\u5ced\u7684"]}], "collins": [{"posp": "ADJ-GRADED", "tran": "\u7a81\u7136\u7684\uff0c\u610f\u5916\u7684\uff08\u5e38\u6307\u4ee4\u4eba\u4e0d\u5feb\u7684\u6539\u53d8\u6216\u884c\u4e3a\uff09", "def": "An abrupt change or action is very sudden, often in a way which is unpleasant.", "example": [{"ex": "Rosie's idyllic world came to an abrupt end when her parents' marriage broke up...", "tran": "\u7236\u6bcd\u5a5a\u59fb\u7684\u7834\u88c2\u4f7f\u5f97\u7f57\u831c\u7530\u56ed\u8bd7\u822c\u7f8e\u597d\u7684\u4e16\u754c\u9661\u7136\u753b\u4e0a\u4e86\u53e5\u53f7\u3002", "tts_mp3": "http://res-tts.iciba.com/tts_dj/8/9/8/898e7cc7f053f19c368bb4e1c43f1483.mp3", "tts_size": "22K"}, {"ex": "The recession brought an abrupt halt to this happiness...", "tran": "\u7ecf\u6d4e\u8870\u9000\u8ba9\u8fd9\u5e78\u798f\u621b\u7136\u800c\u6b62\u3002", "tts_mp3": "http://res-tts.iciba.com/tts_dj/a/e/0/ae047685966c54042f5197ebf4d5aabe.mp3", "tts_size": "15K"}]}, {"posp": "ADJ-GRADED", "tran": "\uff08\u8a00\u8bed\uff09\u7c97\u9c81\u7684\uff0c\u5510\u7a81\u7684\uff0c\u9c81\u83bd\u7684", "def": "Someone who is abrupt speaks in a rather rude, unfriendly way.", "example": [{"ex": "He was abrupt to the point of rudeness...", "tran": "\u4ed6\u7684\u5510\u7a81\u5df2\u5230\u4e86\u65e0\u793c\u7684\u5730\u6b65\u3002", "tts_mp3": "http://res-tts.iciba.com/tts_dj/f/a/1/fa1d7359481c583ca7caf47f0e338660.mp3", "tts_size": "11K"}, {"ex": "Cross was a little taken aback by her abrupt manner.", "tran": "\u5979\u9c81\u83bd\u7684\u6001\u5ea6\u8ba9\u514b\u7f57\u65af\u611f\u5230\u6709\u70b9\u5403\u60ca\u3002", "tts_mp3": "http://res-tts.iciba.com/tts_dj/9/2/6/926f38384065dd99e41f45d4468425e6.mp3", "tts_size": "15K"}]}], "collins_star": "2", "frequency_count": 920475, "frequency_rank": 27559}