{"ph_en": "\u02c8\u00e6bs\u0259ns", "ph_am": "\u02c8\u00e6bs\u0259ns", "ph_en_mp3": "http://res.iciba.com/resource/amp3/oxford/0/66/f8/66f88ce9a77901461f116b1a6359187f.mp3", "ph_am_mp3": "http://res.iciba.com/resource/amp3/1/0/35/1b/351be24aa3154abeb916761294b6f8ad.mp3", "parts": [{"part": "n.", "means": ["\u7f3a\u5e2d\uff0c\u7f3a\u52e4", "\u7f3a\u4e4f\uff0c\u7f3a\u5c11\uff0c\u65e0", "\u5fc3\u4e0d\u5728\u7109\uff0c\u4e0d\u6ce8\u610f"]}], "collins": [{"posp": "N-VAR", "tran": "\u4e0d\u5728\uff1b\u7f3a\u5e2d", "def": "Someone's absence from a place is the fact that they are not there.", "example": [{"ex": "...a bundle of letters which had arrived for me in my absence...", "tran": "\u6211\u4e0d\u5728\u671f\u95f4\u5bc4\u7ed9\u6211\u7684\u4e00\u5927\u5806\u4fe1\u4ef6", "tts_mp3": "http://res-tts.iciba.com/tts_dj/6/b/4/6b4483ae63f332d224ca667b4e15b740.mp3", "tts_size": "16K"}, {"ex": "Eleanor would later blame her mother-in-law for her husband's frequent absences.", "tran": "\u57c3\u8389\u8bfa\u8fc7\u540e\u4f1a\u56e0\u4e08\u592b\u7ecf\u5e38\u4e0d\u5728\u5bb6\u800c\u8d23\u602a\u5a46\u5a46\u3002", "tts_mp3": "http://res-tts.iciba.com/tts_dj/c/d/e/cde68cde77cab58b6d1ebe8799ab49e0.mp3", "tts_size": "22K"}]}, {"posp": "N-SING", "tran": "\u7f3a\u4e4f\uff1b\u4e0d\u5b58\u5728", "def": "The absence of something from a place is the fact that it is not there or does not exist.", "example": [{"ex": "The presence or absence of clouds can have an important impact on heat transfer...", "tran": "\u6709\u65e0\u4e91\u5c42\u5bf9\u70ed\u91cf\u7684\u4f20\u9012\u4f1a\u4ea7\u751f\u91cd\u8981\u7684\u5f71\u54cd\u3002", "tts_mp3": "http://res-tts.iciba.com/tts_dj/f/e/9/fe963c25b5e4c6c3ead1da2cbbfd507e.mp3", "tts_size": "24K"}, {"ex": "In the absence of a will the courts decide who the guardian is.", "tran": "\u5728\u6ca1\u6709\u9057\u5631\u7684\u60c5\u51b5\u4e0b\uff0c\u7531\u6cd5\u5ead\u6307\u5b9a\u76d1\u62a4\u4eba\u3002", "tts_mp3": "http://res-tts.iciba.com/tts_dj/a/9/5/a95567796857d46aadd55636cc607b89.mp3", "tts_size": "17K"}]}], "collins_star": "3", "frequency_count": 14681896, "frequency_rank": 4642}