{"ph_en": "\u02c8\u00e6bs\u0259nt", "ph_am": "\u02c8\u00e6bs\u0259nt", "ph_en_mp3": "http://res.iciba.com/resource/amp3/oxford/0/1b/29/1b29c0ce28ccf8d61ab5478ee34b7f39.mp3", "ph_am_mp3": "http://res.iciba.com/resource/amp3/1/0/e5/67/e5671794bf87ebab2a0d5e0ded530e68.mp3", "parts": [{"part": "adj.", "means": ["\u7f3a\u5e2d\u7684\uff0c\u4e0d\u5728\u573a\u7684", "\u7f3a\u5c11\u7684\uff0c\u7f3a\u4e4f\u7684", "\u4e0d\u5728\u610f\u7684\uff0c\u832b\u7136\u7684"]}], "collins": [{"posp": "ADJ", "tran": "\u4e0d\u5728\u7684\uff1b\u7f3a\u5e2d\u7684", "def": "If someone or something is absent from a place or situation where they should be or where they usually are, they are not there.", "example": [{"ex": "He has been absent from his desk for two weeks...", "tran": "\u4ed6\u5df2\u7ecf\u6709\u4e24\u4e2a\u661f\u671f\u6ca1\u6709\u5750\u5728\u529e\u516c\u684c\u524d\u4e86\u3002", "tts_mp3": "http://res-tts.iciba.com/tts_dj/5/0/4/504acfdc86d71d26d7b6180b1168443f.mp3", "tts_size": "14K"}, {"ex": "The pictures, too, were absent from the walls...", "tran": "\u90a3\u4e9b\u753b\u4e5f\u4e0d\u5728\u5899\u4e0a\u4e86\u3002", "tts_mp3": "http://res-tts.iciba.com/tts_dj/0/4/9/04978024b9e7e9ff6646726f0c5865b3.mp3", "tts_size": "14K"}]}, {"posp": "ADJ-GRADED", "tran": "\u51fa\u795e\u7684;\u5fc3\u4e0d\u5728\u7109\u7684", "def": "If someone appears absent, they are not paying attention because they are thinking about something else.", "example": [{"ex": "'Nothing,' Rosie said in an absent way.", "tran": "\u201c\u6ca1\u4ec0\u4e48\uff0c\u201d\u7f57\u831c\u5fc3\u4e0d\u5728\u7109\u5730\u8bf4\u3002", "tts_mp3": "http://res-tts.iciba.com/tts_dj/6/f/5/6f54168d2fa678fe709a3946c21caf12.mp3", "tts_size": "14K"}]}, {"posp": "ADJ", "tran": "\uff08\u7236\u6216\u6bcd\uff09\u4e0d\u4e0e\u5b50\u5973\u4e00\u8d77\u4f4f\u7684", "def": "An absent parent does not live with his or her children.", "example": [{"ex": "...absent fathers who fail to pay towards the costs of looking after their children.", "tran": "\u90a3\u4e9b\u4e0d\u5728\u5b50\u5973\u8eab\u8fb9\u3001\u672a\u80fd\u652f\u4ed8\u629a\u517b\u8d39\u7684\u7236\u4eb2", "tts_mp3": "http://res-tts.iciba.com/tts_dj/6/0/a/60a9e1fe8c60572966b32232227154ac.mp3", "tts_size": "22K"}]}, {"posp": "VERB", "tran": "\u4f7f\u4e0d\u5728\uff0c\u4f7f\u79bb\u5f00\uff08\u672c\u5e94\u5728\u6216\u901a\u5e38\u5728\u7684\u5730\u65b9\uff09", "def": "If someone absents themselves from a place where they should be or where they usually are, they do not go there or they do not stay there.", "example": [{"ex": "She was old enough to absent herself from the lunch table if she chose...", "tran": "\u5979\u957f\u5927\u4e86\uff0c\u53ef\u4ee5\u81ea\u5df1\u505a\u4e3b\u4e0d\u6765\u5403\u5348\u9910\u4e86\u3002", "tts_mp3": "http://res-tts.iciba.com/tts_dj/1/b/3/1b351055426caaaa0e8ec8a3aec0153a.mp3", "tts_size": "19K"}, {"ex": "He pleaded guilty before a court martial to absenting himself without leave.", "tran": "\u5728\u519b\u4e8b\u6cd5\u5ead\u4e0a\u4ed6\u5bf9\u81ea\u5df1\u64c5\u79bb\u804c\u5b88\u8868\u793a\u670d\u7f6a\u3002", "tts_mp3": "http://res-tts.iciba.com/tts_dj/9/9/f/99f674c50e7b360953cfce6ae285738d.mp3", "tts_size": "21K"}]}, {"posp": "PREP", "tran": "\u82e5\u6ca1\u6709\uff1b\u5047\u8bbe\u6ca1\u6709", "def": "If you say that absent one thing, another thing will happen, you mean that if the first thing does not happen, the second thing will happen.", "example": [{"ex": "Absent a solution, people like Sue Godfrey will just keep on fighting.", "tran": "\u5047\u5982\u5f97\u4e0d\u5230\u89e3\u51b3\uff0c\u50cf\u4f11\u00b7\u6208\u5f17\u96f7\u8fd9\u6837\u7684\u4eba\u5c31\u4f1a\u4e00\u76f4\u575a\u6301\u6597\u4e89\u4e0b\u53bb\u3002", "tts_mp3": "http://res-tts.iciba.com/tts_dj/2/7/8/2782995b06531f686fae44cd3a708c2a.mp3", "tts_size": "22K"}]}], "collins_star": "2", "frequency_count": 8831540, "frequency_rank": 6793}