{"ph_en": "\u02cc\u00e6bs\u0259n\u02c8ti:", "ph_am": "\u02cc\u00e6bs\u0259n\u02c8ti", "ph_en_mp3": "http://res.iciba.com/resource/amp3/oxford/0/6d/92/6d92b3ba47cafa2164fcb85a00a93c99.mp3", "ph_am_mp3": "http://res.iciba.com/resource/amp3/1/0/af/bb/afbbedf49ba232c2dad0403dcf17ed99.mp3", "parts": [{"part": "n.", "means": ["\u7f3a\u5e2d\u8005\uff0c\u7f3a\u52e4\u8005", "\u5728\u5916\u5730\u4e3b", "\u5728\u5916\u5730\u4e3b", "[\u4fe1]\u7a7a\u53f7"]}, {"part": "adj.", "means": ["\u7f3a\u5e2d\u8005\u7684\uff0c\u5728\u5916\u5730\u4e3b\u7684\uff0c\u5728\u5916\u4e1a\u4e3b\u7684"]}], "collins": [{"posp": "N-COUNT", "tran": "\uff08\u5e94\u5230\u800c\u672a\u5230\u7684\uff09\u4e0d\u5728\u8005\uff0c\u7f3a\u5e2d\u8005", "def": "An absentee is a person who is expected to be in a particular place but who is not there.", "example": []}, {"posp": "ADJ", "tran": "\u4e0d\u5728\u7684;\u7f3a\u5e2d\u7684", "def": "Absentee is used to describe someone who is not there to do a particular job in person.", "example": [{"ex": "Absentee fathers will be forced to pay child maintenance.", "tran": "\u7f3a\u5e2d\u7684\u7236\u4eb2\u5c06\u4f1a\u88ab\u5f3a\u5236\u8981\u6c42\u652f\u4ed8\u5b69\u5b50\u7684\u629a\u517b\u8d39\u3002", "tts_mp3": "http://res-tts.iciba.com/tts_dj/b/0/a/b0a862249182182bff1ee83779ab7e31.mp3", "tts_size": "17K"}, {"ex": "...an absentee landlord.", "tran": "\u5728\u5916\u4e1a\u4e3b", "tts_mp3": "http://res-tts.iciba.com/tts_dj/0/a/9/0a9b71e97c04936a96d5aba79d697b28.mp3", "tts_size": "8K"}]}, {"posp": "ADJ", "tran": "\u7f3a\u5e2d\u7684\uff08\u6307\u7f8e\u56fd\u56e0\u6545\u9884\u5148\u6295\u7968\u7684\u9009\u7968\u6216\u9009\u6c11\uff09", "def": "In elections in the United States, if you vote by absentee ballot or if you are an absentee voter, you vote in advance because you will be away.", "example": [{"ex": "He has already voted by absentee ballot...", "tran": "\u4ed6\u5df2\u8fdb\u884c\u4e86\u7f3a\u5e2d\u6295\u7968\u3002", "tts_mp3": "http://res-tts.iciba.com/tts_dj/f/e/d/fed064ee7956441c120e8ddf4cd6925a.mp3", "tts_size": "13K"}, {"ex": "The deadline for absentee voting in was Saturday.", "tran": "\u7f3a\u5e2d\u6295\u7968\u7684\u6700\u540e\u671f\u9650\u662f\u661f\u671f\u516d\u3002", "tts_mp3": "http://res-tts.iciba.com/tts_dj/2/b/1/2b11afb2e28d40304e7fb3a89f297a63.mp3", "tts_size": "14K"}]}], "collins_star": "1", "frequency_count": 1238718, "frequency_rank": 23207}