{"ph_en": "\u0259b\u02c8s\u0254:b\u026a\u014b", "ph_am": "\u0259b\u02c8s\u0254rb\u026a\u014b", "ph_en_mp3": "http://res.iciba.com/resource/amp3/oxford/0/04/e8/04e811c5023e8199960a9a26db0f11d4.mp3", "ph_am_mp3": "", "parts": [{"part": "adj.", "means": ["\u5438\u5f15\u4eba\u7684", "\u975e\u5e38\u6709\u8da3\u7684"]}, {"part": "v.", "means": ["\u5438\u6536(absorb\u7684ing\u5f62\u5f0f)", "\u5f15\u4eba\u6ce8\u610f"]}], "collins": [{"posp": "ADJ-GRADED", "tran": "\u975e\u5e38\u6709\u8da3\u7684\uff1b\u5f15\u4eba\u5165\u80dc\u7684", "def": "An absorbing task or activity interests you a great deal and takes up all your attention and energy.", "example": [{"ex": "'Two Sisters' is an absorbing read...", "tran": "\u300a\u59ca\u59b9\u82b1\u300b\u7684\u6545\u4e8b\u60c5\u8282\u5f15\u4eba\u5165\u80dc\u3002", "tts_mp3": "http://res-tts.iciba.com/tts_dj/5/0/3/5032265951d77c36bb54d84c3808ba20.mp3", "tts_size": "11K"}, {"ex": "Children will find other exhibits equally absorbing.", "tran": "\u5b69\u5b50\u4eec\u4f1a\u5bf9\u5176\u4ed6\u5c55\u54c1\u4e00\u6837\u611f\u5174\u8da3\u3002", "tts_mp3": "http://res-tts.iciba.com/tts_dj/1/d/3/1d351e54e60faf9de0b28f97d7ff3208.mp3", "tts_size": "15K"}]}], "collins_star": "1", "frequency_count": 1613367, "frequency_rank": 19926}