{"ph_en": "\u02c8\u00e6bs\u0259lu:t", "ph_am": "\u02c8\u00e6bs\u0259\u02cclut", "ph_en_mp3": "http://res.iciba.com/resource/amp3/oxford/0/05/d9/05d99902f67fe9cefe8f45c3950676ac.mp3", "ph_am_mp3": "http://res.iciba.com/resource/amp3/1/0/dc/4d/dc4d53aa0d117d8b189b36d161af4e96.mp3", "parts": [{"part": "adj.", "means": ["\u7edd\u5bf9\u7684\uff0c\u5b8c\u5168\u7684", "\u4e0d\u53d7\u4efb\u4f55\u9650\u5236[\u7ea6\u675f]\u7684", "\u65e0\u6761\u4ef6\u7684", "\u6709\u65e0\u4e0a\u6743\u529b\u6216\u6743\u5a01\u7684"]}, {"part": "n.", "means": ["\u7edd\u5bf9", "\u7edd\u5bf9\u4e8b\u7269"]}], "collins": [{"posp": "ADJ", "tran": "\u5b8c\u5168\u7684\uff1b\u5f7b\u5e95\u7684", "def": "Absolute means total and complete.", "example": [{"ex": "It's not really suited to absolute beginners...", "tran": "\u5b83\u5e76\u4e0d\u771f\u6b63\u9002\u5408\u4ece\u96f6\u5f00\u59cb\u7684\u521d\u5b66\u8005\u3002", "tts_mp3": "http://res-tts.iciba.com/tts_dj/3/3/8/33868da3463a99e68efb6bf97d02788d.mp3", "tts_size": "13K"}, {"ex": "A sick person needs absolute confidence and trust in a doctor.", "tran": "\u75c5\u4eba\u9700\u8981\u5bf9\u533b\u751f\u6709\u7edd\u5bf9\u7684\u4fe1\u5fc3\u548c\u4fe1\u4efb\u3002", "tts_mp3": "http://res-tts.iciba.com/tts_dj/5/3/6/536841e90b873dd2304c20f814c15c85.mp3", "tts_size": "18K"}]}, {"posp": "ADJ", "tran": "\u5341\u8db3\u7684\uff1b\u5730\u9053\u7684", "def": "You use absolute to emphasize something that you are saying.", "example": [{"ex": "About 12 inches wide is the absolute minimum you should consider...", "tran": "12\u82f1\u5bf8\u5de6\u53f3\u7684\u5bbd\u5ea6\u7edd\u5bf9\u662f\u4f60\u5e94\u8003\u8651\u7684\u6700\u4f4e\u503c\u3002", "tts_mp3": "http://res-tts.iciba.com/tts_dj/2/d/4/2d4c1d81bf73a930e32a8fce57a18d36.mp3", "tts_size": "19K"}, {"ex": "I think it's absolute nonsense.", "tran": "\u6211\u8ba4\u4e3a\u90a3\u5341\u8db3\u662f\u65e0\u7a3d\u4e4b\u8c08\u3002", "tts_mp3": "http://res-tts.iciba.com/tts_dj/9/e/0/9e03c8c3c2446db8aa7aaad0ce43c3ed.mp3", "tts_size": "10K"}]}, {"posp": "ADJ", "tran": "\u4e13\u5236\u72ec\u88c1\u7684\uff1b\u6709\u65e0\u4e0a\u6743\u529b\u7684", "def": "An absolute ruler has complete power and authority over his or her country.", "example": [{"ex": "He ruled with absolute power.", "tran": "\u4ed6\u5b9e\u884c\u72ec\u88c1\u7edf\u6cbb\u3002", "tts_mp3": "http://res-tts.iciba.com/tts_dj/f/b/2/fb2f084e150f0e259de0fdb077a29760.mp3", "tts_size": "10K"}, {"ex": "...the doctrine of absolute monarchy based upon divine right.", "tran": "\u4ee5\u795e\u6743\u4e3a\u57fa\u7840\u7684\u541b\u4e3b\u4e13\u5236\u5b66\u8bf4", "tts_mp3": "http://res-tts.iciba.com/tts_dj/d/6/d/d6d4699cc8e576a42b8c7c865227ba1b.mp3", "tts_size": "17K"}]}, {"posp": "ADJ", "tran": "\u786e\u5b9e\u7684\uff1b\u4e0d\u5bb9\u7f6e\u7591\u7684", "def": "Absolute is used to say that something is definite and will not change even if circumstances change.", "example": [{"ex": "John brought the absolute proof that we needed...", "tran": "\u7ea6\u7ff0\u5e26\u6765\u4e86\u6211\u4eec\u6240\u9700\u7684\u786e\u51ff\u8bc1\u636e\u3002", "tts_mp3": "http://res-tts.iciba.com/tts_dj/c/1/c/c1c602f2ec10d86664653722458ead9c.mp3", "tts_size": "13K"}, {"ex": "They had given an absolute assurance that it would be kept secret.", "tran": "\u4ed6\u4eec\u4fe1\u8a93\u65e6\u65e6\u5730\u4fdd\u8bc1\u5c06\u5bf9\u6b64\u7edd\u5bf9\u4fdd\u5bc6\u3002", "tts_mp3": "http://res-tts.iciba.com/tts_dj/d/3/8/d389289b4ba1bb6a99ca55b5e130039a.mp3", "tts_size": "17K"}]}, {"posp": "ADJ", "tran": "\uff08\u6570\u503c\uff09\u4e0d\u53d7\u53d8\u91cf\u5f71\u54cd\u7684\uff0c\u7edd\u5bf9\u7684", "def": "An amount that is expressed in absolute terms is expressed as a fixed amount rather than referring to variable factors such as what you earn or the effects of inflation.", "example": [{"ex": "In absolute terms British wages remain low by European standards.", "tran": "\u6839\u636e\u6b27\u6d32\u6807\u51c6\uff0c\u82f1\u56fd\u5de5\u8d44\u7684\u7edd\u5bf9\u503c\u4f9d\u7136\u5f88\u4f4e\u3002", "tts_mp3": "http://res-tts.iciba.com/tts_dj/e/0/2/e02199d94a5bc3d544c089ff76968567.mp3", "tts_size": "20K"}]}, {"posp": "ADJ", "tran": "\uff08\u89c4\u5219\u3001\u539f\u5219\uff09\u7edd\u5bf9\u7684", "def": "Absolute rules and principles are believed to be true, right, or relevant in all situations.", "example": [{"ex": "There are no absolute rules.", "tran": "\u4e16\u4e8b\u65e0\u7edd\u5bf9\u3002", "tts_mp3": "http://res-tts.iciba.com/tts_dj/a/c/d/acd26156731590e9515e498a64648922.mp3", "tts_size": "9K"}, {"ex": "...certain assumptions which are accepted without question as absolute truths.", "tran": "\u67d0\u4e9b\u672a\u7ecf\u8d28\u7591\u5c31\u88ab\u4f5c\u4e3a\u7edd\u5bf9\u771f\u7406\u800c\u5168\u76d8\u63a5\u53d7\u7684\u5047\u8bbe", "tts_mp3": "http://res-tts.iciba.com/tts_dj/a/3/f/a3f05ed71167c8cf0cd2728b72986f9d.mp3", "tts_size": "21K"}]}, {"posp": "N-COUNT", "tran": "\u7edd\u5bf9\u6cd5\u5219\uff08\u6216\u539f\u5219\uff09", "def": "An absolute is a rule or principle that is believed to be true, right, or relevant in all situations.", "example": [{"ex": "We tend to think in absolutes.", "tran": "\u6211\u4eec\u601d\u8003\u95ee\u9898\u503e\u5411\u4e8e\u7edd\u5bf9\u5316\u3002", "tts_mp3": "http://res-tts.iciba.com/tts_dj/5/5/f/55f0eadcf8e7486adf6188046053fdca.mp3", "tts_size": "10K"}]}], "collins_star": "3", "frequency_count": 16198563, "frequency_rank": 4304}