{"ph_en": "\u0259b\u02c8s\u0254:b", "ph_am": "\u0259b\u02c8s\u0254rb", "ph_en_mp3": "http://res.iciba.com/resource/amp3/oxford/0/92/78/9278acd6ae29b607ef89fe37161ec86b.mp3", "ph_am_mp3": "http://res.iciba.com/resource/amp3/1/0/51/85/5185afb632a22ee838a6ddbe11efe57e.mp3", "parts": [{"part": "vt.", "means": ["\u5438\u6536\uff08\u6db2\u4f53\u3001\u6c14\u4f53\u7b49\uff09", "\u5438\u5f15\uff08\u6ce8\u610f\uff09", "\u541e\u5e76\uff0c\u5408\u5e76", "\u5fcd\u53d7\uff0c\u627f\u62c5\uff08\u8d39\u7528\uff09"]}], "collins": [{"posp": "VERB", "tran": "\u5438\u6536\uff08\u6db2\u4f53\u3001\u6c14\u4f53\u7b49\uff09", "def": "If something absorbs a liquid, gas, or other substance, it soaks it up or takes it in.", "example": [{"ex": "Plants absorb carbon dioxide from the air and moisture from the soil...", "tran": "\u690d\u7269\u4ece\u7a7a\u6c14\u4e2d\u5438\u6536\u4e8c\u6c27\u5316\u78b3\u5e76\u4ece\u571f\u58e4\u4e2d\u6c72\u53d6\u6c34\u5206\u3002", "tts_mp3": "http://res-tts.iciba.com/tts_dj/8/b/5/8b55be0b437895e2747a288210fb9e58.mp3", "tts_size": "20K"}, {"ex": "Refined sugars are absorbed into the bloodstream very quickly.", "tran": "\u7cbe\u5236\u7cd6\u8fc5\u901f\u5438\u6536\u8fdb\u8840\u6db2\u4e2d\u3002", "tts_mp3": "http://res-tts.iciba.com/tts_dj/d/d/6/dd6c3d459aeeadefefb70fc5d4601d86.mp3", "tts_size": "18K"}]}, {"posp": "VERB", "tran": "\u5438\u6536\uff08\u5149\u3001\u70ed\u7b49\u80fd\u91cf\uff09", "def": "If something absorbs light, heat, or another form of energy, it takes it in.", "example": [{"ex": "A household radiator absorbs energy in the form of electric current and releases it in the form of heat.", "tran": "\u5bb6\u7528\u53d6\u6696\u5668\u5438\u6536\u7535\u6d41\u80fd\u91cf\uff0c\u518d\u4ee5\u70ed\u91cf\u7684\u5f62\u5f0f\u91ca\u653e\u51fa\u6765\u3002", "tts_mp3": "http://res-tts.iciba.com/tts_dj/2/3/9/23900634861e9fede6e0da08dc861e77.mp3", "tts_size": "27K"}]}, {"posp": "VERB", "tran": "\u5408\u5e76\uff1b\u517c\u5e76\uff1b\u5438\u6536\u5e76\u540c\u5316", "def": "If a group is absorbed into a larger group, it becomes part of the larger group.", "example": [{"ex": "The Colonial Office was absorbed into the Foreign Office.", "tran": "\u6b96\u6c11\u90e8\u88ab\u5e76\u5165\u4e86\u5916\u4ea4\u90e8\u3002", "tts_mp3": "http://res-tts.iciba.com/tts_dj/5/2/3/523ab078ed5d6ccc33f7282354abaa29.mp3", "tts_size": "17K"}, {"ex": "...an economy capable of absorbing thousands of immigrants.", "tran": "\u80fd\u591f\u5438\u7eb3\u6570\u5343\u79fb\u6c11\u7684\u7ecf\u6d4e\u5b9e\u4f53", "tts_mp3": "http://res-tts.iciba.com/tts_dj/1/e/0/1e0ed7d16a477ca6c6d76af7af0416ff.mp3", "tts_size": "18K"}]}, {"posp": "VERB", "tran": "\u6d88\u51cf\uff0c\u7f13\u51b2\uff08\u5916\u529b\u3001\u9707\u52a8\u7b49\uff09", "def": "If something absorbs a force or shock, it reduces its effect.", "example": [{"ex": "...footwear which does not absorb the impact of the foot striking the ground.", "tran": "\u4e0d\u5177\u5907\u51cf\u9707\u529f\u80fd\u7684\u978b\u5b50", "tts_mp3": "http://res-tts.iciba.com/tts_dj/a/b/7/ab7e27ca7ed3c4001feda2cc9b9e779f.mp3", "tts_size": "20K"}]}, {"posp": "VERB", "tran": "\u7ecf\u53d7\uff0c\u627f\u53d7\uff08\u53d8\u9769\u3001\u5f71\u54cd\u7b49\uff09\uff1b\u627f\u62c5\uff08\u8d39\u7528\u7b49\uff09", "def": "If a system or society absorbs changes, effects, or costs, it is able to deal with them.", "example": [{"ex": "The banks would be forced to absorb large losses...", "tran": "\u94f6\u884c\u5c06\u88ab\u8feb\u627f\u53d7\u5de8\u5927\u7684\u635f\u5931\u3002", "tts_mp3": "http://res-tts.iciba.com/tts_dj/8/c/1/8c1b952f05e3898bdcc00815332880cd.mp3", "tts_size": "15K"}, {"ex": "We can't absorb those costs.", "tran": "\u6211\u4eec\u8d1f\u62c5\u4e0d\u8d77\u90a3\u4e9b\u8d39\u7528\u3002", "tts_mp3": "http://res-tts.iciba.com/tts_dj/1/5/f/15fe8d7f2b7fc269af4d852ae6bc6335.mp3", "tts_size": "10K"}]}, {"posp": "VERB", "tran": "\u7528\u6389\uff0c\u82b1\u6389\uff08\u5927\u91cf\u91d1\u94b1\uff09\uff1b\u5360\u53bb\uff08\u7a7a\u95f4\u3001\u65f6\u95f4\uff09", "def": "If something absorbs something valuable such as money, space, or time, it uses up a great deal of it.", "example": [{"ex": "It absorbed vast amounts of capital that could have been used for investment...", "tran": "\u5b83\u6d88\u8017\u6389\u4e86\u539f\u672c\u53ef\u7528\u4e8e\u6295\u8d44\u7684\u5927\u7b14\u8d44\u91d1\u3002", "tts_mp3": "http://res-tts.iciba.com/tts_dj/2/b/5/2b562461f43f0487a44b6c50b1a649b0.mp3", "tts_size": "22K"}, {"ex": "It might help if campaigning didn't absorb so much time and money.", "tran": "\u5982\u679c\u7ade\u9009\u6d3b\u52a8\u6ca1\u8017\u8d39\u8fd9\u4e48\u591a\u7684\u65f6\u95f4\u548c\u91d1\u94b1\uff0c\u60c5\u51b5\u6216\u8bb8\u8fd8\u4e0d\u4f1a\u8fd9\u4e48\u7cdf\u3002", "tts_mp3": "http://res-tts.iciba.com/tts_dj/a/8/3/a8340858113665960260d7ec5a4e10a9.mp3", "tts_size": "18K"}]}, {"posp": "VERB", "tran": "\u7406\u89e3\uff0c\u638c\u63e1\uff08\u4fe1\u606f\uff09", "def": "If you absorb information, you learn and understand it.", "example": [{"ex": "Too often he only absorbs half the information in the manual...", "tran": "\u4ed6\u5bf9\u4e8e\u8bf4\u660e\u4e66\u4e0a\u6240\u8bf4\u7684\u7ecf\u5e38\u662f\u4e00\u77e5\u534a\u89e3\u3002", "tts_mp3": "http://res-tts.iciba.com/tts_dj/c/5/7/c576ca9d4263804f99235077912a24d5.mp3", "tts_size": "17K"}, {"ex": "We closed our offices at 2:00 p.m. to give employees time to absorb the bad news.", "tran": "\u6211\u4eec\u4e0b\u5348\u4e24\u70b9\u5c31\u653e\u5de5\u4e86\uff0c\u4ee5\u4fbf\u7ed9\u5458\u5de5\u65f6\u95f4\u6765\u6162\u6162\u63a5\u53d7\u8fd9\u4e00\u574f\u6d88\u606f\u3002", "tts_mp3": "http://res-tts.iciba.com/tts_dj/a/3/8/a38055e318afaba4aaa571f6bf8e7616.mp3", "tts_size": "25K"}]}, {"posp": "VERB", "tran": "\u5438\u5f15\u2026\u7684\u6ce8\u610f\uff1b\u4f7f\u5168\u795e\u8d2f\u6ce8", "def": "If something absorbs you, it interests you a great deal and takes up all your attention and energy.", "example": [{"ex": "...a second career which absorbed her more completely than her acting ever had.", "tran": "\u6bd4\u6f14\u827a\u751f\u6daf\u66f4\u8ba9\u5979\u6295\u5165\u7684\u53c8\u4e00\u804c\u4e1a", "tts_mp3": "http://res-tts.iciba.com/tts_dj/6/6/3/66353b511701ded6a99ab8a9d384042d.mp3", "tts_size": "20K"}]}], "collins_star": "2", "frequency_count": 2378096, "frequency_rank": 15816}