{"ph_en": "\u02c8\u00e6bs\u0259lu:tli", "ph_am": "\u02c8\u00e6bs\u0259\u02cclutli, \u02cc\u00e6bs\u0259\u02c8lutli", "ph_en_mp3": "http://res.iciba.com/resource/amp3/oxford/0/27/79/2779807faaf615f8e1022bec7ed826ee.mp3", "ph_am_mp3": "http://res.iciba.com/resource/amp3/1/0/ed/84/ed847449571e6ea5c068228c5e9efe3f.mp3", "parts": [{"part": "adv.", "means": ["\u7edd\u5bf9\u5730", "\u5b8c\u5168\u5730", "\u6beb\u65e0\u7591\u95ee\u5730", "[\u8bed]\u72ec\u7acb\u5730\uff0c\u5206\u79bb\u5730"]}], "collins": [{"posp": "ADV", "tran": "\u5b8c\u5168\u5730\uff1b\u5f7b\u5e95\u5730", "def": "Absolutely means totally and completely.", "example": [{"ex": "Jill is absolutely right...", "tran": "\u5409\u5c14\u5b8c\u5168\u6b63\u786e\u3002", "tts_mp3": "http://res-tts.iciba.com/tts_dj/f/2/6/f26d5f3f91088c56ffc118e3e05b7d82.mp3", "tts_size": "8K"}, {"ex": "I absolutely refuse to get married...", "tran": "\u6211\u51b3\u4e0d\u7ed3\u5a5a\u3002", "tts_mp3": "http://res-tts.iciba.com/tts_dj/2/1/d/21d9e7ebb89058502fde2d245b58cf13.mp3", "tts_size": "12K"}]}, {"posp": "ADV", "tran": "\uff08\u7528\u4e8e\u5f3a\u8c03\uff09\u786e\u5b9e\u5730\uff0c\u7edd\u5bf9\u5730", "def": "Some people say absolutely as an emphatic way of saying yes or of agreeing with someone. They say absolutely not as an emphatic way of saying no or of disagreeing with someone.", "example": [{"ex": "'It's worrying, isn't it?' \u2013 'Absolutely.'...", "tran": "\u201c\u8fd9\u8ba9\u4eba\u62c5\u5fe7\uff0c\u4e0d\u662f\u5417\uff1f\u201d\u2014\u2014\u201c\u786e\u5b9e\u662f\u3002\u201d", "tts_mp3": "http://res-tts.iciba.com/tts_dj/e/e/3/ee3e53d60c03be5e2f6378e91b06d3cc.mp3", "tts_size": "17K"}, {"ex": "'Did they approach you?' \u2013 'No, absolutely not.'", "tran": "\u201c\u4ed6\u4eec\u627e\u8fc7\u4f60\u4e86\u5417\uff1f\u201d\u2014\u2014\u201c\u6ca1\u6709\uff0c\u7edd\u5bf9\u6ca1\u6709\u3002\u201d", "tts_mp3": "http://res-tts.iciba.com/tts_dj/6/1/3/613529d6ce28d1e5cb3ebef84e9f4ad2.mp3", "tts_size": "19K"}]}], "collins_star": "4", "frequency_count": 20816571, "frequency_rank": 3582}