{"ph_en": "\u0259b\u02c8s\u0254:p\u0283n", "ph_am": "\u0259b\u02c8s\u0254rp\u0283n", "ph_en_mp3": "http://res.iciba.com/resource/amp3/oxford/0/a4/25/a4253e96b489417268369176d6ea9896.mp3", "ph_am_mp3": "http://res.iciba.com/resource/amp3/1/0/c2/21/c2214b2b092c3b71126171925c1ee861.mp3", "parts": [{"part": "n.", "means": ["\u5438\u6536", "\u4e13\u6ce8", "\u5408\u5e76"]}], "collins": [{"posp": "N-UNCOUNT", "tran": "(\u6db2\u4f53\u3001\u6c14\u4f53\u7b49\u7684\uff09\u5438\u6536", "def": "The absorption of a liquid, gas, or other substance is the process of it being soaked up or taken in.", "example": [{"ex": "This controls the absorption of liquids...", "tran": "\u8fd9\u63a7\u5236\u7740\u6db2\u4f53\u7684\u5438\u6536\u3002", "tts_mp3": "http://res-tts.iciba.com/tts_dj/6/9/b/69b27533bba5ffe429f99eac82fde5ea.mp3", "tts_size": "13K"}, {"ex": "Vitamin C increases the absorption of iron from food.", "tran": "\u7ef4\u751f\u7d20C\u4fc3\u8fdb\u98df\u7269\u4e2d\u94c1\u7684\u5438\u6536\u3002", "tts_mp3": "http://res-tts.iciba.com/tts_dj/0/f/e/0fe1fade1b5c08465906995a2cc147d0.mp3", "tts_size": "17K"}]}, {"posp": "N-UNCOUNT", "tran": "\u5408\u5e76;\u517c\u5e76;\u540c\u5316", "def": "The absorption of a group into a larger group is the process of it becoming part of the larger group.", "example": [{"ex": "Two new camps were readied for the absorption of refugees.", "tran": "\u4e3a\u6536\u5bb9\u96be\u6c11\u53c8\u5907\u597d\u4e86\u4e24\u4e2a\u65b0\u8425\u5730\u3002", "tts_mp3": "http://res-tts.iciba.com/tts_dj/3/b/2/3b28370edfeb16a0284bc340a72b0bd8.mp3", "tts_size": "17K"}]}, {"posp": "N-UNCOUNT", "tran": "\u4e13\u6ce8\uff1b\u7740\u8ff7", "def": "Someone's absorption in something is the fact that they are very interested in it and that it takes up all their attention and energy.", "example": [{"ex": "He was struck by the artists' total absorption in their work.", "tran": "\u4ed6\u88ab\u827a\u672f\u5bb6\u5bf9\u521b\u4f5c\u7684\u5168\u8eab\u5fc3\u6295\u5165\u6240\u6253\u52a8\u3002", "tts_mp3": "http://res-tts.iciba.com/tts_dj/b/5/6/b5647bf53223982d15dc1149622b9f0a.mp3", "tts_size": "17K"}]}], "collins_star": "1", "frequency_count": 5294724, "frequency_rank": 9691}