{"ph_en": "\u0259b\u02c8s\u0254:bd", "ph_am": "\u0259b\u02c8s\u0254rbd", "ph_en_mp3": "http://res.iciba.com/resource/amp3/oxford/0/b5/ed/b5eddcbdbe8edeacdf115dcee329c50d.mp3", "ph_am_mp3": "", "parts": [{"part": "adj.", "means": ["\u88ab\u2026\u5438\u5f15\u4f4f\uff0c\u4e13\u5fc3\u81f4\u5fd7\uff0c\u5168\u795e\u8d2f\u6ce8"]}, {"part": "adv.", "means": ["\u4e13\u5fc3\u81f4\u5fd7\u5730\uff0c\u5168\u795e\u8d2f\u6ce8\u5730"]}, {"part": "n.", "means": ["\u4e13\u5fc3\u81f4\u5fd7\uff0c\u5168\u795e\u8d2f\u6ce8"]}, {"part": "v.", "means": ["\u5438\u6536\uff08\u6db2\u4f53\u3001\u6c14\u4f53\u7b49\uff09( absorb\u7684\u8fc7\u53bb\u5f0f)", "\u652f\u4ed8", "\u541e\u5e76", "\u4f7f\u5168\u795e\u8d2f\u6ce8(absorb\u7684\u8fc7\u53bb\u5206\u8bcd\u5f62\u5f0f)"]}], "collins": [{"posp": "ADJ-GRADED", "tran": "\u6781\u611f\u5174\u8da3\u7684\uff1b\u4e13\u5fc3\u7684\uff1b\u5168\u795e\u8d2f\u6ce8\u7684", "def": "If you are absorbed in something or someone, you are very interested in them and they take up all your attention and energy.", "example": [{"ex": "They were completely absorbed in each other...", "tran": "\u4e24\u4eba\u5f7c\u6b64\u503e\u5fc3\u3002", "tts_mp3": "http://res-tts.iciba.com/tts_dj/9/6/a/96a8d04e7256618ac74d11fb49a3c564.mp3", "tts_size": "11K"}, {"ex": "He had discovered politics and was rapidly becoming absorbed by it...", "tran": "\u4ed6\u63a5\u89e6\u5230\u4e86\u653f\u6cbb\u5e76\u4e14\u8fc5\u901f\u5730\u5bf9\u5b83\u7740\u4e86\u8ff7\u3002", "tts_mp3": "http://res-tts.iciba.com/tts_dj/f/7/6/f76a60d917cbafbf7d8c60a82f285e54.mp3", "tts_size": "20K"}]}], "collins_star": "1", "frequency_count": 3125006, "frequency_rank": 13521}