{"ph_en": "\u02c8\u00e6bst\u026an\u0259ns", "ph_am": "\u02c8\u00e6bst\u0259n\u0259ns", "ph_en_mp3": "http://res.iciba.com/resource/amp3/oxford/0/ef/fe/effe03178de288f2c33bda2659c858d2.mp3", "ph_am_mp3": "http://res.iciba.com/resource/amp3/1/0/2f/53/2f531206d312b6d8c1456bef676b560b.mp3", "parts": [{"part": "n.", "means": ["\u8282\u5236", "\u8282\u6b32", "\u6212\u9152"]}], "collins": [{"posp": "N-UNCOUNT", "tran": "\u6212\u7edd\uff1b\u8282\u5236\uff1b\u7981\u6b32", "def": "Abstinence is the practice of abstaining from something such as alcoholic drink or sex, often for health or religious reasons.", "example": [{"ex": "...six months of abstinence.", "tran": "\u7981\u6b326\u4e2a\u6708", "tts_mp3": "http://res-tts.iciba.com/tts_dj/d/e/2/de230d826af2848ea3c1f4b90d4212f3.mp3", "tts_size": "10K"}, {"ex": "...total abstinence from alcohol.", "tran": "\u5f7b\u5e95\u6212\u9152", "tts_mp3": "http://res-tts.iciba.com/tts_dj/2/e/f/2ef67ef5b0cfd7b0cbe7b0004d03be1c.mp3", "tts_size": "10K"}]}], "collins_star": "1", "frequency_count": 1160063, "frequency_rank": 24124}