{"ph_en": "\u02c8\u00e6bstr\u00e6kt", "ph_am": "\u02c8\u00e6b\u02ccstr\u00e6kt", "ph_en_mp3": "http://res.iciba.com/resource/amp3/oxford/0/03/90/0390b0bb4e556f329ca196fa967e12b2.mp3", "ph_am_mp3": "http://res.iciba.com/resource/amp3/1/0/ce/28/ce28071e1a0424ba1b7956dd3853c7fb.mp3", "parts": [{"part": "adj.", "means": ["\u62bd\u8c61\u7684\uff0c\u7406\u8bba\u4e0a\u7684", "\u96be\u89e3\u7684", "\u62bd\u8c61\u6d3e\u7684", "\u832b\u7136\u7684"]}, {"part": "n.", "means": ["\u62bd\u8c61\u6982\u5ff5", "\u62bd\u8c61\u6d3e\u827a\u672f\u4f5c\u54c1", "\u6458\u8981", "[\u5316]\u8403\u53d6\u7269"]}, {"part": "vt.", "means": ["\u63d0\u53d6\uff0c\u5206\u79bb", "\u8f6c\u79fb\uff08\u6ce8\u610f\u7b49\uff09", "\u6982\u62ec\uff0c\u6458\u5f55", "<\u5a49\u8f9e>\u527d\u7a83"]}], "collins": [{"posp": "ADJ-GRADED", "tran": "\u62bd\u8c61\u7684\uff1b\u7eaf\u6982\u5ff5\u7684", "def": "An abstract idea or way of thinking is based on general ideas rather than on real things and events.", "example": [{"ex": "...abstract principles such as justice...", "tran": "\u6b63\u4e49\u7b49\u62bd\u8c61\u539f\u5219", "tts_mp3": "http://res-tts.iciba.com/tts_dj/9/5/5/95555bebfa018ea5d38d91c814d7d594.mp3", "tts_size": "13K"}, {"ex": "It's not a question of some abstract concept.", "tran": "\u8fd9\u4e0d\u662f\u67d0\u4e2a\u62bd\u8c61\u6982\u5ff5\u7684\u95ee\u9898\u3002", "tts_mp3": "http://res-tts.iciba.com/tts_dj/3/2/a/32a1e67b17fb49270ba39dcef1280f26.mp3", "tts_size": "14K"}]}, {"posp": "PHRASE", "tran": "\u5927\u4f53\u4e0a\uff1b\u7406\u8bba\u4e0a\uff1b\u62bd\u8c61\u5730", "def": "When you talk or think about something in the abstract, you talk or think about it in a general way, rather than considering particular things or events.", "example": [{"ex": "Money was a commodity she never thought about except in the abstract.", "tran": "\u94b1\u5bf9\u5979\u6765\u8bf4\u5c31\u662f\u4e2a\u62bd\u8c61\u7684\u4e1c\u897f\uff0c\u5979\u4ece\u4e0d\u53bb\u60f3\u94b1\u3002", "tts_mp3": "http://res-tts.iciba.com/tts_dj/b/a/0/ba0e000440da089c709e80743624c315.mp3", "tts_size": "19K"}]}, {"posp": "ADJ", "tran": "\uff08\u540d\u8bcd)\u62bd\u8c61\u7684\uff0c\u8868\u793a\u62bd\u8c61\u6982\u5ff5\u7684", "def": "In grammar, an abstract noun refers to a quality or idea rather than to a physical object.", "example": [{"ex": "...abstract words such as glory, honor, and courage.", "tran": "\u62bd\u8c61\u540d\u8bcd\uff0c\u5982\u5149\u8363\u3001\u8363\u8000\u548c\u52c7\u6c14", "tts_mp3": "http://res-tts.iciba.com/tts_dj/c/a/3/ca3b16bc99229a7c3cd4ad3b0ed3158b.mp3", "tts_size": "19K"}]}, {"posp": "ADJ-GRADED", "tran": "\uff08\u827a\u672f)\u62bd\u8c61\uff08\u6d3e\uff09\u7684", "def": "Abstract art makes use of shapes and patterns rather than showing people or things.", "example": [{"ex": "...a modern abstract painting.", "tran": "\u4e00\u5e45\u73b0\u4ee3\u6d3e\u62bd\u8c61\u753b", "tts_mp3": "http://res-tts.iciba.com/tts_dj/6/0/c/60cec710298eafd130749f16e8083d1c.mp3", "tts_size": "10K"}]}, {"posp": "N-COUNT", "tran": "\u62bd\u8c61\u6d3e\u827a\u672f\u4f5c\u54c1", "def": "An abstract is an abstract work of art.", "example": []}, {"posp": "N-COUNT", "tran": "\u6458\u8981;\u6897\u6982", "def": "An abstract of an article, document, or speech is a short piece of writing that gives the main points of it.", "example": []}, {"posp": "VERB", "tran": "\u63d0\u53d6\uff1b\u62bd\u53d6\uff1b\u6458\u53d6", "def": "If you abstract something from a place, you take it from there.", "example": [{"ex": "...a licence to abstract water from the River Axe...", "tran": "\u4ece\u963f\u514b\u65af\u6cb3\u4e2d\u62bd\u6c34\u7684\u8bb8\u53ef\u8bc1", "tts_mp3": "http://res-tts.iciba.com/tts_dj/7/e/1/7e138a15f5fc3c2fcf5ba6fb448ae8ac.mp3", "tts_size": "15K"}, {"ex": "The author has abstracted poems from earlier books.", "tran": "\u4f5c\u8005\u4ece\u4ee5\u524d\u7684\u4e66\u4e2d\u6458\u53d6\u4e86\u4e00\u4e9b\u8bd7\u4f5c\u3002", "tts_mp3": "http://res-tts.iciba.com/tts_dj/5/9/5/59589849a388779cfda0f4921c2ba71a.mp3", "tts_size": "17K"}]}], "collins_star": "2", "frequency_count": 55951880, "frequency_rank": 1475}