{"ph_en": "\u0259b\u02c8sten\u0283n", "ph_am": "\u00e6b\u02c8st\u025bn\u0283\u0259n, \u0259b-", "ph_en_mp3": "http://res.iciba.com/resource/amp3/oxford/0/c7/64/c764d317bc2ad8a3dc102c626afefed1.mp3", "ph_am_mp3": "http://res.iciba.com/resource/amp3/1/0/9b/28/9b2857af4b038ea4d7c757a7f8ba2c70.mp3", "parts": [{"part": "n.", "means": ["\u5f03\u6743", "\u907f\u514d", "\u56de\u907f", "\u8282\u5236"]}], "collins": [{"posp": "N-VAR", "tran": "\uff08\u6295\u7968\u65f6\u4e4b\uff09\u5f03\u6743", "def": "Abstention is a formal act of not voting either for or against a proposal.", "example": [{"ex": "...a vote of sixteen in favor, three against, and one abstention...", "tran": "16\u7968\u8d5e\u6210\u30013\u7968\u53cd\u5bf9\u30011\u7968\u5f03\u6743", "tts_mp3": "http://res-tts.iciba.com/tts_dj/5/9/c/59c88ac510549d8afa62029c2c053d0f.mp3", "tts_size": "21K"}, {"ex": "The number of abstentions is likely to be crucial...", "tran": "\u5f03\u6743\u7968\u6570\u5f88\u53ef\u80fd\u8d77\u51b3\u5b9a\u6027\u4f5c\u7528\u3002", "tts_mp3": "http://res-tts.iciba.com/tts_dj/f/c/5/fc51b460084b565ef4ca027f72507970.mp3", "tts_size": "14K"}]}, {"posp": "N-UNCOUNT", "tran": "\u540c abstinence", "def": "Abstention is the same as abstinence.", "example": [{"ex": "The goal is complete abstention from all mind-altering substances.", "tran": "\u76ee\u6807\u662f\u5f7b\u5e95\u6212\u7edd\u6240\u6709\u81f4\u5e7b\u7269\u8d28\u3002", "tts_mp3": "http://res-tts.iciba.com/tts_dj/1/a/d/1adba1949e287dd611ca5275a0308bfa.mp3", "tts_size": "20K"}]}], "collins_star": "1", "frequency_count": 212609, "frequency_rank": 64813}