{"ph_en": "\u00e6b\u02c8str\u00e6k\u0283n", "ph_am": "\u00e6b\u02c8str\u00e6k\u0283\u0259n, \u0259b-", "ph_en_mp3": "http://res.iciba.com/resource/amp3/oxford/0/4d/2d/4d2dafa128e8fff35be3f6d1f3ca20b7.mp3", "ph_am_mp3": "http://res.iciba.com/resource/amp3/1/0/97/6d/976d7f4df64d24f20d17e6628210c895.mp3", "parts": [{"part": "n.", "means": ["\u62bd\u8c61", "\u51fa\u795e", "\u62bd\u8c61\u6982\u5ff5", "\u62bd\u8c61\u5316"]}], "collins": [{"posp": "N-VAR", "tran": "\u62bd\u8c61\u6982\u5ff5\uff1b\u62bd\u8c61\u540d\u79f0", "def": "An abstraction is a general idea rather than one relating to a particular object, person, or situation.", "example": [{"ex": "Is it worth fighting a big war, in the name of an abstraction like sovereignty?", "tran": "\u5728\u4e3b\u6743\u4e4b\u7c7b\u62bd\u8c61\u6982\u5ff5\u7684\u540d\u4e49\u4e0b\u6253\u4e00\u573a\u5927\u6218\u662f\u5426\u503c\u5f97\u5462\uff1f", "tts_mp3": "http://res-tts.iciba.com/tts_dj/4/6/7/4672c4207d2f2c76d9b4ac419e8384b1.mp3", "tts_size": "21K"}]}, {"posp": "N-UNCOUNT", "tran": "\u51fa\u795e\uff1b\u5fc3\u4e0d\u5728\u7109", "def": "Abstraction is the state of being very deep in thought.", "example": [{"ex": "Andrew noticed her abstraction and asked, 'What's bothering you?'", "tran": "\u5b89\u5fb7\u9c81\u6ce8\u610f\u5230\u5979\u5728\u6123\u795e\uff0c\u4fbf\u95ee\u9053\uff1a\u201c\u4f60\u600e\u4e48\u5566\uff1f\u201d", "tts_mp3": "http://res-tts.iciba.com/tts_dj/4/7/d/47dc4dc030c1f457180396fdbafb7348.mp3", "tts_size": "19K"}]}, {"posp": "N-UNCOUNT", "tran": "\uff08\u827a\u672f\u7684\uff09\u62bd\u8c61\u4e3b\u4e49", "def": "Abstraction is the use of shapes and patterns in art.", "example": []}], "collins_star": "1", "frequency_count": 2366467, "frequency_rank": 15864}