{"ph_en": "\u0259b\u02c8ste\u026an", "ph_am": "\u00e6b\u02c8sten, \u0259b-", "ph_en_mp3": "http://res.iciba.com/resource/amp3/oxford/0/32/f0/32f025e0004ef6555c0e6048dcd7e747.mp3", "ph_am_mp3": "http://res.iciba.com/resource/amp3/1/0/8d/7d/8d7d26abfbddb85c0cde90a635b800aa.mp3", "parts": [{"part": "vi.", "means": ["\u6212\uff08\u5c24\u6307\u9152\uff09\uff0c\u6212\u9664", "\u5f03\u6743", "\u907f\u514d"]}], "collins": [{"posp": "VERB", "tran": "\u6212\u7edd\uff1b\u6291\u5236", "def": "If you abstain from something, usually something you want to do, you deliberately do not do it.", "example": [{"ex": "Abstain from sex or use condoms...", "tran": "\u7981\u7edd\u6027\u4e8b\u6216\u4f7f\u7528\u5b89\u5168\u5957\u3002", "tts_mp3": "http://res-tts.iciba.com/tts_dj/5/a/4/5a4159f968f4148683b7c35a024dbe1b.mp3", "tts_size": "13K"}, {"ex": "Do you drink alcohol, smoke, or abstain?", "tran": "\u4f60\u559d\u9152\u62bd\u70df\u5417\uff0c\u8fd8\u662f\u70df\u9152\u4e0d\u6cbe\uff1f", "tts_mp3": "http://res-tts.iciba.com/tts_dj/4/7/8/478e0837d2aa9390a1bdc9acfd2f26bf.mp3", "tts_size": "16K"}]}, {"posp": "VERB", "tran": "\uff08\u6295\u7968\u65f6\uff09\u5f03\u6743", "def": "If you abstain during a vote, you do not use your vote.", "example": [{"ex": "Three Conservative MPs abstained in the vote.", "tran": "\u4e09\u4f4d\u4fdd\u5b88\u515a\u4e0b\u9662\u8bae\u5458\u6295\u4e86\u5f03\u6743\u7968\u3002", "tts_mp3": "http://res-tts.iciba.com/tts_dj/b/3/0/b302285f11f3fb1f583b0152d1e8fcdc.mp3", "tts_size": "14K"}]}], "collins_star": "1", "frequency_count": 857265, "frequency_rank": 28757}