{"ph_en": "\u0259b\u02c8s\u025c:d", "ph_am": "\u0259b\u02c8s\u025crd", "ph_en_mp3": "http://res.iciba.com/resource/amp3/0/0/65/99/65997b466ba894a5f6d08718370ebb33.mp3", "ph_am_mp3": "http://res.iciba.com/resource/amp3/1/0/65/99/65997b466ba894a5f6d08718370ebb33.mp3", "parts": [{"part": "adj.", "means": ["\u8352\u8c2c\u7684", "\u8352\u5510\u7684", "\u65e0\u7406\u6027\u7684\uff0c\u6742\u4e71\u65e0\u7ae0\u7684", "\u8352\u8bde\u4e3b\u4e49\u7684\uff0c\u8352\u8bde\u7684"]}, {"part": "n.", "means": ["\u65e0\u4ef7\u503c\uff0c\u65e0\u610f\u4e49"]}], "collins": [{"posp": "ADJ-GRADED", "tran": "\u8352\u8c2c\u7684\uff1b\u8352\u5510\u7684\uff1b\u4e0d\u5408\u7406\u7684", "def": "If you say that something is absurd, you are criticizing it because you think that it is ridiculous or that it does not make sense.", "example": [{"ex": "It is absurd to be discussing compulsory redundancy policies for teachers...", "tran": "\u8ba8\u8bba\u9488\u5bf9\u6559\u5e08\u7684\u5f3a\u5236\u88c1\u5458\u653f\u7b56\u771f\u662f\u6ed1\u7a3d\u53ef\u7b11\u3002", "tts_mp3": "http://res-tts.iciba.com/tts_dj/3/4/3/3437bf9bd4566f59cbb08fcdcfcd7303.mp3", "tts_size": "23K"}, {"ex": "I've known clients of mine go to absurd lengths, just to avoid paying me a few pounds...", "tran": "\u6211\u77e5\u9053\u6211\u7684\u4e00\u4e9b\u5ba2\u6237\u5c31\u4e3a\u4e86\u5c11\u4ed8\u6211\u51e0\u82f1\u9551\uff0c\u53ef\u8c13\u65e0\u6240\u4e0d\u7528\u5176\u6781\u3002", "tts_mp3": "http://res-tts.iciba.com/tts_dj/f/3/8/f3822256f3eea67db68294511b6a7c4c.mp3", "tts_size": "25K"}]}], "collins_star": "2", "frequency_count": 2148981, "frequency_rank": 16818}