{"ph_en": "\u0259\u02c8b\u028cnd\u0259ns", "ph_am": "\u0259\u02c8b\u028cnd\u0259ns", "ph_en_mp3": "http://res.iciba.com/resource/amp3/oxford/0/94/58/945864aa28a2115cc9e07bcd1439756c.mp3", "ph_am_mp3": "http://res.iciba.com/resource/amp3/1/0/e6/28/e628b41402597619971a78bdfa853074.mp3", "parts": [{"part": "n.", "means": ["\u4e30\u5bcc\uff0c\u5145\u88d5", "\u5927\u91cf\uff0c\u6781\u591a", "\u76c8\u4f59", "\u4e30\u5ea6"]}], "collins": [{"posp": "N-SING-COLL", "tran": "\u5927\u91cf;\u4e30\u5bcc;\u5145\u8db3", "def": "An abundance of something is a large quantity of it.", "example": [{"ex": "The area has an abundance of wildlife...", "tran": "\u8fd9\u7247\u5730\u533a\u6709\u4e30\u5bcc\u7684\u91ce\u751f\u52a8\u690d\u7269\u3002", "tts_mp3": "http://res-tts.iciba.com/tts_dj/7/d/b/7db18d8ca0b6560197bb2cbafb630f66.mp3", "tts_size": "12K"}, {"ex": "Food was in abundance.", "tran": "\u98df\u54c1\u5145\u8db3\u3002", "tts_mp3": "http://res-tts.iciba.com/tts_dj/4/b/e/4be43214b27d3c0e3f0135c965ed2226.mp3", "tts_size": "8K"}]}], "collins_star": "1", "frequency_count": 4870991, "frequency_rank": 10239}