{"ph_en": "\u0259\u02c8b\u028cnd\u0259nt", "ph_am": "\u0259\u02c8b\u028cnd\u0259nt", "ph_en_mp3": "http://res.iciba.com/resource/amp3/oxford/0/f4/26/f42634e434b2a57d8e319ac11d98a0c8.mp3", "ph_am_mp3": "http://res.iciba.com/resource/amp3/1/0/b3/81/b381e266cc884deb40042f6c724ff6dd.mp3", "parts": [{"part": "adj.", "means": ["\u5927\u91cf\u7684\uff0c\u5145\u8db3\u7684", "\u4e30\u5bcc\u7684\uff0c\u5bcc\u6709\u7684", "\u4e30\u8db3", "\u961c"]}], "collins": [{"posp": "ADJ-GRADED", "tran": "\u5927\u91cf\u7684\uff1b\u4e30\u5bcc\u7684\uff1b\u5145\u8db3\u7684", "def": "Something that is abundant is present in large quantities.", "example": [{"ex": "There is an abundant supply of cheap labour...", "tran": "\u5ec9\u4ef7\u52b3\u52a8\u529b\u4f9b\u5e94\u5145\u8db3\u3002", "tts_mp3": "http://res-tts.iciba.com/tts_dj/1/1/8/1182afe9ea18d4eba9cd8961352a5f55.mp3", "tts_size": "12K"}, {"ex": "Birds are abundant in the tall vegetation.", "tran": "\u9ad8\u5927\u7684\u690d\u88ab\u4e2d\u6709\u7740\u5927\u91cf\u7684\u9e1f\u7c7b\u3002", "tts_mp3": "http://res-tts.iciba.com/tts_dj/c/e/1/ce1e0013106f4d089610134c73027075.mp3", "tts_size": "13K"}]}], "collins_star": "1", "frequency_count": 3441495, "frequency_rank": 12717}