{"ph_en": "\u0259\u02c8bju:s", "ph_am": "\u0259\u02c8bjuz", "ph_en_mp3": "http://res.iciba.com/resource/amp3/oxford/0/1a/26/1a26b2a1eba034581dd5abc47c114f8b.mp3", "ph_am_mp3": "http://res.iciba.com/resource/amp3/1/0/3a/fa/3afa60bc8941f838f1d2aff21b5d89f8.mp3", "parts": [{"part": "n.", "means": ["\u6ee5\u7528", "\u6076\u4e60", "\u4fae\u8fb1", "\u6076\u8a00"]}, {"part": "vt.", "means": ["\u6ee5\u7528", "\u8650\u5f85", "\u8fb1\u9a82"]}], "collins": [{"posp": "N-UNCOUNT", "tran": "\u8650\u5f85\uff1b\u51cc\u8fb1", "def": "Abuse of someone is cruel and violent treatment of them.", "example": [{"ex": "...investigation of alleged child abuse.", "tran": "\u5bf9\u6d89\u5acc\u8650\u7ae5\u6848\u7684\u8c03\u67e5", "tts_mp3": "http://res-tts.iciba.com/tts_dj/e/e/c/eec771eab90e52ed4d67475bd9e5bb4d.mp3", "tts_size": "14K"}, {"ex": "...victims of sexual and physical abuse.", "tran": "\u906d\u53d7\u6027\u8650\u5f85\u53ca\u8089\u4f53\u6467\u6b8b\u7684\u53d7\u5bb3\u8005", "tts_mp3": "http://res-tts.iciba.com/tts_dj/8/8/0/88081426fbbec268cc20ae9b6a223928.mp3", "tts_size": "14K"}]}, {"posp": "N-UNCOUNT", "tran": "\u8fb1\u9a82;\u6076\u8bed", "def": "Abuse is extremely rude and insulting things that people say when they are angry.", "example": [{"ex": "I was left shouting abuse as the car sped off...", "tran": "\u6c7d\u8f66\u98de\u9a70\u800c\u53bb\uff0c\u7559\u4e0b\u6211\u5728\u90a3\u91cc\u5927\u58f0\u5492\u9a82\u3002", "tts_mp3": "http://res-tts.iciba.com/tts_dj/8/3/7/837b6636c3e26e1fca2da6f68aefe525.mp3", "tts_size": "14K"}, {"ex": "Raft repeatedly hurled verbal abuse at his co-star.", "tran": "\u62c9\u592b\u7279\u4e0d\u65ad\u5730\u7834\u53e3\u5927\u9a82\u548c\u4ed6\u8054\u5408\u4e3b\u6f14\u7684\u6f14\u5458\u3002", "tts_mp3": "http://res-tts.iciba.com/tts_dj/c/f/b/cfbda6acd8b78ff6bb0ffc77d0eeb211.mp3", "tts_size": "16K"}]}, {"posp": "N-VAR", "tran": "\u6ee5\u7528\uff1b\u5984\u7528", "def": "Abuse of something is the use of it in a wrong way or for a bad purpose.", "example": [{"ex": "What went on here was an abuse of power.", "tran": "\u8fd9\u91cc\u6240\u53d1\u751f\u7684\u4e8b\u662f\u4e00\u79cd\u6ee5\u7528\u804c\u6743\u7684\u884c\u4e3a\u3002", "tts_mp3": "http://res-tts.iciba.com/tts_dj/c/3/b/c3b4229927fd18732e07bfdc63561ce2.mp3", "tts_size": "11K"}, {"ex": "...drug and alcohol abuse.", "tran": "\u55dc\u6bd2\u548c\u9157\u9152", "tts_mp3": "http://res-tts.iciba.com/tts_dj/2/9/3/293c5c72391cdd5a026eef57f0ef0b90.mp3", "tts_size": "10K"}]}, {"posp": "VERB", "tran": "\u8650\u5f85;\u51cc\u8fb1;\u4f24\u5bb3", "def": "If someone is abused, they are treated cruelly and violently.", "example": [{"ex": "Janet had been abused by her father since she was eleven.", "tran": "\u73cd\u59ae\u7279\u4ece11\u5c81\u8d77\u5c31\u906d\u53d7\u7236\u4eb2\u8650\u5f85\u3002", "tts_mp3": "http://res-tts.iciba.com/tts_dj/5/8/f/58f04f9756582ea5618062d483c4241e.mp3", "tts_size": "15K"}, {"ex": "...parents who feel they cannot cope or might abuse their children.", "tran": "\u8ba4\u4e3a\u81ea\u5df1\u5e94\u4ed8\u4e0d\u6765\u6216\u53ef\u80fd\u4f1a\u8650\u5f85\u5b69\u5b50\u7684\u7236\u6bcd", "tts_mp3": "http://res-tts.iciba.com/tts_dj/a/0/b/a0ba4c8c126dfc0bfbf952802dce5433.mp3", "tts_size": "17K"}]}, {"posp": "VERB", "tran": "\u8fb1\u9a82;\u4fae\u8fb1", "def": "You can say that someone is abused if extremely rude and insulting things are said to them.", "example": [{"ex": "He alleged that he was verbally abused by other soldiers.", "tran": "\u4ed6\u5ba3\u79f0\u81ea\u5df1\u906d\u5230\u5176\u4ed6\u58eb\u5175\u7684\u8fb1\u9a82\u3002", "tts_mp3": "http://res-tts.iciba.com/tts_dj/4/5/0/450ae582e5af9a518eed8fe03b901b38.mp3", "tts_size": "16K"}]}, {"posp": "VERB", "tran": "\u6ee5\u7528\uff1b\u5984\u7528", "def": "If you abuse something, you use it in a wrong way or for a bad purpose.", "example": [{"ex": "He showed how the rich and powerful can abuse their position.", "tran": "\u4ed6\u8ba9\u6211\u4eec\u770b\u5230\u6709\u94b1\u6709\u52bf\u7684\u4eba\u662f\u5982\u4f55\u6ee5\u7528\u5176\u5730\u4f4d\u7684\u3002", "tts_mp3": "http://res-tts.iciba.com/tts_dj/5/5/d/55da8e7593be9669fc884afd0704a3fe.mp3", "tts_size": "17K"}]}], "collins_star": "4", "frequency_count": 36269685, "frequency_rank": 2225}