{"ph_en": "\u0259\u02c8bju:s\u026av", "ph_am": "\u0259\u02c8bjus\u026av, -z\u026av", "ph_en_mp3": "http://res.iciba.com/resource/amp3/oxford/0/49/90/49903ee78048ac5d3790d8280e47eae1.mp3", "ph_am_mp3": "http://res.iciba.com/resource/amp3/1/0/91/9e/919ee09718fd2881a7c7650e52ea40bc.mp3", "parts": [{"part": "adj.", "means": ["\u9a82\u4eba\u7684", "\u6ee5\u7528\u7684", "\u8650\u5f85\u7684"]}], "collins": [{"posp": "ADJ-GRADED", "tran": "\u8650\u5f85\u7684;\u51cc\u8fb1\u7684", "def": "Someone who is abusive behaves in a cruel and violent way towards other people.", "example": [{"ex": "He became violent and abusive toward Ben's mother...", "tran": "\u4ed6\u5bf9\u672c\u7684\u5988\u5988\u52a8\u8d77\u7c97\u6765\u3002", "tts_mp3": "http://res-tts.iciba.com/tts_dj/0/b/3/0b366aa7c41bc496c3ec23e01d9e5d5f.mp3", "tts_size": "14K"}, {"ex": "One in eight women lives in an abusive relationship.", "tran": "\u6bcf\u516b\u4f4d\u5973\u6027\u4e2d\u5c31\u6709\u4e00\u4f4d\u906d\u53d7\u4f34\u4fa3\u7684\u8650\u5f85\u3002", "tts_mp3": "http://res-tts.iciba.com/tts_dj/7/4/6/7460428679f2a4e4bc3b40cef0718323.mp3", "tts_size": "14K"}]}, {"posp": "ADJ-GRADED", "tran": "\u4fae\u8fb1\u6027\u7684\uff1b\u6076\u8a00\u8c29\u9a82\u7684", "def": "Abusive language is extremely rude and insulting.", "example": [{"ex": "He was alleged to have used abusive language.", "tran": "\u4ed6\u88ab\u6307\u79f0\u4f7f\u7528\u8fc7\u4fae\u8fb1\u6027\u8bed\u8a00\u3002", "tts_mp3": "http://res-tts.iciba.com/tts_dj/4/8/a/48a97688e26f77e77226a565624f0e65.mp3", "tts_size": "14K"}]}], "collins_star": "1", "frequency_count": 3183793, "frequency_rank": 13365}