{"ph_en": "\u0259\u02c8b\u026as", "ph_am": "\u0259\u02c8b\u026as", "ph_en_mp3": "http://res.iciba.com/resource/amp3/oxford/0/8d/97/8d972feba01f951c62bb8a896f9dc3d7.mp3", "ph_am_mp3": "http://res.iciba.com/resource/amp3/1/0/73/21/7321a0a60f5809733b8a12a55bb0845c.mp3", "parts": [{"part": "n.", "means": ["\u6df1\u6e0a\uff0c\u65e0\u5e95\u6d1e", "\u6df1\u9083", "<\u53e4>\u5730\u72f1\uff0c\u9634\u95f4", "\u6d51\u6c8c"]}], "collins": [{"posp": "N-COUNT", "tran": "\u6df1\u6e0a", "def": "An abyss is a very deep hole in the ground.", "example": []}, {"posp": "N-COUNT", "tran": "\u9669\u6076\u7684\u5883\u5730", "def": "If someone is on the edge or brink of an abyss, they are about to enter into a very frightening or threatening situation.", "example": [{"ex": "He felt he was on the edge of an abyss; one false move and he was done for...", "tran": "\u4ed6\u89c9\u5f97\u5982\u4e34\u6df1\u6e0a\uff0c\u4e00\u6b65\u4e0d\u614e\u4fbf\u4f1a\u6c38\u52ab\u4e0d\u590d\u3002", "tts_mp3": "http://res-tts.iciba.com/tts_dj/c/1/8/c189a6a539bb86f9f3ed7ec590f24407.mp3", "tts_size": "24K"}, {"ex": "The country was on the brink of an abyss.", "tran": "\u56fd\u5bb6\u5c8c\u5c8c\u53ef\u5371\u3002", "tts_mp3": "http://res-tts.iciba.com/tts_dj/f/5/f/f5f29f72493961043ebf80402402ec75.mp3", "tts_size": "11K"}]}, {"posp": "N-COUNT", "tran": "\u6781\u5927\u7684\u5dee\u5f02\uff1b\u9e3f\u6c9f", "def": "A very great difference between two people, things, or groups can be referred to as an abyss .", "example": [{"ex": "How big is the abyss between what you think you are and what you actually are?", "tran": "\u4f60\u5bf9\u81ea\u5df1\u7684\u8ba4\u8bc6\u548c\u771f\u5b9e\u7684\u4f60\u4e4b\u95f4\u5dee\u522b\u5230\u5e95\u6709\u591a\u5927\uff1f", "tts_mp3": "http://res-tts.iciba.com/tts_dj/6/c/7/6c78e73ad4185adfc47ec4cf6e5ed10d.mp3", "tts_size": "21K"}]}], "collins_star": "1", "frequency_count": 1152408, "frequency_rank": 24213}