{"ph_en": "\u02cce\u026a \u02c8si:", "ph_am": "\u02cce\u026a'si", "ph_en_mp3": "http://res.iciba.com/resource/amp3/oxford/0/18/52/18529796e79a83e888cde9107d17cbef.mp3", "ph_am_mp3": "", "parts": [{"part": "abbr.", "means": ["Analogue Controller\u6a21\u62df\u63a7\u5236\u5668"]}], "collins": [{"posp": "N-UNCOUNT", "tran": "\u4ea4\u6d41\u7535", "def": "AC is used to refer to an electric current that continually changes direction as it flows. AC is an abbreviation for (\u7f29\u7565=) 'alternating current'.", "example": [{"ex": "In Europe, AC is usually generated at 50 Hz.", "tran": "\u6b27\u6d32\u7684\u4ea4\u6d41\u7535\u8f93\u51fa\u9891\u7387\u901a\u5e38\u4e3a50\u8d6b\u5179\u3002", "tts_mp3": "http://res-tts.iciba.com/tts_dj/8/2/6/8267dea02aef37f99d5e3dd6f780d617.mp3", "tts_size": "19K"}, {"ex": "...a portable AC generator.", "tran": "\u4fbf\u643a\u5f0f\u4ea4\u6d41\u53d1\u7535\u673a", "tts_mp3": "http://res-tts.iciba.com/tts_dj/1/9/e/19e628a34187ca3b4c83431516a4e854.mp3", "tts_size": "10K"}]}], "collins_star": "1", "frequency_count": 38166598, "frequency_rank": 2121}