{"ph_en": "\u02cc\u00e6k\u0259\u02c8dem\u026ak", "ph_am": "\u02cc\u00e6k\u0259\u02c8d\u025bm\u026ak", "ph_en_mp3": "http://res.iciba.com/resource/amp3/oxford/0/c0/81/c081a0dbdbdd145139abe2a6b14e53d2.mp3", "ph_am_mp3": "http://res.iciba.com/resource/amp3/1/0/8d/a6/8da6f5e5e803dafe72cabfdd8adb476f.mp3", "parts": [{"part": "adj.", "means": ["\u5b66\u9662\u7684\uff0c\u5927\u5b66\u7684\uff0c\u5b66\u4f1a\u7684\uff0c\uff08\u5b66\u672f\uff0c\u6587\u827a\uff09\u534f\u4f1a\u7684", "\u5b66\u7a76\u7684\uff0c\u5b66\u7406\u4e0a\u7684\uff0c\u7a7a\u8c08\u7684\uff0c\u975e\u5b9e\u7528\u7684", "\u3008\u7f8e\u3009\u6587\u79d1\u7684\uff0c\u6587\u5b66\u7684", "\u67cf\u62c9\u56fe\u5b66\u6d3e\u7684"]}, {"part": "n.", "means": ["\u5b66\u8005", "\u5927\u5b66\u6559\u5e08\uff0c\u5927\u5b66\u751f\uff0c\u5b66\u4f1a\u4f1a\u5458", "\u7eb8\u4e0a\u7a7a\u8bba\uff0c\u7a7a\u8bba", "[A-]\u67cf\u62c9\u56fe\u54f2\u5b66\u4fe1\u5949\u8005"]}], "collins": [{"posp": "ADJ", "tran": "\u6559\u5b66\u7684\uff0c\u5b66\u4e1a\u7684\uff08\u5c24\u6307\u5b66\u8bc6\u65b9\u9762\u800c\u975e\u5b9e\u8df5\u3001\u6280\u80fd\u4e0a\u7684\uff09", "def": "Academic is used to describe things that relate to the work done in schools, colleges, and universities, especially work which involves studying and reasoning rather than practical or technical skills.", "example": [{"ex": "Their academic standards are high...", "tran": "\u4ed6\u4eec\u7684\u6559\u5b66\u6c34\u5e73\u5f88\u9ad8\u3002", "tts_mp3": "http://res-tts.iciba.com/tts_dj/5/0/0/500bcb65686d5d9d897bffd1bd5e9510.mp3", "tts_size": "10K"}, {"ex": "I was terrible at school and left with few academic qualifications...", "tran": "\u6211\u7684\u5b66\u4e60\u6210\u7ee9\u4e00\u584c\u7cca\u6d82\uff0c\u79bb\u6821\u65f6\u51e0\u4e4e\u6ca1\u6709\u5b66\u5386\u3002", "tts_mp3": "http://res-tts.iciba.com/tts_dj/2/f/9/2f9ab60fc54cb680a3138d5d8b03dc22.mp3", "tts_size": "21K"}]}, {"posp": "ADJ", "tran": "\u5b66\u6821\u7684;\u5b66\u9662\u7684;\u5927\u5b66\u7684", "def": "Academic is used to describe things that relate to schools, colleges, and universities.", "example": [{"ex": "...the start of the last academic year...", "tran": "\u6700\u540e\u4e00\u4e2a\u5b66\u5e74\u7684\u5f00\u59cb", "tts_mp3": "http://res-tts.iciba.com/tts_dj/4/a/6/4a62e45a7a4643c755317ff137714fda.mp3", "tts_size": "10K"}, {"ex": "I'd had enough of academic life.", "tran": "\u5b66\u751f\u751f\u6d3b\u6211\u5df2\u7ecf\u8fc7\u591f\u4e86\u3002", "tts_mp3": "http://res-tts.iciba.com/tts_dj/6/f/1/6f112aa9fda03311746278d82b59bfbf.mp3", "tts_size": "10K"}]}, {"posp": "ADJ-GRADED", "tran": "\u5b66\u672f\u7684,\u91cd\u7814\u7a76\u4e0e\u601d\u8fa8\u7684\uff08\u4e0e\u91cd\u5b9e\u8df5\u6216\u6280\u80fd\u76f8\u5bf9\uff09", "def": "Academic is used to describe work, or a school, college, or university, that places emphasis on studying and reasoning rather than on practical or technical skills.", "example": [{"ex": "The author has settled for a more academic approach...", "tran": "\u90a3\u4f4d\u4f5c\u8005\u5df2\u786e\u5b9a\u91c7\u7528\u66f4\u4e3a\u5b66\u672f\u7684\u65b9\u6cd5\u3002", "tts_mp3": "http://res-tts.iciba.com/tts_dj/6/a/5/6a5789e8a4eaa7da3d6c3b41035ea01e.mp3", "tts_size": "16K"}, {"ex": "Different schools teach different types of syllabus, from the highly academic to the broadly vocational.", "tran": "\u4e0d\u540c\u7684\u5b66\u6821\u6709\u4e0d\u540c\u7684\u6559\u5b66\u8ba1\u5212\uff0c\u4ece\u9ad8\u5ea6\u5b66\u672f\u7684\u5230\u666e\u901a\u804c\u4e1a\u6559\u80b2\u7684\uff0c\u4e0d\u4e00\u800c\u8db3\u3002", "tts_mp3": "http://res-tts.iciba.com/tts_dj/4/5/e/45e10e762f7f0fe735184f911cd285ac.mp3", "tts_size": "29K"}]}, {"posp": "ADJ-GRADED", "tran": "\u5b66\u4e1a\u4f18\u79c0\u7684", "def": "Someone who is academic is good at studying.", "example": [{"ex": "The system is failing most disastrously among less academic children.", "tran": "\u8fd9\u79cd\u5236\u5ea6\u5bf9\u5b66\u4e60\u4e0d\u592a\u597d\u7684\u5b69\u5b50\u6548\u679c\u6700\u5dee\u3002", "tts_mp3": "http://res-tts.iciba.com/tts_dj/4/5/9/4595c5a424e8ff0201f334a036ca8efa.mp3", "tts_size": "22K"}]}, {"posp": "N-COUNT", "tran": "\u5927\u5b66\u6559\u5e08\uff1b\u9ad8\u6821\u79d1\u7814\u4eba\u5458", "def": "An academic is a member of a university or college who teaches or does research.", "example": []}, {"posp": "ADJ-GRADED", "tran": "\u5b66\u7a76\u5f0f\u7684\uff1b\u7a7a\u8c08\u7684\uff1b\u4e0d\u5207\u5b9e\u9645\u7684", "def": "You can say that a discussion or situation is academic if you think it is not important because it has no real effect or cannot happen.", "example": [{"ex": "This was not an academic exercise \u2014 soldiers' lives were at risk...", "tran": "\u8fd9\u4e0d\u662f\u7eb8\u4e0a\u6f14\u4e60\u2014\u2014\u58eb\u5175\u7684\u751f\u547d\u53d7\u5230\u4e86\u5a01\u80c1\u3002", "tts_mp3": "http://res-tts.iciba.com/tts_dj/6/e/0/6e08cac105cdc2025d9cc743b82f7d81.mp3", "tts_size": "21K"}, {"ex": "Such is the size of the problem that these arguments are purely academic.", "tran": "\u95ee\u9898\u7684\u5b9e\u60c5\u5728\u4e8e\u8fd9\u4e9b\u8bba\u70b9\u7eaf\u5c5e\u7a7a\u8c08\u3002", "tts_mp3": "http://res-tts.iciba.com/tts_dj/1/8/b/18b8ec888b2237bfc567a2098bf30461.mp3", "tts_size": "20K"}]}], "collins_star": "3", "frequency_count": 54886061, "frequency_rank": 1506}