{"ph_en": "\u0259\u02c8k\u00e6d\u0259mi", "ph_am": "\u0259\u02c8k\u00e6d\u0259mi", "ph_en_mp3": "http://res.iciba.com/resource/amp3/oxford/0/b4/be/b4be4abf9aa31364851ac0ba7c75b78f.mp3", "ph_am_mp3": "http://res.iciba.com/resource/amp3/1/0/d5/a9/d5a9c70352da04497dc3a67f2798ba4c.mp3", "parts": [{"part": "n.", "means": ["\u4e13\u79d1\u5b66\u6821", "\u5b66\u4f1a\uff0c\u5b66\u9662", "\u4e00\u822c\u7684\u9ad8\u7b49\u6559\u80b2", "\u79c1\u7acb\u5b66\u6821\uff0c\u5b66\u672f\u56e2\u4f53"]}], "collins": [{"posp": "N-COUNT", "tran": "\u4e13\u79d1\u9662\u6821;\u5b66\u9662;(\u7f8e\u56fd\u7684)\u79c1\u7acb\u4e2d\u5b66", "def": "Academy is sometimes used in the names of schools and colleges, especially those specializing in particular subjects or skills, or private high schools in the United States.", "example": [{"ex": "...the Royal Academy of Music.", "tran": "\u7687\u5bb6\u97f3\u4e50\u5b66\u9662", "tts_mp3": "http://res-tts.iciba.com/tts_dj/5/d/a/5da45c7731c528b1d056dd4fa3d39358.mp3", "tts_size": "9K"}, {"ex": "...her experience as a police academy instructor.", "tran": "\u5979\u5728\u8b66\u6821\u5f53\u6559\u5b98\u7684\u7ecf\u5386", "tts_mp3": "http://res-tts.iciba.com/tts_dj/0/9/5/0955601f7090b7903091161f4274c282.mp3", "tts_size": "15K"}]}, {"posp": "N-IN-NAMES", "tran": "\uff08\u67d0\u4e00\u9886\u57df\u7684\uff09\u5b66\u4f1a\uff0c\u7814\u7a76\u9662", "def": "Academy appears in the names of some societies formed to improve or maintain standards in a particular field.", "example": [{"ex": "...the American Academy of Psychotherapists...", "tran": "\u7f8e\u56fd\u5fc3\u7406\u6cbb\u7597\u5e08\u5b66\u4f1a", "tts_mp3": "http://res-tts.iciba.com/tts_dj/7/9/e/79e9ac5ec9e855496d1a79a890d4b33b.mp3", "tts_size": "14K"}, {"ex": "The British Academy of Film and Television Arts.", "tran": "\u82f1\u56fd\u7535\u5f71\u548c\u7535\u89c6\u827a\u672f\u5b66\u9662", "tts_mp3": "http://res-tts.iciba.com/tts_dj/b/6/1/b61b21a623a6f275ea25ebd26f821cc5.mp3", "tts_size": "16K"}]}], "collins_star": "2", "frequency_count": 29252165, "frequency_rank": 2725}