{"ph_en": "\u0259k\u02c8sept", "ph_am": "\u00e6k\u02c8s\u025bpt", "ph_en_mp3": "http://res.iciba.com/resource/amp3/oxford/0/58/b9/58b9bacd68c90bad8aefe307412dda7a.mp3", "ph_am_mp3": "http://res.iciba.com/resource/amp3/1/0/4a/be/4abe77c201ff11663ccdf52fd6ecea86.mp3", "parts": [{"part": "vi.", "means": ["\u627f\u8ba4", "\u540c\u610f", "\u627f\u5151"]}, {"part": "vt.", "means": ["\u63a5\u53d7", "\u627f\u8ba4", "\u627f\u62c5", "\u627f\u5151"]}], "collins": [{"posp": "VERB", "tran": "\u63a5\u53d7;\u9886\u53d7;\u6536\u53d7", "def": "If you accept something that you have been offered, you say yes to it or agree to take it.", "example": [{"ex": "Eventually Sam persuaded her to accept an offer of marriage...", "tran": "\u6700\u7ec8\u8428\u59c6\u8bf4\u670d\u5979\u63a5\u53d7\u4e86\u6c42\u5a5a\u3002", "tts_mp3": "http://res-tts.iciba.com/tts_dj/7/f/6/7f684bf64d9d140b2abfd82dcc677b42.mp3", "tts_size": "19K"}, {"ex": "Your old clothes will be gratefully accepted by jumble sale organisers...", "tran": "\u65e7\u8d27\u4e49\u5356\u7684\u7ec4\u7ec7\u8005\u4f1a\u611f\u6fc0\u5730\u9886\u53d7\u60a8\u6350\u8d60\u7684\u65e7\u8863\u7269\u3002", "tts_mp3": "http://res-tts.iciba.com/tts_dj/0/2/0/020b0410ea1c71c400a09abb85a2dcaa.mp3", "tts_size": "21K"}]}, {"posp": "VERB", "tran": "\u76f8\u4fe1\uff08\u89c2\u70b9\u3001\u9648\u8ff0\u3001\u4e8b\u5b9e\u7b49\uff09\uff1b\u8ba4\u4e3a\u2026\u6b63\u786e", "def": "If you accept an idea, statement, or fact, you believe that it is true or valid.", "example": [{"ex": "I do not accept that there is any kind of crisis in British science...", "tran": "\u6211\u4e0d\u76f8\u4fe1\u82f1\u56fd\u79d1\u5b66\u754c\u6709\u4ec0\u4e48\u5371\u673a\u3002", "tts_mp3": "http://res-tts.iciba.com/tts_dj/a/c/3/ac3fb3423e530e0dfaa6cbce031fe4a0.mp3", "tts_size": "20K"}, {"ex": "I don't think they would accept that view...", "tran": "\u6211\u8ba4\u4e3a\u4ed6\u4eec\u4e0d\u4f1a\u63a5\u53d7\u90a3\u79cd\u89c2\u70b9\u3002", "tts_mp3": "http://res-tts.iciba.com/tts_dj/2/4/4/244a7b3ca126d27b9c421f938c879d1c.mp3", "tts_size": "10K"}]}, {"posp": "VERB", "tran": "\u8d5e\u6210\uff0c\u540c\u610f(\u8ba1\u5212\u3001\u884c\u52a8\u7b49\uff09", "def": "If you accept a plan or an intended action, you agree to it and allow it to happen.", "example": [{"ex": "...Britain's reluctance to accept a proposal for a single European currency...", "tran": "\u82f1\u56fd\u4e0d\u613f\u63a5\u53d7\u5355\u4e00\u6b27\u6d32\u8d27\u5e01\u7684\u5efa\u8bae", "tts_mp3": "http://res-tts.iciba.com/tts_dj/7/f/9/7f9f6ffe01478f1fb95289f383b003b7.mp3", "tts_size": "21K"}, {"ex": "The Council will meet to decide if it should accept his resignation.", "tran": "\u59d4\u5458\u4f1a\u5c06\u53ec\u5f00\u4f1a\u8bae\u51b3\u5b9a\u662f\u5426\u63a5\u53d7\u4ed6\u7684\u8f9e\u5448\u3002", "tts_mp3": "http://res-tts.iciba.com/tts_dj/2/5/0/2504064c6fa280be3a24f830702e8b47.mp3", "tts_size": "18K"}]}, {"posp": "VERB", "tran": "\u5fcd\u53d7;\u5bb9\u5fcd;\u627f\u53d7", "def": "If you accept an unpleasant fact or situation, you get used to it or recognize that it is necessary or cannot be changed.", "example": [{"ex": "People will accept suffering that can be shown to lead to a greater good...", "tran": "\u5982\u679c\u80fd\u8bc1\u660e\u773c\u524d\u7684\u82e6\u96be\u4f1a\u5e26\u6765\u66f4\u5927\u7684\u597d\u5904\uff0c\u4eba\u4eec\u5c31\u4f1a\u613f\u610f\u627f\u53d7\u3002", "tts_mp3": "http://res-tts.iciba.com/tts_dj/c/8/d/c8d72e82210535e6ac400c363a070a73.mp3", "tts_size": "18K"}, {"ex": "Urban dwellers often accept noise as part of city life...", "tran": "\u57ce\u5e02\u5c45\u6c11\u5e38\u5c06\u566a\u97f3\u5f53\u6210\u57ce\u5e02\u751f\u6d3b\u7684\u4e00\u90e8\u5206\u3002", "tts_mp3": "http://res-tts.iciba.com/tts_dj/d/d/2/dd2bcab5b14091ba73f90c9a5b231fd6.mp3", "tts_size": "17K"}]}, {"posp": "VERB", "tran": "\u627f\u5151\uff0c\u8ba4\u4ed8\uff08\u5355\u636e\u7b49\uff09\uff1b\u8ba4\u53ef(\u6587\u4ef6\u7b49)", "def": "If a person, company, or organization accepts something such as a document, they recognize that it is genuine, correct, or satisfactory and agree to consider it or handle it.", "example": [{"ex": "We advised newspapers not to accept the advertising...", "tran": "\u6211\u4eec\u5efa\u8bae\u62a5\u793e\u4e0d\u8981\u627f\u63a5\u8fd9\u9879\u5e7f\u544a\u3002", "tts_mp3": "http://res-tts.iciba.com/tts_dj/0/5/0/0508eb0ecbaeb53db39ffd6078f58931.mp3", "tts_size": "16K"}, {"ex": "Cheques can only be accepted up to the value guaranteed on the card...", "tran": "\u652f\u7968\u7684\u627f\u5151\u91d1\u989d\u4e0d\u53ef\u9ad8\u4e8e\u5361\u4e0a\u6240\u62c5\u4fdd\u7684\u6570\u989d\u3002", "tts_mp3": "http://res-tts.iciba.com/tts_dj/f/8/0/f80b50fdd70de22540682d9bbc182bc0.mp3", "tts_size": "19K"}]}, {"posp": "VERB", "tran": "\u62db\u6536\uff0c\u63a5\u7eb3\uff08\u6c42\u804c\u8005\u3001\u4f1a\u5458\u7b49)", "def": "If an organization or person accepts you, you are allowed to join the organization or use the services that are offered.", "example": [{"ex": "All-male groups will not be accepted.", "tran": "\u6e05\u4e00\u8272\u7684\u7537\u6027\u56e2\u4f53\u5c06\u4e0d\u88ab\u63a5\u7eb3\u3002", "tts_mp3": "http://res-tts.iciba.com/tts_dj/f/a/0/fa0e8b5821f0e2374ab9528ab556e4b1.mp3", "tts_size": "11K"}, {"ex": "...incentives to private landlords to accept young people as tenants.", "tran": "\u9f13\u52b1\u79c1\u4eba\u623f\u4e1c\u79df\u623f\u7ed9\u5e74\u8f7b\u4eba\u7684\u63aa\u65bd", "tts_mp3": "http://res-tts.iciba.com/tts_dj/f/e/b/feba30ce5d5dda5ad1ecf181bd6f87d4.mp3", "tts_size": "21K"}]}, {"posp": "VERB", "tran": "\u63a5\u7eb3\uff1b\u63a5\u53d7", "def": "If a person or a group of people accepts you, they begin to be friendly towards you and are happy with who you are or what you do.", "example": [{"ex": "My grandparents have never had a problem accepting me...", "tran": "\u6211\u7684\u7956\u7236\u6bcd\u4ece\u6765\u90fd\u662f\u65e0\u6761\u4ef6\u5730\u63a5\u53d7\u6211\u3002", "tts_mp3": "http://res-tts.iciba.com/tts_dj/e/8/f/e8f375df2e0ded50d3f90a69a1f9a25a.mp3", "tts_size": "16K"}, {"ex": "Many men still have difficulty accepting a woman as a business partner...", "tran": "\u8bb8\u591a\u7537\u6027\u4ecd\u7136\u65e0\u6cd5\u63a5\u53d7\u5973\u6027\u5546\u4e1a\u4f19\u4f34\u3002", "tts_mp3": "http://res-tts.iciba.com/tts_dj/4/f/2/4f2fef0509dc3452be974b7e6f56dd24.mp3", "tts_size": "21K"}]}, {"posp": "VERB", "tran": "\u627f\u62c5\uff0c\u627f\u8ba4\uff08\u8fc7\u5931\u3001\u8d23\u4efb\u7b49\uff09", "def": "If you accept the responsibility or blame for something, you recognize that you are responsible for it.", "example": [{"ex": "The company cannot accept responsibility for loss or damage.", "tran": "\u516c\u53f8\u4e0d\u627f\u62c5\u4e22\u5931\u6216\u635f\u574f\u7684\u8d23\u4efb\u3002", "tts_mp3": "http://res-tts.iciba.com/tts_dj/3/a/e/3aed6d39aa0d713309b4d96b0f72946b.mp3", "tts_size": "20K"}]}, {"posp": "VERB", "tran": "\u63a5\u53d7\uff0c\u91c7\u7eb3(\u529d\u544a\u3001\u5efa\u8bae\u7b49\uff09", "def": "If you accept someone's advice or suggestion, you agree to do what they say.", "example": [{"ex": "The army refused to accept orders from the political leadership...", "tran": "\u519b\u961f\u62d2\u7edd\u63a5\u53d7\u653f\u754c\u9886\u5bfc\u5c42\u4e0b\u8fbe\u7684\u547d\u4ee4\u3002", "tts_mp3": "http://res-tts.iciba.com/tts_dj/7/7/e/77ebfee112a3560e86c9f134000f3882.mp3", "tts_size": "17K"}, {"ex": "Don't automatically accept the solicitor recommended by the broker.", "tran": "\u522b\u60f3\u5f53\u7136\u5730\u5c31\u63a5\u53d7\u4e2d\u95f4\u4eba\u63a8\u8350\u7684\u8bc9\u72b6\u5f8b\u5e08\u3002", "tts_mp3": "http://res-tts.iciba.com/tts_dj/1/0/a/10a72d5f21d983d5cf033be5945236c4.mp3", "tts_size": "19K"}]}, {"posp": "VERB", "tran": "\u63a5\u53d7\u5e76\u4f7f\uff08\u79fb\u690d\u5668\u5b98\uff09\u53d1\u6325\u6b63\u5e38\u529f\u80fd;\u4e0d\u6392\u65a5", "def": "If someone's body accepts a transplanted organ, the organ becomes part of the body and starts to function normally.", "example": [{"ex": "...drugs which will fool the body into accepting transplants.", "tran": "\u80fd\u4f7f\u8eab\u4f53\u987a\u5229\u63a5\u53d7\u79fb\u690d\u5668\u5b98\u7684\u836f\u7269", "tts_mp3": "http://res-tts.iciba.com/tts_dj/e/d/b/edbf1d8d51f718a53fbc7588bc115a13.mp3", "tts_size": "18K"}]}, {"posp": "VERB", "tran": "\uff08\u673a\u5668\uff09\u63a5\u53d7\uff0c\u9002\u914d", "def": "If a machine accepts a particular kind of thing, it is designed to take it and deal with it or process it.", "example": [{"ex": "The telephone booths accept 10 and 20 pence coins.", "tran": "\u7535\u8bdd\u4ead\u53ef\u4f7f\u752810\u4fbf\u58eb\u548c20\u4fbf\u58eb\u7684\u786c\u5e01\u3002", "tts_mp3": "http://res-tts.iciba.com/tts_dj/d/b/f/dbf38f71eb58db2bfb851749b2edbd3b.mp3", "tts_size": "18K"}]}], "collins_star": "5", "frequency_count": 43171429, "frequency_rank": 1893}