{"ph_en": "\u0259k\u02c8sel\u0259re\u026at", "ph_am": "\u00e6k\u02c8s\u025bl\u0259\u02ccret", "ph_en_mp3": "http://res.iciba.com/resource/amp3/oxford/0/c7/46/c7460fd7194626180884b59f484fce99.mp3", "ph_am_mp3": "http://res.iciba.com/resource/amp3/1/0/75/ba/75baa4f99340ccf8899ee22693027584.mp3", "parts": [{"part": "vt.", "means": ["\uff08\u4f7f\uff09\u52a0\u5feb\uff0c\uff08\u4f7f\uff09\u589e\u901f", "\u52a0\u901f\uff0c\u50ac\u4fc3", "\u4fc3\u8fdb", "\u901f\u5ea6\u589e\u52a0"]}, {"part": "vi.", "means": ["\u52a0\u5feb\uff0c\u52a0\u901f"]}], "collins": [{"posp": "V-ERG", "tran": "\uff08\u4f7f\uff09\u52a0\u5feb\uff1b\uff08\u4f7f\uff09\u589e\u901f", "def": "If the process or rate of something accelerates or if something accelerates it, it gets faster and faster.", "example": [{"ex": "Growth will accelerate to 2.9 per cent next year...", "tran": "\u660e\u5e74\u7684\u589e\u957f\u4f1a\u52a0\u5feb\u52302.9%\u3002", "tts_mp3": "http://res-tts.iciba.com/tts_dj/7/b/3/7b3413b946cd3f3ce5781f2b21b60a78.mp3", "tts_size": "16K"}, {"ex": "The government is to accelerate its privatisation programme.", "tran": "\u653f\u5e9c\u5c06\u52a0\u5feb\u5176\u79c1\u6709\u5316\u8ba1\u5212\u7684\u8fdb\u7a0b\u3002", "tts_mp3": "http://res-tts.iciba.com/tts_dj/d/5/9/d5957d2d2cca1ae85a41e0a45f99cb34.mp3", "tts_size": "18K"}]}, {"posp": "VERB", "tran": "\uff08\u8fd0\u52a8\u4e2d\u7684\u8f66\u8f86\uff09\u52a0\u901f", "def": "When a moving vehicle accelerates, it goes faster and faster.", "example": [{"ex": "Suddenly the car accelerated...", "tran": "\u6c7d\u8f66\u7a81\u7136\u52a0\u901f\u3002", "tts_mp3": "http://res-tts.iciba.com/tts_dj/7/5/0/75054e5e2fc31d232ad478c28d9cd2ad.mp3", "tts_size": "10K"}, {"ex": "She accelerated away from the kerb.", "tran": "\u5979\u52a0\u901f\u9a76\u79bb\u4e86\u9a6c\u8def\u7259\u5b50\u3002", "tts_mp3": "http://res-tts.iciba.com/tts_dj/d/8/a/d8a52421f534a1ad679f646fd041195a.mp3", "tts_size": "11K"}]}], "collins_star": "2", "frequency_count": 3199272, "frequency_rank": 13324}