{"ph_en": "\u02c8\u00e6kses", "ph_am": "\u02c8\u00e6ks\u025bs", "ph_en_mp3": "http://res.iciba.com/resource/amp3/oxford/0/4d/93/4d932770d5cf4cc23a4e56a9004cb166.mp3", "ph_am_mp3": "http://res.iciba.com/resource/amp3/1/0/9d/f3/9df3b01c60df20d13843841ff0d4482c.mp3", "parts": [{"part": "n.", "means": ["\u5165\u53e3\uff0c\u51fa\u53e3", "\u63a5\u8fd1\uff0c\u8fdb\u5165", "\u589e\u957f", "\u7206\u53d1"]}, {"part": "vt.", "means": ["\u63a5\u8fd1\uff0c\u8fdb\u5165", "\u4f7f\u7528\uff0c\u63a5\u8fd1\uff0c\u83b7\u53d6"]}], "collins": [{"posp": "N-UNCOUNT", "tran": "\u8fdb\u5165\uff08\u6743\uff09\uff1b\u901a\u9053;\u5165\u5f84", "def": "If you have access to a building or other place, you are able or allowed to go into it.", "example": [{"ex": "The facilities have been adapted to give access to wheelchair users.", "tran": "\u8fd9\u4e9b\u8bbe\u65bd\u5df2\u7ecf\u6539\u9020\u8fc7\u4ee5\u65b9\u4fbf\u8f6e\u6905\u4f7f\u7528\u8005\u8fdb\u5165\u3002", "tts_mp3": "http://res-tts.iciba.com/tts_dj/2/9/d/29dd0f0e6f63d11923c41955e2c06c70.mp3", "tts_size": "19K"}, {"ex": "Scientists have only recently been able to gain access to the area...", "tran": "\u79d1\u5b66\u5bb6\u76f4\u5230\u6700\u8fd1\u624d\u5f97\u4ee5\u8fdb\u5165\u8be5\u5730\u533a\u3002", "tts_mp3": "http://res-tts.iciba.com/tts_dj/3/8/7/38796e9aaea4dbff14b0aeabfcc15741.mp3", "tts_size": "20K"}]}, {"posp": "N-UNCOUNT", "tran": "\u67e5\u9605\uff08\u6216\u4f7f\u7528\uff09\u7684\u673a\u4f1a\uff08\u6216\u6743\u5229\uff09", "def": "If you have access to something such as information or equipment, you have the opportunity or right to see it or use it.", "example": [{"ex": "...a Code of Practice that would give patients right of access to their medical records.", "tran": "\u5141\u8bb8\u75c5\u4eba\u67e5\u770b\u81ea\u5df1\u75c5\u5386\u7684\u804c\u4e1a\u51c6\u5219", "tts_mp3": "http://res-tts.iciba.com/tts_dj/0/3/7/0372f7d0f7257fe09af0674dc2b49e6f.mp3", "tts_size": "22K"}, {"ex": "...whether one has access to a dish and the other accoutrements needed to watch satellite TV.", "tran": "\u662f\u5426\u80fd\u4f7f\u7528\u789f\u578b\u536b\u661f\u5929\u7ebf\u4ee5\u53ca\u5176\u4ed6\u89c2\u770b\u536b\u661f\u7535\u89c6\u6240\u9700\u8981\u7684\u88c5\u5907", "tts_mp3": "http://res-tts.iciba.com/tts_dj/d/5/e/d5efebc868e6db6baae710c0d74af07b.mp3", "tts_size": "24K"}]}, {"posp": "N-UNCOUNT", "tran": "\u63a5\u8fd1\uff08\u6216\u9762\u89c1\uff09\u7684\u673a\u4f1a\uff08\u6216\u6743\u5229\uff09", "def": "If you have access to a person, you have the opportunity or right to see them or meet them.", "example": [{"ex": "He was not allowed access to a lawyer.", "tran": "\u4ed6\u672a\u88ab\u83b7\u51c6\u89c1\u5f8b\u5e08\u3002", "tts_mp3": "http://res-tts.iciba.com/tts_dj/b/c/2/bc283c753830d8117c061f1394e1d54e.mp3", "tts_size": "11K"}, {"ex": "My ex-wife deliberately sabotages my access to the children.", "tran": "\u6211\u7684\u524d\u59bb\u84c4\u610f\u963b\u6320\u6211\u89c1\u5b69\u5b50\u3002", "tts_mp3": "http://res-tts.iciba.com/tts_dj/b/6/2/b62d8a994ca003b7b7db1fc0e4be91c6.mp3", "tts_size": "19K"}]}, {"posp": "VERB", "tran": "\u5b58\u53d6\uff0c\u8bbf\u95ee(\u8ba1\u7b97\u673a\u4fe1\u606f\uff09", "def": "If you access something, especially information held on a computer, you succeed in finding or obtaining it.", "example": [{"ex": "You've illegally accessed and misused confidential security files.", "tran": "\u4f60\u5df2\u7ecf\u975e\u6cd5\u8bbf\u95ee\u5e76\u76d7\u7528\u4e86\u673a\u5bc6\u7684\u5b89\u5168\u6587\u4ef6\u3002", "tts_mp3": "http://res-tts.iciba.com/tts_dj/8/7/2/8725c0a97a565f57afa57a50e0b9b16e.mp3", "tts_size": "20K"}]}], "collins_star": "3", "frequency_count": 217986984, "frequency_rank": 324}