{"ph_en": "\u0259k\u02c8ses\u0259ri", "ph_am": "\u00e6k\u02c8s\u025bs\u0259ri", "ph_en_mp3": "http://res.iciba.com/resource/amp3/oxford/0/03/23/03238b532e20a2451c3ed9118812e1bb.mp3", "ph_am_mp3": "http://res.iciba.com/resource/amp3/1/0/34/21/34217ce63232e4ebc6ed92de7f6a9ec8.mp3", "parts": [{"part": "n.", "means": ["\u9644\u4ef6", "\uff08\u8863\u670d\u7684\uff09\u914d\u9970", "\u4ece\u72af", "\u5987\u5973\u9970\u54c1"]}, {"part": "adj.", "means": ["\u9644\u52a0\u7684", "\u9644\u5c5e\u7684", "\u8f85\u52a9\u7684", "\u540c\u8c0b\u7684"]}], "collins": [{"posp": "N-COUNT", "tran": "\u9644\u4ef6;\u914d\u4ef6;\u9644\u5c5e\u7269", "def": "Accessories are items of equipment that are not usually essential, but which can be used with or added to something else in order to make it more efficient, useful, or decorative.", "example": [{"ex": "...an exclusive range of hand-made bedroom and bathroom accessories.", "tran": "\u72ec\u5bb6\u7ecf\u8425\u7684\u4e00\u7cfb\u5217\u624b\u5de5\u5367\u5ba4\u548c\u6d74\u5ba4\u914d\u4ef6", "tts_mp3": "http://res-tts.iciba.com/tts_dj/d/a/2/da26b64ef65c3af8ada72a97aa83db4a.mp3", "tts_size": "19K"}]}, {"posp": "N-COUNT", "tran": "\uff08\u8863\u670d\u7684\uff09\u914d\u9970\uff08\u5982\u8170\u5e26\u3001\u56f4\u5dfe\u7b49\uff09", "def": "Accessories are articles such as belts and scarves which you wear or carry but which are not part of your main clothing.", "example": []}, {"posp": "N-COUNT", "tran": "\u540c\u8c0b\uff1b\u5e2e\u51f6\uff1b\u4ece\u72af", "def": "If someone is guilty of being an accessory to a crime, they helped the person who committed it, or knew it was being committed but did not tell the police.", "example": [{"ex": "She was charged with being an accessory to the embezzlement of funds.", "tran": "\u5979\u88ab\u6307\u63a7\u4e3a\u8fd9\u8d77\u632a\u7528\u516c\u6b3e\u6848\u7684\u4ece\u72af\u3002", "tts_mp3": "http://res-tts.iciba.com/tts_dj/1/0/4/104ee98724e56cc93493377ebf93bfa8.mp3", "tts_size": "19K"}]}, {"posp": "ADJ", "tran": "\u9644\u5c5e\u7684\uff1b\u8f85\u52a9\u7684\uff1b\u975e\u4e3b\u8981\u7684", "def": "You can use accessory to describe something which is part of an activity or process, but not the most essential or important part of it.", "example": [{"ex": "Forster established the essentiality of minerals as accessory food factors required for maintaining life.", "tran": "\u798f\u65af\u7279\u8bc1\u5b9e\u4e86\u77ff\u7269\u8d28\u4f5c\u4e3a\u8f85\u52a9\u98df\u7269\u56e0\u5b50\u5728\u7ef4\u6301\u751f\u547d\u65b9\u9762\u7684\u91cd\u8981\u6027\u3002", "tts_mp3": "http://res-tts.iciba.com/tts_dj/9/3/5/93515648a4cfd4a0a96d7bd8ecf3463f.mp3", "tts_size": "31K"}]}], "collins_star": "2", "frequency_count": 18694578, "frequency_rank": 3868}