{"ph_en": "\u0259k\u02c8sept\u0259ns", "ph_am": "\u00e6k\u02c8s\u025bpt\u0259ns", "ph_en_mp3": "http://res.iciba.com/resource/amp3/oxford/0/ca/cc/caccffac232956798807b917374e5fe5.mp3", "ph_am_mp3": "http://res.iciba.com/resource/amp3/1/0/73/4a/734acddb4e78e8102b7a4435e52e7808.mp3", "parts": [{"part": "n.", "means": ["\u63a5\u53d7\uff0c\u63a5\u7eb3", "[\u91d1\u878d]\u627f\u5151", "\u65e0\u6028\u63a5\u53d7\uff08\u9006\u5883\u3001\u56f0\u5883\u7b49\uff09", "\u8d5e\u6210"]}], "collins": [{"posp": "N-VAR", "tran": "\u63a5\u53d7;\u8d5e\u540c", "def": "Acceptance of an offer or a proposal is the act of saying yes to it or agreeing to it.", "example": [{"ex": "The Party is being degraded by its acceptance of secret donations...", "tran": "\u8be5\u515a\u56e0\u79c1\u4e0b\u63a5\u53d7\u6350\u8d60\u800c\u8499\u7f9e\u3002", "tts_mp3": "http://res-tts.iciba.com/tts_dj/3/8/5/38586693cc7514123b7d5efef6e2cb38.mp3", "tts_size": "20K"}, {"ex": "I sent them more than 6,000 cartoons before I had my one and only acceptance by them...", "tran": "\u6211\u5bc4\u7ed9\u4ed6\u4eec6,000\u591a\u5e45\u6f2b\u753b\uff0c\u6700\u540e\u624d\u67091\u5e45\u5f97\u4ee5\u91c7\u7528\u3002", "tts_mp3": "http://res-tts.iciba.com/tts_dj/1/d/c/1dc4b833701aa8dd0a9e902c54a3e9d2.mp3", "tts_size": "27K"}]}, {"posp": "N-UNCOUNT", "tran": "\u76f8\u4fe1\uff1b\u627f\u8ba4", "def": "If there is acceptance of an idea, most people believe or agree that it is true.", "example": [{"ex": "...a theory that is steadily gaining acceptance...", "tran": "\u9010\u6b65\u5f97\u5230\u627f\u8ba4\u7684\u7406\u8bba", "tts_mp3": "http://res-tts.iciba.com/tts_dj/1/b/1/1b170667886cef7e12393f96b9a9b62d.mp3", "tts_size": "13K"}, {"ex": "There was a general acceptance that the defence budget would shrink.", "tran": "\u4eba\u4eec\u666e\u904d\u76f8\u4fe1\u56fd\u9632\u9884\u7b97\u5c06\u4f1a\u7f29\u51cf\u3002", "tts_mp3": "http://res-tts.iciba.com/tts_dj/f/5/b/f5b4cd8bbe062e4d32972f8e0333083d.mp3", "tts_size": "18K"}]}, {"posp": "N-UNCOUNT", "tran": "\u5fcd\u53d7;\u5bb9\u5fcd;\u627f\u53d7", "def": "Your acceptance of a situation, especially an unpleasant or difficult one, is an attitude or feeling that you cannot change it and that you must get used to it.", "example": [{"ex": "Popular acceptance of authority had been an early aim of the Nationalists.", "tran": "\u56fd\u5bb6\u4e3b\u4e49\u8005\u7684\u4e00\u4e2a\u65e9\u671f\u76ee\u6807\u662f\u63a8\u52a8\u6c11\u4f17\u5bf9\u6743\u5a01\u7684\u63a5\u53d7\u3002", "tts_mp3": "http://res-tts.iciba.com/tts_dj/b/0/e/b0e6717e750013ace9541b14b3e3c632.mp3", "tts_size": "21K"}, {"ex": "...his calm acceptance of whatever comes his way.", "tran": "\u4ed6\u9047\u4e8b\u6cf0\u7136\u5904\u4e4b\u7684\u6001\u5ea6", "tts_mp3": "http://res-tts.iciba.com/tts_dj/a/8/a/a8a1aaba3066b465a6f51fddbd6e29ed.mp3", "tts_size": "14K"}]}, {"posp": "N-UNCOUNT", "tran": "\uff08\u5bf9\u65b0\u4ea7\u54c1\u7684\uff09\u63a5\u53d7\uff0c\u8ba4\u53ef", "def": "If there is acceptance of a new product, people start to like it and get used to it.", "example": [{"ex": "Car manufacturers are already producing small numbers of electric vehicles to test customer acceptance...", "tran": "\u6c7d\u8f66\u5236\u9020\u5546\u4eec\u5df2\u7ecf\u5f00\u59cb\u751f\u4ea7\u5c11\u91cf\u7684\u7535\u52a8\u8f66\u8f86\u4ee5\u6d4b\u8bd5\u987e\u5ba2\u7684\u63a5\u53d7\u7a0b\u5ea6\u3002", "tts_mp3": "http://res-tts.iciba.com/tts_dj/1/4/3/143cc7c7a7e7ec08dbf13e4aaa976fe5.mp3", "tts_size": "32K"}, {"ex": "Avant-garde music to this day has not found general public acceptance.", "tran": "\u5148\u950b\u97f3\u4e50\u65f6\u81f3\u4eca\u65e5\u90fd\u6ca1\u6709\u5f97\u5230\u5927\u4f17\u7684\u5e7f\u6cdb\u8ba4\u53ef\u3002", "tts_mp3": "http://res-tts.iciba.com/tts_dj/c/0/5/c05a3fce7199025e180956e7c01ce9d8.mp3", "tts_size": "21K"}]}, {"posp": "N-UNCOUNT", "tran": "\u63a5\u7eb3;\u6b22\u8fce", "def": "Acceptance of someone into a group means beginning to think of them as part of the group and to act in a friendly way towards them.", "example": [{"ex": "...an effort to ensure that the disabled achieve real acceptance.", "tran": "\u4e3a\u786e\u4fdd\u6b8b\u75be\u4eba\u771f\u6b63\u5f97\u5230\u63a5\u7eb3\u800c\u4f5c\u51fa\u7684\u52aa\u529b", "tts_mp3": "http://res-tts.iciba.com/tts_dj/3/5/8/3580405728284b9b87f85cd9e48d4d59.mp3", "tts_size": "18K"}]}], "collins_star": "2", "frequency_count": 36864919, "frequency_rank": 2187}