{"ph_en": "\u0259k\u02c8sent\u0283ue\u026at", "ph_am": "\u00e6k\u02c8s\u025bnt\u0283u\u02ccet", "ph_en_mp3": "http://res.iciba.com/resource/amp3/oxford/0/e9/00/e9004abb5bca3362247ff4cd85f8d4db.mp3", "ph_am_mp3": "http://res.iciba.com/resource/amp3/1/0/6b/0a/6b0a3f51f811dac266c2ce89651e9eaa.mp3", "parts": [{"part": "vt.", "means": ["\u5f3a\u8c03\uff0c\u7740\u91cd\u6307\u51fa", "\u91cd\u8bfb", "\u7ed9\u2026\u52a0\u4e0a\u91cd\u97f3\u7b26\u53f7"]}], "collins": [{"posp": "VERB", "tran": "\u5f3a\u8c03;\u52a0\u91cd;\u4f7f\u66f4\u660e\u663e", "def": "To accentuate something means to emphasize it or make it more noticeable.", "example": [{"ex": "His shaven head accentuates his large round face...", "tran": "\u5149\u5934\u4f7f\u4ed6\u7684\u5927\u5706\u8138\u66f4\u52a0\u7a81\u51fa\u3002", "tts_mp3": "http://res-tts.iciba.com/tts_dj/f/6/5/f654c606e4d4cc75632556c7b23fd586.mp3", "tts_size": "15K"}, {"ex": "The whole air of menace was accentuated by the fact that he was so cordial and soft-voiced.", "tran": "\u4ed6\u5982\u6b64\u4eb2\u5207\uff0c\u8bf4\u8bdd\u8f7b\u58f0\u7ec6\u8bed\uff0c\u8fd9\u66f4\u52a0\u91cd\u4e86\u5a01\u80c1\u7684\u8bed\u6c14\u3002", "tts_mp3": "http://res-tts.iciba.com/tts_dj/7/d/1/7d1c495acf523bba54ca371dd38a5169.mp3", "tts_size": "26K"}]}], "collins_star": "1", "frequency_count": 284301, "frequency_rank": 54875}