{"ph_en": "\u0259k\u02c8sept\u0259bl", "ph_am": "\u00e6k\u02c8s\u025bpt\u0259b\u0259l", "ph_en_mp3": "http://res.iciba.com/resource/amp3/oxford/0/92/17/9217d0d4ab7eb167a12de03952ac6d7b.mp3", "ph_am_mp3": "http://res.iciba.com/resource/amp3/1/0/4d/5b/4d5b720bae354c0adb71d0b764201d79.mp3", "parts": [{"part": "adj.", "means": ["\u53ef\u63a5\u53d7\u7684", "\u5408\u610f\u7684", "\uff08\u793e\u4f1a\u4e0a\uff09\u8ba4\u540c\u7684", "\uff08\u793c\u7269\u7b49\uff09\u4ee4\u4eba\u6ee1\u610f\u7684"]}], "collins": [{"posp": "ADJ-GRADED", "tran": "\uff08\u5927\u591a\u6570\u4eba\uff09\u8ba4\u540c\u7684\uff0c\u8ba4\u53ef\u7684", "def": "Acceptable activities and situations are those that most people approve of or consider to be normal.", "example": [{"ex": "It is becoming more acceptable for women to drink alcohol...", "tran": "\u5973\u6027\u559d\u9152\u6e10\u6e10\u88ab\u4eba\u4eec\u63a5\u53d7\u3002", "tts_mp3": "http://res-tts.iciba.com/tts_dj/a/8/c/a8c8709f6b0519c467c227cdfb06cd34.mp3", "tts_size": "18K"}, {"ex": "The air pollution exceeds most acceptable levels by 10 times or more.", "tran": "\u5927\u6c14\u6c61\u67d3\u7a0b\u5ea6\u8d85\u51fa\u4e86\u666e\u904d\u8ba4\u53ef\u7684\u6807\u51c610\u500d\u6216\u66f4\u591a\u3002", "tts_mp3": "http://res-tts.iciba.com/tts_dj/8/0/b/80b7a1c6626ceaf39d85e7ba31249e59.mp3", "tts_size": "22K"}]}, {"posp": "ADJ-GRADED", "tran": "\u53ef\u63a5\u53d7\u7684;\u503c\u5f97\u63a5\u53d7\u7684", "def": "If something is acceptable to someone, they agree to consider it, use it, or allow it to happen.", "example": [{"ex": "They have thrashed out a compromise formula acceptable to Moscow...", "tran": "\u4ed6\u4eec\u7ecf\u8fc7\u8ba8\u8bba\u8fbe\u6210\u4e86\u4e00\u9879\u83ab\u65af\u79d1\u53ef\u4ee5\u63a5\u53d7\u7684\u6298\u4e2d\u65b9\u6848\u3002", "tts_mp3": "http://res-tts.iciba.com/tts_dj/4/6/5/465fca02ef6ba5a3889b83fd4f56bd0b.mp3", "tts_size": "20K"}, {"ex": "They recently failed to negotiate a mutually acceptable new contract.", "tran": "\u4ed6\u4eec\u6700\u8fd1\u672a\u80fd\u8c08\u6210\u4e00\u4e2a\u53cc\u65b9\u90fd\u6ee1\u610f\u7684\u65b0\u5408\u540c\u3002", "tts_mp3": "http://res-tts.iciba.com/tts_dj/0/c/5/0c5107271f53784504b24ae53fa06354.mp3", "tts_size": "19K"}]}, {"posp": "ADJ-GRADED", "tran": "\u5c1a\u53ef\u7684\uff1b\u8fd8\u53ef\u4ee5\u7684", "def": "If you describe something as acceptable, you mean that it is good enough or fairly good.", "example": [{"ex": "On the far side of the street was a restaurant that looked acceptable...", "tran": "\u8fdc\u5904\u8857\u8fb9\u6709\u4e00\u5bb6\u996d\u5e97\u770b\u8d77\u6765\u8fd8\u53ef\u4ee5\u3002", "tts_mp3": "http://res-tts.iciba.com/tts_dj/9/5/3/9530c6022e8b78f090b2dcedb2072009.mp3", "tts_size": "18K"}, {"ex": "We've made an acceptable start, but it could've been better.", "tran": "\u6211\u4eec\u8d77\u4e86\u4e00\u4e2a\u597d\u5934\uff0c\u4f46\u672c\u53ef\u4ee5\u66f4\u597d\u4e00\u4e9b\u7684\u3002", "tts_mp3": "http://res-tts.iciba.com/tts_dj/e/c/b/ecb136dc65ba4c5049db85fbdc8c34b4.mp3", "tts_size": "16K"}]}], "collins_star": "3", "frequency_count": 14590887, "frequency_rank": 4670}