{"ph_en": "\u0259k'sept\u026ad", "ph_am": "\u0259k\u02c8sept\u026ad", "ph_en_mp3": "http://res.iciba.com/resource/amp3/0/0/3e/4d/3e4d891a5df3d6d0d7dd9432a1bc6470.mp3", "ph_am_mp3": "http://res.iciba.com/resource/amp3/1/0/3e/4d/3e4d891a5df3d6d0d7dd9432a1bc6470.mp3", "parts": [{"part": "adj.", "means": ["\u516c\u8ba4\u7684", "\u53ef\u4ee5\u63a5\u53d7\u7684"]}, {"part": "v.", "means": ["\u63a5\u53d7(accept\u7684\u8fc7\u53bb\u5f0f\u53ca\u8fc7\u53bb\u5206\u8bcd)"]}], "collins": [{"posp": "ADJ", "tran": "\u4e3a\u516c\u4f17\u6240\u63a5\u53d7\u7684\uff1b\u516c\u8ba4\u7684", "def": "Accepted ideas are agreed by most people to be correct or reasonable.", "example": [{"ex": "There is no generally accepted definition of life...", "tran": "\u5173\u4e8e\u751f\u6d3b\u7684\u5b9a\u4e49\u4e0d\u4e00\u800c\u8db3\u3002", "tts_mp3": "http://res-tts.iciba.com/tts_dj/7/f/b/7fb67ec872e0f1521190417daf29d3f0.mp3", "tts_size": "16K"}, {"ex": "It is accepted wisdom that science has been partly responsible for the decline of religion.", "tran": "\u4eba\u4eec\u666e\u904d\u8ba4\u4e3a\uff0c\u79d1\u5b66\u7684\u5174\u8d77\u662f\u5b97\u6559\u8870\u843d\u7684\u90e8\u5206\u539f\u56e0\u3002", "tts_mp3": "http://res-tts.iciba.com/tts_dj/c/c/1/cc14a9e15f61043612925c7970ccc23c.mp3", "tts_size": "24K"}]}], "collins_star": "4", "frequency_count": 46922000, "frequency_rank": 1752}