{"ph_en": "\u0259k\u02c8ses\u0259bl", "ph_am": "\u00e6k\u02c8s\u025bs\u0259b\u0259l", "ph_en_mp3": "http://res.iciba.com/resource/amp3/oxford/0/34/d3/34d33afafe93c45ac8b4178c1a113aae.mp3", "ph_am_mp3": "http://res.iciba.com/resource/amp3/1/0/4b/e3/4be3bab759c947e1b28fb67e6f2d88ac.mp3", "parts": [{"part": "adj.", "means": ["\u6613\u63a5\u8fd1\u7684", "\u53ef\u7406\u89e3\u7684", "\u6613\u76f8\u5904\u7684", "\u6613\u611f\u7684"]}], "collins": [{"posp": "ADJ-GRADED", "tran": "\u6613\u5230\u8fbe\u7684;\u6613\u8fdb\u5165\u7684;\u6613\u591f\u5230\u7684", "def": "If a place or building is accessible to people, it is easy for them to reach it or get into it. If an object is accessible, it is easy to reach.", "example": [{"ex": "The Centre is easily accessible to the general public...", "tran": "\u8be5\u4e2d\u5fc3\u666e\u901a\u5927\u4f17\u53ef\u968f\u610f\u8fdb\u5165\u3002", "tts_mp3": "http://res-tts.iciba.com/tts_dj/c/1/7/c17791200d2010d2aeb889eba71c3e2b.mp3", "tts_size": "15K"}, {"ex": "The premises are wheelchair accessible...", "tran": "\u8be5\u573a\u6240\u8f6e\u6905\u53ef\u4ee5\u81ea\u7531\u51fa\u5165\u3002", "tts_mp3": "http://res-tts.iciba.com/tts_dj/9/5/d/95d52de859205bd6725c41075e522f78.mp3", "tts_size": "12K"}]}, {"posp": "ADJ-GRADED", "tran": "\u6613\u4f7f\u7528\u7684;\u6613\u5f97\u5230\u7684", "def": "If something is accessible to people, they can easily use it or obtain it.", "example": [{"ex": "The legal aid system should be accessible to more people...", "tran": "\u6cd5\u5f8b\u63f4\u52a9\u5236\u5ea6\u5e94\u8be5\u9762\u5411\u66f4\u591a\u4eba\u3002", "tts_mp3": "http://res-tts.iciba.com/tts_dj/2/d/9/2d9cf72523243a34d23787f627ee4152.mp3", "tts_size": "16K"}, {"ex": "This device helps make virtual reality a more usable and accessible technology.", "tran": "\u8fd9\u4e00\u88c5\u7f6e\u6709\u52a9\u4e8e\u4f7f\u865a\u62df\u73b0\u5b9e\u6210\u4e3a\u66f4\u53ef\u7528\u3001\u66f4\u4fbf\u5229\u7684\u6280\u672f\u3002", "tts_mp3": "http://res-tts.iciba.com/tts_dj/3/c/b/3cbd25229471bfce690c7145bc4c2c59.mp3", "tts_size": "25K"}]}, {"posp": "ADJ-GRADED", "tran": "\u53ef\u4ee5\u7406\u89e3\u7684;\u6613\u61c2\u7684", "def": "If you describe a book, painting, or other work of art as accessible, you think it is good because it is simple enough for people to understand and appreciate easily.", "example": [{"ex": "...literary books that are accessible to a general audience.", "tran": "\u4e00\u822c\u8bfb\u8005\u90fd\u80fd\u6b23\u8d4f\u7684\u6587\u5b66\u4f5c\u54c1", "tts_mp3": "http://res-tts.iciba.com/tts_dj/b/a/8/ba8502eddb0b5a0fbd2fa336025a9bdb.mp3", "tts_size": "16K"}, {"ex": "...their reputation for providing exciting and accessible theatre for young people.", "tran": "\u4ed6\u4eec\u5728\u4e3a\u5e74\u8f7b\u4eba\u5949\u732e\u559c\u95fb\u4e50\u89c1\u7684\u7cbe\u5f69\u620f\u5267\u65b9\u9762\u662f\u51fa\u4e86\u540d\u7684", "tts_mp3": "http://res-tts.iciba.com/tts_dj/2/e/f/2efc9a43fd0697028d686d3742c30750.mp3", "tts_size": "22K"}]}], "collins_star": "2", "frequency_count": 18695403, "frequency_rank": 3867}