{"ph_en": "\u0259k\u02ccsel\u0259\u02c8re\u026a\u0283n", "ph_am": "\u00e6k\u02ccs\u025bl\u0259\u02c8re\u0283\u0259n", "ph_en_mp3": "http://res.iciba.com/resource/amp3/oxford/0/2c/df/2cdf93886b68bcc5d9b2dce28c84a88e.mp3", "ph_am_mp3": "http://res.iciba.com/resource/amp3/1/0/d3/87/d3879b8802412d8dc066fd9f1a6dd2b4.mp3", "parts": [{"part": "n.", "means": ["\u52a0\u901f", "<\u7269>\u52a0\u901f\u5ea6", "\u52a0\u901f\u5347\u7ea7", "\uff08\u4f18\u79c0\u5b66\u751f\u7684\uff09\u8df3\u7ea7"]}], "collins": [{"posp": "N-UNCOUNT", "tran": "\u52a0\u5feb\uff1b\u589e\u901f", "def": "The acceleration of a process or change is the fact that it is getting faster and faster.", "example": [{"ex": "He has also called for an acceleration of political reforms.", "tran": "\u4ed6\u540c\u65f6\u547c\u5401\u52a0\u5feb\u653f\u6cbb\u6539\u9769\u7684\u6b65\u4f10\u3002", "tts_mp3": "http://res-tts.iciba.com/tts_dj/b/5/4/b54737c0bd3f25458704890e569c409b.mp3", "tts_size": "18K"}, {"ex": "...the sharp acceleration in job losses.", "tran": "\u5931\u4e1a\u7684\u6025\u901f\u589e\u52a0", "tts_mp3": "http://res-tts.iciba.com/tts_dj/9/d/9/9d9797ea6d2c03d7b39cc63286d8c9a8.mp3", "tts_size": "13K"}]}, {"posp": "N-UNCOUNT", "tran": "\uff08\u6c7d\u8f66\u7b49\u7684\uff09\u52a0\u901f\u80fd\u529b\uff0c\u52a0\u901f\u5e45\u5ea6", "def": "Acceleration is the rate at which a car or other vehicle can increase its speed, often seen in terms of the time that it takes to reach a particular speed.", "example": [{"ex": "Acceleration to 60 mph takes a mere 5.7 seconds.", "tran": "\u52a0\u901f\u5230\u65f6\u901f60\u82f1\u91cc\u53ea\u9700\u89815.7\u79d2\u3002", "tts_mp3": "http://res-tts.iciba.com/tts_dj/1/9/e/19ecbb2b29cceeb13590d13d60c2b8ea.mp3", "tts_size": "23K"}]}, {"posp": "N-UNCOUNT", "tran": "\u52a0\u901f\u5ea6", "def": "Acceleration is the rate at which the speed of an object increases.", "example": []}], "collins_star": "1", "frequency_count": 4118345, "frequency_rank": 11391}