{"ph_en": "\u0259k\u02c8sel\u0259re\u026at\u0259(r)", "ph_am": "\u00e6k\u02c8s\u025bl\u0259\u02ccret\u025a", "ph_en_mp3": "http://res.iciba.com/resource/amp3/oxford/0/3d/94/3d943140f8729be68f5a424553b01704.mp3", "ph_am_mp3": "http://res.iciba.com/resource/amp3/1/0/22/65/226522b5dff606dbd2bc2538e0d26f6c.mp3", "parts": [{"part": "n.", "means": ["\u52a0\u901f\u5668", "\u50ac\u901f\u5242"]}], "collins": [{"posp": "N-COUNT", "tran": "\uff08\u6c7d\u8f66\u7b49\u7684\uff09\u52a0\u901f\u88c5\u7f6e\uff0c\u6cb9\u95e8", "def": "The accelerator in a car or other vehicle is the pedal which you press with your foot in order to make the vehicle go faster.", "example": [{"ex": "He eased his foot off the accelerator.", "tran": "\u4ed6\u677e\u5f00\u4e86\u6cb9\u95e8\u3002", "tts_mp3": "http://res-tts.iciba.com/tts_dj/7/f/3/7f3ad4276c98245e6e8721b9a852bcb3.mp3", "tts_size": "10K"}]}], "collins_star": "1", "frequency_count": 3687315, "frequency_rank": 12164}