{"ph_en": "\u02c8\u00e6ksent", "ph_am": "\u02c8\u00e6k\u02ccs\u025bnt", "ph_en_mp3": "http://res.iciba.com/resource/amp3/0/0/72/7b/727b79a9a430ccddcf9260a381d5ab10.mp3", "ph_am_mp3": "http://res.iciba.com/resource/amp3/1/0/72/7b/727b79a9a430ccddcf9260a381d5ab10.mp3", "parts": [{"part": "n.", "means": ["\u91cd\u97f3", "\u53e3\u97f3", "\u8154\u8c03", "\u91cd\u97f3\u7b26\u53f7\uff08\u6807\u5728\u5b57\u6bcd\u4e0a\uff09"]}], "collins": [{"posp": "N-COUNT", "tran": "\u8154\u8c03;\u53e3\u97f3;\u571f\u97f3", "def": "Someone who speaks with a particular accent pronounces the words of a language in a distinctive way that shows which country, region, or social class they come from.", "example": [{"ex": "He had developed a slight American accent.", "tran": "\u4ed6\u8bf4\u8bdd\u5e26\u4e0a\u4e86\u4e00\u70b9\u8f7b\u5fae\u7684\u7f8e\u56fd\u53e3\u97f3\u3002", "tts_mp3": "http://res-tts.iciba.com/tts_dj/1/8/4/1849cc2825a4ba79dc20071174ef49a2.mp3", "tts_size": "13K"}]}, {"posp": "N-COUNT", "tran": "\uff08\u67d0\u4e9b\u8bed\u8a00\u4e2d\u6807\u5728\u5b57\u6bcd\u4e0a\u65b9\u7684\uff09\u53d8\u97f3\u7b26\u53f7", "def": "An accent is a short line or other mark which is written above certain letters in some languages and which indicates the way those letters are pronounced.", "example": []}, {"posp": "N-SING", "tran": "\u91cd\u70b9;\u5f3a\u8c03;\u5173\u6ce8", "def": "If you put the accent on a particular feature of something, you emphasize it or give it special importance.", "example": [{"ex": "He is putting the accent on military readiness...", "tran": "\u4ed6\u5f3a\u8c03\u8981\u4fdd\u6301\u5907\u6218\u72b6\u6001\u3002", "tts_mp3": "http://res-tts.iciba.com/tts_dj/0/3/2/032a17d82ec66bd1ffee03f4815eda9d.mp3", "tts_size": "15K"}, {"ex": "There is often a strong accent on material success.", "tran": "\u7ecf\u5e38\u5927\u529b\u5f3a\u8c03\u7269\u8d28\u6210\u5c31\u3002", "tts_mp3": "http://res-tts.iciba.com/tts_dj/a/6/d/a6de1f91ddfb8ec3248443936c851a67.mp3", "tts_size": "17K"}]}], "collins_star": "2", "frequency_count": 6036395, "frequency_rank": 8873}