{"ph_en": "\u02cc\u00e6ks\u026a\u02c8dentl", "ph_am": "\u02cc\u00e6ks\u026a\u02c8d\u025bntl", "ph_en_mp3": "http://res.iciba.com/resource/amp3/oxford/0/f6/c1/f6c16367ed8510de1ec2d33606e1d6f8.mp3", "ph_am_mp3": "http://res.iciba.com/resource/amp3/1/0/91/e8/91e8fc34a467cfe0341324f7adf4b448.mp3", "parts": [{"part": "adj.", "means": ["\u610f\u5916\u7684\uff0c\u5076\u7136\uff08\u53d1\u751f\uff09\u7684", "\u9644\u5c5e\u7684"]}, {"part": "n.", "means": ["\u5076\u7136", "\u6b21\u8981\u65b9\u9762"]}], "collins": [{"posp": "ADJ", "tran": "\u610f\u5916\u7684\uff1b\u5076\u7136\uff08\u53d1\u751f\uff09\u7684", "def": "An accidental event happens by chance or as the result of an accident, and is not deliberately intended.", "example": [{"ex": "The jury returned a verdict of accidental death...", "tran": "\u966a\u5ba1\u56e2\u4f5c\u51fa\u610f\u5916\u6b7b\u4ea1\u7684\u6b63\u5f0f\u88c1\u51b3\u3002", "tts_mp3": "http://res-tts.iciba.com/tts_dj/d/7/8/d78ffe2390b403a91ba8f804ac55d55f.mp3", "tts_size": "13K"}, {"ex": "His hand brushed against hers; it could have been either accidental or deliberate.", "tran": "\u5c31\u5728\u6709\u610f\u65e0\u610f\u95f4\uff0c\u4ed6\u7684\u624b\u8f7b\u8f7b\u62c2\u8fc7\u5979\u7684\u624b\u3002", "tts_mp3": "http://res-tts.iciba.com/tts_dj/7/2/d/72d5bba88ec995b8388e45e51877601f.mp3", "tts_size": "27K"}]}], "collins_star": "2", "frequency_count": 3914021, "frequency_rank": 11733}