{"ph_en": "\u02c8\u00e6ks\u026ad\u0259nt", "ph_am": "\u02c8\u00e6ks\u026ad\u0259nt, -\u02ccd\u025bnt", "ph_en_mp3": "http://res.iciba.com/resource/amp3/oxford/0/ea/a8/eaa86ff66d2deacadf26e68bbf485f32.mp3", "ph_am_mp3": "http://res.iciba.com/resource/amp3/1/0/88/76/8876489ce00d6d9fdf61ed1c773f047e.mp3", "parts": [{"part": "n.", "means": ["\u610f\u5916\u4e8b\u4ef6", "\u4e8b\u6545", "\u673a\u9047\uff0c\u5076\u7136", "\u9644\u5c5e\u54c1"]}], "collins": [{"posp": "N-COUNT", "tran": "\u4ea4\u901a\u4e8b\u6545\uff1b\u8f66\u7978", "def": "An accident happens when a vehicle hits a person, an object, or another vehicle, causing injury or damage.", "example": [{"ex": "She was involved in a serious car accident last week...", "tran": "\u4e0a\u661f\u671f\u5979\u5377\u5165\u4e86\u4e00\u573a\u4e25\u91cd\u7684\u8f66\u7978\u3002", "tts_mp3": "http://res-tts.iciba.com/tts_dj/3/3/c/33c4857aa2435d6adc9b3a3f8b55c6fd.mp3", "tts_size": "15K"}, {"ex": "Six passengers were killed in the accident.", "tran": "\u516d\u540d\u4e58\u5ba2\u5728\u8f66\u7978\u4e2d\u4e27\u751f\u3002", "tts_mp3": "http://res-tts.iciba.com/tts_dj/3/8/1/381ff2fe6488634cd5ae8c3c8dc01972.mp3", "tts_size": "13K"}]}, {"posp": "N-COUNT", "tran": "\uff08\u4e0d\u5e78\u7684\uff09\u610f\u5916\u906d\u9047\uff0c\u4e0d\u6d4b\u4e8b\u4ef6;\u4e8b\u6545", "def": "If someone has an accident, something unpleasant happens to them that was not intended, sometimes causing injury or death.", "example": [{"ex": "5,000 people die every year because of accidents in the home...", "tran": "\u6bcf\u5e74\u67095,000\u4eba\u6b7b\u4e8e\u5bb6\u4e2d\u7684\u610f\u5916\u4e8b\u6545\u3002", "tts_mp3": "http://res-tts.iciba.com/tts_dj/2/9/4/2945c4412e17095786c6c7d8c38f563c.mp3", "tts_size": "19K"}, {"ex": "The police say the killing of the young man was an accident.", "tran": "\u8b66\u65b9\u8bf4\u8fd9\u4e2a\u5e74\u8f7b\u4eba\u88ab\u6740\u662f\u4e00\u4e2a\u610f\u5916\u3002", "tts_mp3": "http://res-tts.iciba.com/tts_dj/7/1/0/7107c3fa07a626c822a59ae6a9c73f50.mp3", "tts_size": "16K"}]}, {"posp": "N-VAR", "tran": "\u610f\u5916\uff1b\u5076\u7136", "def": "If something happens by accident, it happens completely by chance.", "example": [{"ex": "She discovered the problem by accident...", "tran": "\u5979\u78b0\u5de7\u53d1\u73b0\u4e86\u8fd9\u4e2a\u95ee\u9898\u3002", "tts_mp3": "http://res-tts.iciba.com/tts_dj/4/2/e/42e63f259a3931a3b76fff723902f290.mp3", "tts_size": "12K"}, {"ex": "Almost like an accident of nature, this family has produced more talent than seems possible.", "tran": "\u5c31\u50cf\u662f\u5929\u7f18\u5de7\u5408\uff0c\u8fd9\u4e2a\u5bb6\u65cf\u4e0d\u53ef\u601d\u8bae\u5730\u4eba\u624d\u8f88\u51fa\u3002", "tts_mp3": "http://res-tts.iciba.com/tts_dj/6/5/c/65cd7196f5dca550c8c24b0c2a942ef6.mp3", "tts_size": "29K"}]}, {"posp": "PHRASE", "tran": "\u53ef\u80fd\u53d1\u751f\u610f\u5916\u7684\u4e8b\u7269\uff08\u6216\u4eba\uff09", "def": "If you describe something or someone as an accident waiting to happen, you mean that they are likely to be a cause of danger in the future, for example because they are in poor condition or behave in an unpredictable way.", "example": [{"ex": "A lot of the city's buildings are accidents waiting to happen.", "tran": "\u8be5\u57ce\u5e02\u4e2d\u8bb8\u591a\u697c\u623f\u90fd\u5b58\u5728\u4e8b\u6545\u9690\u60a3\u3002", "tts_mp3": "http://res-tts.iciba.com/tts_dj/8/2/c/82c2dc7aa1549700d50f73e2bde32043.mp3", "tts_size": "16K"}]}, {"posp": "PHRASE", "tran": "\u5e76\u975e\u5076\u7136;\u4e8b\u51fa\u6709\u56e0", "def": "You begin a sentence with 'it's no accident' if you want to suggest that something was done deliberately or has a logical explanation, although it might give the impression of having happened by chance.", "example": [{"ex": "It's no accident that the boom in police series on TV coincided with the decline of the Western.", "tran": "\u8b66\u532a\u5267\u5728\u7535\u89c6\u4e0a\u76db\u884c\u4e4b\u65f6\u6070\u597d\u662f\u897f\u90e8\u7247\u8870\u9000\u4e4b\u9645\uff0c\u8fd9\u5e76\u975e\u5076\u7136\u3002", "tts_mp3": "http://res-tts.iciba.com/tts_dj/a/b/d/abd611ba7c8a2d4754c89e8a538184c7.mp3", "tts_size": "27K"}]}], "collins_star": "3", "frequency_count": 18699760, "frequency_rank": 3865}