{"ph_en": "\u0259\u02c8kle\u026am", "ph_am": "\u0259\u02c8klem", "ph_en_mp3": "http://res.iciba.com/resource/amp3/oxford/0/c6/9f/c69f60c0187e9a3bc4da8e94a11e392f.mp3", "ph_am_mp3": "http://res.iciba.com/resource/amp3/1/0/77/d1/77d11045c352617cb09525287e9135b5.mp3", "parts": [{"part": "v.", "means": ["\u79f0\u8d5e", "\u8d5e\u626c", "\u5411\u2026\u6b22\u547c", "\u5411\u2026\u559d\u5f69"]}, {"part": "n.", "means": ["\u516c\u5f00\u8d5e\u626c", "\u79f0\u8a89"]}, {"part": "", "means": ["\u70ed\u70c8\u6b22\u8fce\u6216\u8d5e\u540c"]}], "collins": [{"posp": "VERB", "tran": "\u79f0\u8d5e;\u8d5e\u626c", "def": "If someone or something is acclaimed, they are praised enthusiastically.", "example": [{"ex": "She has been acclaimed for the TV drama 'Prime Suspect'...", "tran": "\u5979\u51ed\u501f\u7535\u89c6\u5267\u300a\u5934\u53f7\u5acc\u7591\u72af\u300b\u800c\u53d7\u5230\u597d\u8bc4\u3002", "tts_mp3": "http://res-tts.iciba.com/tts_dj/6/3/4/6348076c41b587534e6a2df511ed4988.mp3", "tts_size": "17K"}, {"ex": "He was acclaimed as England's greatest modern painter...", "tran": "\u4ed6\u88ab\u8a89\u4e3a\u82f1\u683c\u5170\u73b0\u4ee3\u6700\u4f1f\u5927\u7684\u6cb9\u753b\u5bb6\u3002", "tts_mp3": "http://res-tts.iciba.com/tts_dj/2/f/3/2f3fcd61982b21eb8d6246ac1c6c0557.mp3", "tts_size": "14K"}]}, {"posp": "N-UNCOUNT", "tran": "\u516c\u5f00\u8d5e\u626c;\u79f0\u8a89", "def": "Acclaim is public praise for someone or something.", "example": [{"ex": "Angela Bassett has won critical acclaim for her excellent performance...", "tran": "\u5b89\u5409\u62c9\u00b7\u8d1d\u585e\u7279\u51ed\u501f\u5176\u51fa\u8272\u7684\u8868\u6f14\u8d62\u5f97\u4e86\u8bc4\u8bba\u754c\u7684\u597d\u8bc4\u3002", "tts_mp3": "http://res-tts.iciba.com/tts_dj/e/b/f/ebf68163893da39aafb8adbf368b49bc.mp3", "tts_size": "19K"}, {"ex": "All this equipment has received international acclaim from the specialist hi-fi press.", "tran": "\u8fd9\u5957\u8bbe\u5907\u53d7\u5230\u5168\u7403\u9ad8\u4fdd\u771f\u97f3\u54cd\u4e13\u4e1a\u62a5\u520a\u7684\u8d5e\u8a89\u3002", "tts_mp3": "http://res-tts.iciba.com/tts_dj/4/b/5/4b5f16c46e5356b7109432b78e54c54a.mp3", "tts_size": "24K"}]}], "collins_star": "2", "frequency_count": 1784066, "frequency_rank": 18782}