{"ph_en": "\u0259\u02c8k\u028cmpl\u026as", "ph_am": "\u0259\u02c8k\u0251mpl\u026as", "ph_en_mp3": "http://res.iciba.com/resource/amp3/oxford/0/c2/4d/c24d303f15c9f53c103d0628b2d33413.mp3", "ph_am_mp3": "http://res.iciba.com/resource/amp3/1/0/f1/9a/f19a992035fb425740de77f62511788b.mp3", "parts": [{"part": "n.", "means": ["\u5171\u72af", "\u5e2e\u51f6"]}], "collins": [{"posp": "N-COUNT", "tran": "\u5171\u72af;\u540c\u8c0b;\u5e2e\u51f6", "def": "Someone's accomplice is a person who helps them to commit a crime.", "example": [{"ex": "The gunman escaped on a motorcycle being ridden by an accomplice.", "tran": "\u6301\u67aa\u6b79\u5f92\u5750\u4e0a\u4e00\u8f86\u7531\u540c\u4f19\u9a7e\u9a76\u7684\u6469\u6258\u8f66\u9003\u9038\u3002", "tts_mp3": "http://res-tts.iciba.com/tts_dj/4/2/7/427654cd6accd6d64126459c84dacf30.mp3", "tts_size": "18K"}, {"ex": "His accomplice was arrested after a high-speed police chase.", "tran": "\u7ecf\u8fc7\u8b66\u65b9\u7684\u4e00\u756a\u98de\u8f66\u8ffd\u9010\uff0c\u4ed6\u7684\u540c\u4f19\u906d\u5230\u902e\u6355\u3002", "tts_mp3": "http://res-tts.iciba.com/tts_dj/1/c/5/1c510e5f187780cea61ec67383fa0307.mp3", "tts_size": "17K"}]}], "collins_star": "1", "frequency_count": 316255, "frequency_rank": 51537}