{"ph_en": "\u0259\u02c8k\u028cmp\u0259ni", "ph_am": "\u0259\u02c8k\u028cmp\u0259ni, \u0259\u02c8k\u028cmpni", "ph_en_mp3": "http://res.iciba.com/resource/amp3/oxford/0/dd/5a/dd5aaa2188e7d616fcd4d82b40744652.mp3", "ph_am_mp3": "http://res.iciba.com/resource/amp3/1/0/8f/e3/8fe3c4c25d511fbb31fcabeae0abb892.mp3", "parts": [{"part": "vt.", "means": ["\u966a\u4f34\uff0c\u966a\u540c", "\u9644\u52a0\uff0c\u8865\u5145", "\u4e0e\u2026\u5171\u5b58", "\u4e3a\u2026\u4f34\u594f"]}, {"part": "vi.", "means": ["\u4f34\u594f"]}], "collins": [{"posp": "VERB", "tran": "\u966a\u4f34\uff1b\u966a\u540c", "def": "If you accompany someone, you go somewhere with them.", "example": [{"ex": "Ken agreed to accompany me on a trip to Africa...", "tran": "\u80af\u7b54\u5e94\u966a\u6211\u4e00\u8d77\u53bb\u975e\u6d32\u3002", "tts_mp3": "http://res-tts.iciba.com/tts_dj/f/b/e/fbe4297c4e0e2494a3da0737be982e04.mp3", "tts_size": "14K"}, {"ex": "She was accompanied by her younger brother...", "tran": "\u5979\u7531\u5f1f\u5f1f\u966a\u7740\u3002", "tts_mp3": "http://res-tts.iciba.com/tts_dj/8/8/d/88d7edf200e3d991cb463e00f7dd96c3.mp3", "tts_size": "12K"}]}, {"posp": "VERB", "tran": "\u4f34\u968f\uff1b\u548c\u2026\u4e00\u8d77\u53d1\u751f\uff08\u6216\u540c\u65f6\u5b58\u5728\uff09", "def": "If one thing accompanies another, it happens or exists at the same time, or as a result of it.", "example": [{"ex": "This volume of essays was designed to accompany an exhibition in Cologne...", "tran": "\u8fd9\u672c\u6587\u96c6\u662f\u4e3a\u914d\u5408\u5728\u79d1\u9686\u4e3e\u529e\u7684\u4e00\u573a\u5c55\u89c8\u800c\u51fa\u7684\u3002", "tts_mp3": "http://res-tts.iciba.com/tts_dj/5/c/8/5c82e4103cfb552095b876f2f5a6699f.mp3", "tts_size": "21K"}, {"ex": "The proposal was instantly voted through with two to one in favour, accompanied by enthusiastic applause...", "tran": "\u5728\u70ed\u70c8\u7684\u638c\u58f0\u4e2d\uff0c\u63d0\u6848\u4ee52\u6bd41\u7684\u4f18\u52bf\u5f88\u5feb\u901a\u8fc7\u4e86\u8868\u51b3\u3002", "tts_mp3": "http://res-tts.iciba.com/tts_dj/0/d/b/0db99c4e37db841700dc6a21b467d95b.mp3", "tts_size": "32K"}]}, {"posp": "VERB", "tran": "\u4e3a\uff08\u6b4c\u624b\u6216\u4e50\u624b\uff09\u4f34\u594f", "def": "If you accompany a singer or a musician, you play one part of a piece of music while they sing or play the main tune.", "example": [{"ex": "He sang and Alice accompanied him on the piano...", "tran": "\u4ed6\u4e00\u8fb9\u5531\uff0c\u827e\u4e3d\u65af\u4e00\u8fb9\u4e3a\u4ed6\u94a2\u7434\u4f34\u594f\u3002", "tts_mp3": "http://res-tts.iciba.com/tts_dj/0/b/e/0be00d406d9546bd2f35948144ecb1a5.mp3", "tts_size": "14K"}, {"ex": "We ended with Blake's Jerusalem, accompanied on the organ by Herbert Wiseman.", "tran": "\u5728\u8d6b\u4f2f\u7279\u00b7\u6000\u65af\u66fc\u7684\u98ce\u7434\u4f34\u594f\u4e0b\uff0c\u6211\u4eec\u6f14\u5531\u4e86\u5e03\u83b1\u514b\u7684\u300a\u8036\u8def\u6492\u51b7\u300b\u4f5c\u4e3a\u7ec8\u66f2\u3002", "tts_mp3": "http://res-tts.iciba.com/tts_dj/a/f/d/afd0b33d83b9430f73617c55b9721b27.mp3", "tts_size": "24K"}]}], "collins_star": "3", "frequency_count": 3439497, "frequency_rank": 12721}