{"ph_en": "\u0259\u02c8k\u0254:di\u0259n", "ph_am": "\u0259\u02c8k\u0254rdi\u0259n", "ph_en_mp3": "http://res.iciba.com/resource/amp3/oxford/0/3d/8b/3d8b037dc9726fad92305b51f7841fcf.mp3", "ph_am_mp3": "http://res.iciba.com/resource/amp3/1/0/bd/f5/bdf5f1cc5cb974c1d4e6a753320085dc.mp3", "parts": [{"part": "n.", "means": ["\u624b\u98ce\u7434"]}, {"part": "adj.", "means": ["\u53ef\u6298\u53e0\u7684"]}], "collins": [{"posp": "N-COUNT", "tran": "\u624b\u98ce\u7434", "def": "An accordion is a musical instrument in the shape of a fairly large box which you hold in your hands. You play the accordion by pressing keys or buttons on either side while moving the two sides together and apart. Accordions are used especially to play traditional popular music.", "example": []}], "collins_star": "1", "frequency_count": 1220579, "frequency_rank": 23433}