{"ph_en": "\u0259\u02c8ka\u028ant\u0259bl", "ph_am": "\u0259\u02c8ka\u028ant\u0259b\u0259l", "ph_en_mp3": "http://res.iciba.com/resource/amp3/oxford/0/bc/a7/bca7aee1059f1df92d2076aee49651e8.mp3", "ph_am_mp3": "http://res.iciba.com/resource/amp3/1/0/1e/37/1e37365b1a70fa1556a4526c6a3d6015.mp3", "parts": [{"part": "adj.", "means": ["\u8d1f\u6709\u8d23\u4efb\u7684\uff0c\u5e94\u5bf9\u81ea\u5df1\u7684\u884c\u4e3a\u505a\u51fa\u8bf4\u660e\u7684", "\u53ef\u89e3\u91ca\u7684", "\u6709\u89e3\u91ca\u4e49\u52a1\u7684", "\u53ef\u8bf4\u660e\u7684"]}], "collins": [{"posp": "ADJ-GRADED", "tran": "\u6709\u8d23\u4efb\u7684\uff1b\u5e94\u4f5c\u89e3\u91ca\u7684", "def": "If you are accountable to someone for something that you do, you are responsible for it and must be prepared to justify your actions to that person.", "example": [{"ex": "Public officials can finally be held accountable for their actions...", "tran": "\u7ec8\u4e8e\u8981\u5bf9\u653f\u5e9c\u5b98\u5458\u5b9e\u884c\u95ee\u8d23\u4e86\u3002", "tts_mp3": "http://res-tts.iciba.com/tts_dj/0/2/1/021e76157669d1bd840932aacd7eeb7d.mp3", "tts_size": "19K"}, {"ex": "The major service industries should be accountable to their customers.", "tran": "\u4e3b\u8981\u7684\u670d\u52a1\u884c\u4e1a\u5e94\u8be5\u5bf9\u5b83\u4eec\u7684\u987e\u5ba2\u8d1f\u8d23\u3002", "tts_mp3": "http://res-tts.iciba.com/tts_dj/f/e/4/fe466fa2113d262c63f48d03ada03987.mp3", "tts_size": "19K"}]}], "collins_star": "2", "frequency_count": 3501555, "frequency_rank": 12571}