{"ph_en": "\u0259\u02c8k\u028cmpl\u026a\u0283t", "ph_am": "\u0259\u02c8k\u0251mpl\u026a\u0283t", "ph_en_mp3": "http://res.iciba.com/resource/amp3/oxford/0/26/c5/26c5cfdd3c13adbbfda783fb818d368b.mp3", "ph_am_mp3": "http://res.iciba.com/resource/amp3/1/0/62/dc/62dc35234b0f60941ad854e5cbfca37d.mp3", "parts": [{"part": "adj.", "means": ["\u624d\u534e\u9ad8\u7684", "\u6280\u827a\u9ad8\u8d85\u7684", "\u719f\u7ec3\u7684"]}], "collins": [{"posp": "ADJ-GRADED", "tran": "\u719f\u7ec3\u7684;\u624d\u534e\u9ad8\u7684;\u6709\u9020\u8be3\u7684", "def": "If someone is accomplished at something, they are very good at it.", "example": [{"ex": "She is an accomplished painter.", "tran": "\u5979\u662f\u4f4d\u9887\u6709\u5efa\u6811\u7684\u753b\u5bb6\u3002", "tts_mp3": "http://res-tts.iciba.com/tts_dj/a/5/9/a595d633ebe87cfc402988706908da02.mp3", "tts_size": "9K"}, {"ex": "...one of the most accomplished composers of our time.", "tran": "\u6211\u4eec\u8fd9\u4e2a\u65f6\u4ee3\u6700\u6770\u51fa\u7684\u4f5c\u66f2\u5bb6\u4e4b\u4e00", "tts_mp3": "http://res-tts.iciba.com/tts_dj/f/8/a/f8ab6c0e817d5ab66f0557a30e797194.mp3", "tts_size": "14K"}]}], "collins_star": "2", "frequency_count": 7928651, "frequency_rank": 7350}