{"ph_en": "\u0259\u02c8k\u028cmpl\u026a\u0283m\u0259nt", "ph_am": "\u0259\u02c8k\u0251mpl\u026a\u0283m\u0259nt", "ph_en_mp3": "http://res.iciba.com/resource/amp3/oxford/0/66/b1/66b12bd29275175a5e488e08b5d3ca2b.mp3", "ph_am_mp3": "http://res.iciba.com/resource/amp3/1/0/73/e3/73e3e7c62ed0c560c3384eaed96a9466.mp3", "parts": [{"part": "n.", "means": ["\u6210\u5c31", "\u5b8c\u6210", "\u6280\u80fd", "\u5c65\u884c"]}], "collins": [{"posp": "N-COUNT", "tran": "\u6210\u5c31;\u6210\u7ee9", "def": "An accomplishment is something remarkable that has been done or achieved.", "example": [{"ex": "For a novelist, that's quite an accomplishment...", "tran": "\u5bf9\u4e8e\u4e00\u4f4d\u5c0f\u8bf4\u5bb6\u6765\u8bf4\uff0c\u90a3\u662f\u76f8\u5f53\u4e86\u4e0d\u8d77\u7684\u6210\u5c31\u3002", "tts_mp3": "http://res-tts.iciba.com/tts_dj/c/d/a/cdafdc7cb7fe9fd0482312efc9ed03a7.mp3", "tts_size": "14K"}, {"ex": "By any standards, the accomplishments of the past year are extraordinary.", "tran": "\u4e0d\u7ba1\u4ee5\u54ea\u79cd\u6807\u51c6\u6765\u8861\u91cf\uff0c\u8fc7\u53bb\u4e00\u5e74\u90fd\u6210\u679c\u6590\u7136\u3002", "tts_mp3": "http://res-tts.iciba.com/tts_dj/d/2/7/d270b16ffd8ef2c484d23f9c517ff8ca.mp3", "tts_size": "22K"}]}, {"posp": "N-COUNT", "tran": "\u624d\u827a\uff1b\u6280\u80fd\uff1b\u9020\u8be3", "def": "Your accomplishments are the things that you can do well or the important things that you have done.", "example": []}, {"posp": "N-UNCOUNT", "tran": "\u5b8c\u6210\uff1b\u5b9e\u73b0", "def": "The accomplishment of something is the fact of achieving or finishing it.", "example": [{"ex": "His function is vital to the accomplishment of the agency's mission.", "tran": "\u8981\u5b8c\u6210\u8be5\u673a\u6784\u7684\u4f7f\u547d\uff0c\u4ed6\u7684\u4f5c\u7528\u81f3\u5173\u91cd\u8981\u3002", "tts_mp3": "http://res-tts.iciba.com/tts_dj/6/4/6/646bb0ea503dfcad62e3407253056678.mp3", "tts_size": "19K"}]}], "collins_star": "1", "frequency_count": 1904294, "frequency_rank": 18065}