{"ph_en": "\u0259\u02c8k\u0254:d\u026a\u014b t\u0259", "ph_am": "\u0259\u02c8k\u0254rd\u026a\u014b t\u0259", "ph_en_mp3": "", "ph_am_mp3": "", "parts": [{"part": "na.", "means": ["\u6839\u636e\uff0c\u6309\u7167", "\u636e\u2026\u6240\u8bf4", "\u5982", "\u6bd4\u7167"]}], "collins": [{"posp": "PREP-PHRASE", "tran": "\u636e\u2026\u6240\u8bf4\uff1b\u6309\u2026\u6240\u8f7d", "def": "If someone says that something is true according to a particular person, book, or other source of information, they are indicating where they got their information.", "example": [{"ex": "Philip stayed at the hotel, according to Mr Hemming...", "tran": "\u636e\u4ea8\u660e\u5148\u751f\u6240\u8bf4\uff0c\u83f2\u5229\u666e\u4f4f\u5728\u65c5\u9986\u91cc\u3002", "tts_mp3": "http://res-tts.iciba.com/tts_dj/f/7/b/f7b274dd1bf0e7639aab3b53dd0075c4.mp3", "tts_size": "16K"}, {"ex": "He and his father, according to local gossip, haven't been in touch for years.", "tran": "\u5f53\u5730\u98ce\u4f20\uff0c\u4ed6\u548c\u7236\u4eb2\u5df2\u591a\u5e74\u672a\u8054\u7cfb\u4e86\u3002", "tts_mp3": "http://res-tts.iciba.com/tts_dj/f/8/c/f8c658b7b583d3985233e188c52a29eb.mp3", "tts_size": "24K"}]}, {"posp": "PREP-PHRASE", "tran": "\u4f9d\u636e\uff0c\u6839\u636e\uff0c\u4f9d\u7167 \uff08\u539f\u5219\u7b49\uff09", "def": "If something is done according to a particular set of principles, these principles are used as a basis for the way it is done.", "example": [{"ex": "They both played the game according to the rules...", "tran": "\u4ed6\u4eec\u4fe9\u90fd\u4f9d\u7ae0\u884c\u4e8b\u3002", "tts_mp3": "http://res-tts.iciba.com/tts_dj/1/e/1/1e13df7fa76bc63330599cc1a8827dd3.mp3", "tts_size": "13K"}, {"ex": "They must take their own decision according to their own legal advice.", "tran": "\u4ed6\u4eec\u5fc5\u987b\u6839\u636e\u5404\u81ea\u5f8b\u5e08\u7684\u610f\u89c1\u81ea\u884c\u51b3\u5b9a\u3002", "tts_mp3": "http://res-tts.iciba.com/tts_dj/c/5/2/c52d3f434193dfd8baa7becf7e6e2c65.mp3", "tts_size": "18K"}]}, {"posp": "PREP-PHRASE", "tran": "\u53d6\u51b3\u4e8e\uff1b\u4ee5\u2026\u4e3a\u8f6c\u79fb", "def": "If something varies according to a changing factor, it varies in a way that is determined by this factor.", "example": [{"ex": "Prices vary according to the quantity ordered...", "tran": "\u4ef7\u683c\u968f\u8ba2\u8d2d\u6570\u91cf\u4e0d\u540c\u800c\u6709\u6240\u53d8\u5316\u3002", "tts_mp3": "http://res-tts.iciba.com/tts_dj/7/3/1/7318a55b9114a0bdff660781b9e0609e.mp3", "tts_size": "13K"}, {"ex": "The route that the boatmen choose varies according to the water level.", "tran": "\u8239\u592b\u9009\u62e9\u7684\u8def\u7ebf\u4f1a\u968f\u6c34\u4f4d\u7684\u53d8\u5316\u800c\u6709\u6240\u4e0d\u540c\u3002", "tts_mp3": "http://res-tts.iciba.com/tts_dj/7/a/f/7af0eea45e8c662afaca9efc6167bdfc.mp3", "tts_size": "17K"}]}, {"posp": "PHRASE", "tran": "\u6309\u7167\u8ba1\u5212\uff1b\u5982\u540c\u6599\u60f3\u7684\u90a3\u6837", "def": "If something happens according to plan, it happens in exactly the way that it was intended to happen.", "example": [{"ex": "If all goes according to plan, the first concert will be Tuesday evening.", "tran": "\u5982\u679c\u4e00\u5207\u90fd\u6309\u8ba1\u5212\u8fdb\u884c\u7684\u8bdd\uff0c\u7b2c\u4e00\u573a\u97f3\u4e50\u4f1a\u5c06\u5728\u661f\u671f\u4e8c\u665a\u4e0a\u4e3e\u884c\u3002", "tts_mp3": "http://res-tts.iciba.com/tts_dj/9/8/b/98bfa6e336f61218e540ec3e7186db04.mp3", "tts_size": "23K"}]}], "collins_star": "5", "frequency_count": 0, "frequency_rank": 0}