{"ph_en": "\u0259\u02c8ka\u028ant\u0259nt", "ph_am": "\u0259\u02c8ka\u028ant\u0259nt", "ph_en_mp3": "http://res.iciba.com/resource/amp3/oxford/0/3f/f8/3ff81076fba7985667662d95a7686f65.mp3", "ph_am_mp3": "http://res.iciba.com/resource/amp3/1/0/56/f9/56f97f482ef25e2f440df4a424e2ab1e.mp3", "parts": [{"part": "n.", "means": ["\u4f1a\u8ba1\u4eba\u5458\uff0c\u4f1a\u8ba1\u5e08"]}], "collins": [{"posp": "N-COUNT", "tran": "\u4f1a\u8ba1\u5458\uff1b\u4f1a\u8ba1\u5e08", "def": "An accountant is a person whose job is to keep financial accounts.", "example": []}], "collins_star": "2", "frequency_count": 4289265, "frequency_rank": 11090}