{"ph_en": "\u0259\u02c8k\u0254:dns", "ph_am": "\u0259\u02c8k\u0254rdns", "ph_en_mp3": "http://res.iciba.com/resource/amp3/0/0/21/27/212798353dfcb45ae95cada5b38501ac.mp3", "ph_am_mp3": "http://res.iciba.com/resource/amp3/1/0/21/27/212798353dfcb45ae95cada5b38501ac.mp3", "parts": [{"part": "n.", "means": ["\u4e00\u81f4", "\u548c\u8c10", "\u7ed9\u4e88"]}], "collins": [{"posp": "PREP-PHRASE", "tran": "\u6309\u7167;\u4f9d\u636e", "def": "If something is done in accordance with a particular rule or system, it is done in the way that the rule or system says that it should be done.", "example": [{"ex": "Entries which are not in accordance with the rules will be disqualified.", "tran": "\u4e0d\u7b26\u5408\u89c4\u5b9a\u7684\u53c2\u8d5b\u4f5c\u54c1\u5c06\u88ab\u53d6\u6d88\u8d44\u683c\u3002", "tts_mp3": "http://res-tts.iciba.com/tts_dj/0/f/3/0f36ffda5e5bc7c760e30e260dcd713c.mp3", "tts_size": "17K"}]}], "collins_star": "1", "frequency_count": 25194680, "frequency_rank": 3059}