{"ph_en": "\u0259\u02c8k\u0254:d", "ph_am": "\u0259\u02c8k\u0254rd", "ph_en_mp3": "http://res.iciba.com/resource/amp3/0/0/17/ee/17eec3190b081a1c237f673f39d821a9.mp3", "ph_am_mp3": "http://res.iciba.com/resource/amp3/1/0/17/ee/17eec3190b081a1c237f673f39d821a9.mp3", "parts": [{"part": "n.", "means": ["\u534f\u8bae", "\u6761\u7ea6", "\uff08\u8272\u5f69\u7684\uff09\u534f\u8c03", "\u548c\u89e3\u534f\u8bae"]}, {"part": "vt.", "means": ["\u7ed9\u4e88", "\u4f7f\u548c\u8c10\u4e00\u81f4", "\u4f7f\u7b26\u5408", "\u4f7f\u9002\u5408"]}, {"part": "vi.", "means": ["\u7b26\u5408", "\u4e00\u81f4"]}], "collins": [{"posp": "N-COUNT", "tran": "\uff08\u56fd\u5bb6\u3001\u56e2\u4f53\u4e4b\u95f4\u7684\u6b63\u5f0f\uff09\u534f\u5b9a\uff0c\u534f\u8bae\uff0c\u6761\u7ea6", "def": "An accord between countries or groups of people is a formal agreement, for example to end a war.", "example": [{"ex": "...a fitting way to celebrate the peace accord.", "tran": "\u5e86\u795d\u548c\u5e73\u534f\u5b9a\u7684\u6070\u5f53\u7684\u65b9\u5f0f", "tts_mp3": "http://res-tts.iciba.com/tts_dj/5/5/5/55584731377e520917864c50c53d6b92.mp3", "tts_size": "12K"}]}, {"posp": "VERB", "tran": "\u4f7f\u53d7\u5230\uff0c\u7ed9\u4e88\uff08\u67d0\u79cd\u5f85\u9047\uff09", "def": "If you are accorded a particular kind of treatment, people act towards you or treat you in that way.", "example": [{"ex": "His predecessor was accorded an equally tumultuous welcome...", "tran": "\u4ed6\u7684\u524d\u4efb\u53d7\u5230\u4e86\u540c\u6837\u70ed\u70c8\u7684\u6b22\u8fce\u3002", "tts_mp3": "http://res-tts.iciba.com/tts_dj/d/7/d/d7da448fa5cc7821f2b203c8248e0e98.mp3", "tts_size": "17K"}, {"ex": "The government accorded him the rank of Colonel...", "tran": "\u653f\u5e9c\u6388\u4e88\u4ed6\u4e0a\u6821\u519b\u8854\u3002", "tts_mp3": "http://res-tts.iciba.com/tts_dj/7/4/e/74e058f20d6bdf1a8388e0e41697b3ce.mp3", "tts_size": "13K"}]}, {"posp": "VERB", "tran": "\uff08\u4e0e\u2026\uff09\u4e00\u81f4\uff0c\u7b26\u5408", "def": "If one fact, idea, or condition accords with another, they are in agreement and there is no conflict between them.", "example": [{"ex": "Such an approach accords with the principles of socialist ideology.", "tran": "\u8fd9\u79cd\u65b9\u6cd5\u4e0e\u793e\u4f1a\u4e3b\u4e49\u610f\u8bc6\u5f62\u6001\u7684\u539f\u5219\u76f8\u7b26\u3002", "tts_mp3": "http://res-tts.iciba.com/tts_dj/4/c/d/4cda6abc340ab73dc3930e8b80eac2fb.mp3", "tts_size": "19K"}, {"ex": "...scientific evidence that did not fully accord with the facts uncovered by the police.", "tran": "\u4e0e\u8b66\u65b9\u6240\u638c\u63e1\u7684\u60c5\u51b5\u4e0d\u5b8c\u5168\u4e00\u81f4\u7684\u79d1\u5b66\u8bc1\u636e", "tts_mp3": "http://res-tts.iciba.com/tts_dj/7/b/1/7b1a614df980b519b0d3d9bf5551695e.mp3", "tts_size": "24K"}]}, {"posp": "PHRASE", "tran": "\uff08\u4e0e\u2026\uff09\u4e00\u81f4\uff1b\uff08\u4e0e\u2026\uff09\u76f8\u7b26", "def": "If one person, action, or fact is in accord with another, they are in agreement and there is no conflict between them. You can also say that two people or things are in accord.", "example": [{"ex": "...this military action, taken in accord with United Nations resolutions...", "tran": "\u4f9d\u636e\u8054\u5408\u56fd\u51b3\u8bae\u800c\u91c7\u53d6\u7684\u672c\u6b21\u519b\u4e8b\u884c\u52a8", "tts_mp3": "http://res-tts.iciba.com/tts_dj/d/f/7/df7859c26690715b96a1b35b5515f557.mp3", "tts_size": "24K"}, {"ex": "Old enemies can become new friends even if all their national interests are not in complete accord.", "tran": "\u5373\u4f7f\u56fd\u5bb6\u5229\u76ca\u4e0d\u5c3d\u76f8\u540c\uff0c\u4ed6\u4eec\u4e5f\u53ef\u4ee5\u5316\u654c\u4e3a\u53cb\u3002", "tts_mp3": "http://res-tts.iciba.com/tts_dj/4/7/b/47b93849ebb7423ce0d1a9b3ed698b28.mp3", "tts_size": "28K"}]}, {"posp": "PHRASE", "tran": "\u81ea\u52a8\u5730;\u4e0d\u501f\u52a9\u5916\u529b\u5730", "def": "If something happens of its own accord, it seems to happen by itself, without anyone making it happen.", "example": [{"ex": "In many cases the disease will clear up of its own accord.", "tran": "\u8fd9\u79cd\u75c5\u5f88\u591a\u60c5\u51b5\u4e0b\u4f1a\u81ea\u6108\u3002", "tts_mp3": "http://res-tts.iciba.com/tts_dj/a/9/7/a97faa96c63ad076a60cca83c2e595de.mp3", "tts_size": "17K"}]}, {"posp": "PHRASE", "tran": "\u81ea\u613f\u5730\uff1b\u4e3b\u52a8\u5730", "def": "If you do something of your own accord, you do it because you want to, without being asked or forced.", "example": [{"ex": "He did not quit as France's prime minister of his own accord.", "tran": "\u4ed6\u8f9e\u53bb\u6cd5\u56fd\u603b\u7406\u804c\u52a1\u5e76\u975e\u51fa\u4e8e\u81ea\u613f\u3002", "tts_mp3": "http://res-tts.iciba.com/tts_dj/b/d/8/bd8d8dfccc0efb08c3ebf61167c566c8.mp3", "tts_size": "17K"}]}, {"posp": "PHRASE", "tran": "\u4e00\u81f4\u5730\uff1b\u4e00\u81f4\u540c\u610f\u5730", "def": "If a number of people do something with one accord, they do it together or at the same time, because they agree about what should be done.", "example": [{"ex": "With one accord they turned and walked back over the grass.", "tran": "\u4ed6\u4eec\u6b65\u8c03\u4e00\u81f4\u5730\u8f6c\u8eab\u8d70\u8fc7\u8349\u576a\u3002", "tts_mp3": "http://res-tts.iciba.com/tts_dj/a/5/1/a51188e8eab8b4237b4b003ebc4d9dcd.mp3", "tts_size": "15K"}]}], "collins_star": "5", "frequency_count": 5034197, "frequency_rank": 10024}