{"ph_en": "\u02c8\u00e6k\u0259le\u026ad", "ph_am": "\u02c8\u00e6k\u0259\u02ccled, -\u02ccl\u0251d", "ph_en_mp3": "http://res.iciba.com/resource/amp3/oxford/0/f3/db/f3db614bd0e450b0348d8e2e88452bf3.mp3", "ph_am_mp3": "http://res.iciba.com/resource/amp3/1/0/91/ed/91ed24f6963b5e043edaa29bbd5882f7.mp3", "parts": [{"part": "n.", "means": ["\u5609\u5956\uff0c\u8868\u626c", "\u6b66\u58eb\u7235\u4f4d\u7684\u6388\u4e88\uff08\u793c\uff09", "[\u4e50]\u8fbe\u8c31\u53f7"]}], "collins": [{"posp": "N-COUNT", "tran": "\u8d5e\u626c\uff1b\u8363\u8a89\uff1b\u5956\u52b1", "def": "If someone is given an accolade, something is done or said about them which shows how much people admire them.", "example": [{"ex": "The Nobel prize has become the ultimate accolade in the sciences...", "tran": "\u8bfa\u8d1d\u5c14\u5956\u5df2\u6210\u4e3a\u79d1\u5b66\u754c\u7684\u6700\u9ad8\u8363\u8a89\u3002", "tts_mp3": "http://res-tts.iciba.com/tts_dj/9/2/d/92d08744ef3af01b3733c49c02009a80.mp3", "tts_size": "19K"}, {"ex": "Ari Hart recently received the accolade of being represented in the Museum of Modern Art.", "tran": "\u963f\u91cc\u00b7\u54c8\u7279\u7684\u4f5c\u54c1\u6700\u8fd1\u6709\u5e78\u83b7\u9009\u5728\u73b0\u4ee3\u827a\u672f\u9986\u5c55\u51fa\u3002", "tts_mp3": "http://res-tts.iciba.com/tts_dj/f/1/f/f1fae5e7dd4200f4a84b89ba9451fbef.mp3", "tts_size": "24K"}]}], "collins_star": "1", "frequency_count": 361681, "frequency_rank": 47627}