{"ph_en": "\u0259\u02c8ka\u028ant\u026a\u014b", "ph_am": "\u0259\u02c8ka\u028ant\u026a\u014b", "ph_en_mp3": "http://res.iciba.com/resource/amp3/oxford/0/94/69/9469753f2f0b6c8738602ad395c91772.mp3", "ph_am_mp3": "http://res.iciba.com/resource/amp3/1/0/d4/c1/d4c143f004d88b7286e6f999dea9d0d7.mp3", "parts": [{"part": "n.", "means": ["\u4f1a\u8ba1", "\u4f1a\u8ba1\u5b66", "\u8bb0\u8d26"]}, {"part": "v.", "means": ["\u8bb0\u8ff0\uff0c\u62a5\u544a(account\u7684\u73b0\u5728\u5206\u8bcd)"]}], "collins": [{"posp": "N-UNCOUNT", "tran": "\u4f1a\u8ba1;\u8bb0\u8d26", "def": "Accounting is the activity of keeping detailed records of the amounts of money a business or person receives and spends.", "example": [{"ex": "...allegations of theft, forgery and false accounting.", "tran": "\u76d7\u7a83\u3001\u4f2a\u9020\u548c\u505a\u5047\u8d26\u7684\u6307\u63a7", "tts_mp3": "http://res-tts.iciba.com/tts_dj/5/b/8/5b872360784eaeb7d7b69fbe2b5447cb.mp3", "tts_size": "17K"}, {"ex": "...the accounting firm of Leventhal & Horwath.", "tran": "\u5229\u6587\u6492\u5c14-\u970d\u74e6\u7279\u4f1a\u8ba1\u5e08\u4e8b\u52a1\u6240", "tts_mp3": "http://res-tts.iciba.com/tts_dj/d/a/8/da8fa2eaf5445d6cb357fa50b315bd24.mp3", "tts_size": "13K"}]}], "collins_star": "2", "frequency_count": 40819336, "frequency_rank": 1987}