{"ph_en": "\u0259\u02c8ka\u028ant\u0259nsi", "ph_am": "\u0259\u02c8ka\u028ant\u0259nsi", "ph_en_mp3": "http://res.iciba.com/resource/amp3/oxford/0/cf/59/cf59e8ccfea2991012c5eec8041a5d02.mp3", "ph_am_mp3": "http://res.iciba.com/resource/amp3/1/0/06/16/06162f8a29f1af79331e84785782f994.mp3", "parts": [{"part": "n.", "means": ["\u4f1a\u8ba1\u5de5\u4f5c\uff0c\u4f1a\u8ba1\u804c\u4e1a", "\u4f1a\u8ba1\u5b66"]}], "collins": [{"posp": "N-UNCOUNT", "tran": "\u4f1a\u8ba1\u5b66\uff1b\u4f1a\u8ba1\u5de5\u4f5c", "def": "Accountancy is the theory or practice of keeping financial accounts.", "example": [{"ex": "He's sitting his final exams in accountancy.", "tran": "\u4ed6\u6b63\u53c2\u52a0\u4f1a\u8ba1\u5b66\u7684\u671f\u672b\u8003\u8bd5\u3002", "tts_mp3": "http://res-tts.iciba.com/tts_dj/9/3/8/938996a1e0de67727e33c524ce836172.mp3", "tts_size": "14K"}]}], "collins_star": "1", "frequency_count": 2528048, "frequency_rank": 15265}