{"ph_en": "\u0259\u02c8k\u0252m\u0259de\u026at", "ph_am": "\u0259\u02c8k\u0251m\u0259de\u026at", "ph_en_mp3": "http://res.iciba.com/resource/amp3/oxford/0/46/e5/46e5a103ceefbbde2cd009562a26fc4b.mp3", "ph_am_mp3": "http://res.iciba.com/resource/amp3/1/0/52/8c/528ccd8899825b1394ce1086494c7492.mp3", "parts": [{"part": "vt.", "means": ["\u5bb9\u7eb3", "\u4f7f\u9002\u5e94", "\u5411\u2026\u63d0\u4f9b\u4f4f\u5904", "\u5e2e\u5fd9"]}, {"part": "vi.", "means": ["[\u540e\u9762\u7701\u53bb\u53cd\u8eab\u4ee3\u8bcd]\u9002\u5e94\u4e8e", "\uff08\u773c\uff09\u4f5c\u8c03\u8282\uff0c\u8c03\u8282\u773c\u7403\u7684\u6676\u72b6\u4f53\uff08\u4f7f\u5176\u53d8\u5f97\u9002\u5e94\u4e0d\u540c\u8ddd\u79bb\u7684\u7269\u4f53\uff09", "\u8c03\u89e3\uff0c\u8c03\u505c"]}], "collins": [{"posp": "VERB", "tran": "\uff08\u6709\u8db3\u591f\u7684\u7a7a\u95f4\uff09\u5bb9\u7eb3\uff0c\u63a5\u7eb3", "def": "If a building or space can accommodate someone or something, it has enough room for them.", "example": [{"ex": "The school in Poldown was not big enough to accommodate all the children...", "tran": "\u6ce2\u5c14\u767b\u7684\u5b66\u6821\u4e0d\u591f\u5927\uff0c\u5bb9\u4e0d\u4e0b\u6240\u6709\u7684\u5b69\u5b50\u3002", "tts_mp3": "http://res-tts.iciba.com/tts_dj/5/7/9/57985d1166f630b4850e0eedb39862ed.mp3", "tts_size": "20K"}, {"ex": "The CD-ROMs will accommodate the works of all English poets from 600 to 1900.", "tran": "\u8fd9\u4e9b\u5149\u76d8\u80fd\u5b58\u4e0b\u4ece\u516c\u5143600\u5e74\u52301900\u5e74\u6240\u6709\u82f1\u56fd\u8bd7\u4eba\u7684\u4f5c\u54c1\u3002", "tts_mp3": "http://res-tts.iciba.com/tts_dj/3/0/9/309e01dd6c93340f86b8215a82897f94.mp3", "tts_size": "27K"}]}, {"posp": "VERB", "tran": "\u4e3a\u2026\u63d0\u4f9b\u4f4f\u5bbf", "def": "To accommodate someone means to provide them with a place to live or stay.", "example": [{"ex": "...a hotel built to accommodate guests for the wedding of King Alfonso...", "tran": "\u4e00\u5bb6\u4e3a\u63a5\u5f85\u524d\u6765\u53c2\u52a0\u963f\u65b9\u7d22\u56fd\u738b\u5a5a\u793c\u7684\u6765\u5bbe\u800c\u5efa\u7684\u5bbe\u9986", "tts_mp3": "http://res-tts.iciba.com/tts_dj/5/5/0/550e0a035288b895b8cfb3f1aefedaf4.mp3", "tts_size": "19K"}, {"ex": "Students are accommodated in homes nearby.", "tran": "\u5b66\u751f\u88ab\u5b89\u7f6e\u5728\u9644\u8fd1\u7684\u4f4f\u5bb6\u4e2d\u3002", "tts_mp3": "http://res-tts.iciba.com/tts_dj/4/a/6/4a662933c67d235c7ef3cfb75292c29c.mp3", "tts_size": "13K"}]}, {"posp": "VERB", "tran": "\u987e\u53ca\uff1b\u8003\u8651\u5230", "def": "If something is planned or changed to accommodate a particular situation, it is planned or changed so that it takes this situation into account.", "example": [{"ex": "The roads are built to accommodate gradual temperature changes...", "tran": "\u4fee\u5efa\u8fd9\u4e9b\u9053\u8def\u65f6\u8003\u8651\u5230\u4e86\u6e29\u5ea6\u7684\u9010\u6e10\u53d8\u5316\u3002", "tts_mp3": "http://res-tts.iciba.com/tts_dj/a/4/8/a483a6f870736710227d84dfa04b8911.mp3", "tts_size": "18K"}, {"ex": "The way that American history is taught may change in order to accommodate some more of those cultures.", "tran": "\u7f8e\u56fd\u5386\u53f2\u7684\u6388\u8bfe\u65b9\u5f0f\u53ef\u80fd\u4f1a\u4e3a\u4e86\u7167\u987e\u5230\u66f4\u591a\u7684\u6587\u5316\u800c\u4f5c\u6539\u53d8\u3002", "tts_mp3": "http://res-tts.iciba.com/tts_dj/9/b/5/9b57a98d44a0399f56eb7b8371a9ab73.mp3", "tts_size": "27K"}]}, {"posp": "VERB", "tran": "\u8fce\u5408\uff1b\u8fc1\u5c31", "def": "If you do something to accommodate someone, you do it with the main purpose of pleasing or satisfying them.", "example": [{"ex": "He has never put an arm around his wife to accommodate photographers...", "tran": "\u4ed6\u4ece\u672a\u4e3a\u4e86\u8fce\u5408\u6444\u5f71\u5e08\u800c\u6402\u4f4f\u59bb\u5b50\u3002", "tts_mp3": "http://res-tts.iciba.com/tts_dj/1/4/8/1481df5f79a765f129ece94703e02eac.mp3", "tts_size": "20K"}, {"ex": "He's already altered several of the proposals in his economic plan to accommodate demands of special interests.", "tran": "\u4ed6\u5df2\u7ecf\u6539\u52a8\u4e86\u7ecf\u6d4e\u8ba1\u5212\u4e2d\u7684\u51e0\u9879\u63d0\u8bae\u4ee5\u8fc1\u5c31\u7279\u6b8a\u5229\u76ca\u96c6\u56e2\u7684\u8981\u6c42\u3002", "tts_mp3": "http://res-tts.iciba.com/tts_dj/f/1/4/f140cf5a4cc4ab012952b5a4e785d043.mp3", "tts_size": "32K"}]}, {"posp": "VERB", "tran": "\uff08\u8c03\u6574\u4ee5\uff09\u9002\u5e94", "def": "If you accommodate to something new, you change your behaviour or ideas so that you are able to deal with it.", "example": [{"ex": "Some animal and plant species cannot accommodate to the rapidly changing conditions...", "tran": "\u67d0\u4e9b\u79cd\u7c7b\u7684\u52a8\u690d\u7269\u4e0d\u80fd\u9002\u5e94\u8fc5\u901f\u53d8\u5316\u7684\u73af\u5883\u3002", "tts_mp3": "http://res-tts.iciba.com/tts_dj/d/6/a/d6a827b64bbf43aae5f2ae58e037ecc3.mp3", "tts_size": "25K"}, {"ex": "She walked slowly to accommodate herself to his pace.", "tran": "\u5979\u8d70\u5f97\u5f88\u6162\uff0c\u4ee5\u4fbf\u4e0e\u4ed6\u4fdd\u6301\u4e00\u81f4\u7684\u6b65\u4f10\u3002", "tts_mp3": "http://res-tts.iciba.com/tts_dj/3/3/f/33f0ba6291936501e2e4f3e7753ff591.mp3", "tts_size": "16K"}]}], "collins_star": "2", "frequency_count": 7002915, "frequency_rank": 8016}