{"ph_en": "\u0259\u02c8ka\u028ant", "ph_am": "\u0259\u02c8ka\u028ant", "ph_en_mp3": "http://res.iciba.com/resource/amp3/oxford/0/02/3c/023c3078b31f2834e07cc653bf69302b.mp3", "ph_am_mp3": "http://res.iciba.com/resource/amp3/1/0/e2/68/e268443e43d93dab7ebef303bbe9642f.mp3", "parts": [{"part": "n.", "means": ["\u8d26\uff0c\u8d26\u76ee", "\u5b58\u6b3e", "\u8bb0\u8ff0\uff0c\u62a5\u544a", "\u7406\u7531"]}, {"part": "vi.", "means": ["\u89e3\u91ca", "\u5bfc\u81f4", "\u62a5\u8d26"]}, {"part": "vt.", "means": ["\u8ba4\u4e3a", "\u628a\u2026\u89c6\u4f5c"]}], "collins": [{"posp": "N-COUNT", "tran": "\uff08\u94f6\u884c\u7b49\u7684\uff09\u8d26\u6237", "def": "If you have an account with a bank or a similar organization, you have an arrangement to leave your money there and take some out when you need it.", "example": [{"ex": "Some banks make it difficult to open an account...", "tran": "\u4e00\u4e9b\u94f6\u884c\u628a\u5f00\u6237\u5f04\u5f97\u5f88\u9ebb\u70e6\u3002", "tts_mp3": "http://res-tts.iciba.com/tts_dj/f/7/1/f713b2daf899273cff0bdbe069dd4d2f.mp3", "tts_size": "14K"}, {"ex": "I had two accounts with Natwest, a savings account and a current account.", "tran": "\u6211\u5728\u56fd\u6c11\u5a01\u65af\u654f\u65af\u7279\u94f6\u884c\u6709\u4e24\u4e2a\u8d26\u6237\uff0c\u4e00\u4e2a\u50a8\u84c4\u8d26\u6237\u548c\u4e00\u4e2a\u6d3b\u671f\u5b58\u6b3e\u8d26\u6237\u3002", "tts_mp3": "http://res-tts.iciba.com/tts_dj/f/1/f/f1f7a9d962a2372a76fadad951627bd8.mp3", "tts_size": "22K"}]}, {"posp": "N-COUNT", "tran": "\u56fa\u5b9a\u5ba2\u6237\uff0c\u8001\u4e3b\u987e\uff08\u5c24\u6307\u516c\u53f8\uff09", "def": "In business, a regular customer of a company can be referred to as an account, especially when the customer is another company.", "example": [{"ex": "Biggart Donald, the Glasgow-based marketing agency, has won two Edinburgh accounts.", "tran": "\u6bd4\u52a0\u7279\u00b7\u5510\u7eb3\u5fb7\uff0c\u8fd9\u5bb6\u9a7b\u683c\u62c9\u65af\u54e5\u7684\u8425\u9500\u4ee3\u7406\u516c\u53f8\u5df2\u8d62\u5f97\u4e86\u4e24\u4e2a\u7231\u4e01\u5821\u7684\u5ba2\u6237\u3002", "tts_mp3": "http://res-tts.iciba.com/tts_dj/7/b/e/7be538b1bc2087ec456e7987ba92835c.mp3", "tts_size": "28K"}]}, {"posp": "N-COUNT", "tran": "\u8d26;\u8d26\u76ee", "def": "Accounts are detailed records of all the money that a person or business receives and spends.", "example": [{"ex": "He kept detailed accounts.", "tran": "\u4ed6\u8bb0\u660e\u7ec6\u8d26\u3002", "tts_mp3": "http://res-tts.iciba.com/tts_dj/a/4/8/a48a60330a54c6d8393526e0a15ba513.mp3", "tts_size": "9K"}, {"ex": "...an account book.", "tran": "\u8d26\u672c", "tts_mp3": "http://res-tts.iciba.com/tts_dj/d/9/3/d9323e2c23484a060453e14c1237a9aa.mp3", "tts_size": "5K"}]}, {"posp": "N-COUNT", "tran": "\uff08\u4e66\u9762\u6216\u53e3\u5934\u7684\uff09\u8bb0\u8ff0\uff0c\u63cf\u8ff0\uff0c\u9648\u8ff0\uff0c\u62a5\u544a", "def": "An account is a written or spoken report of something that has happened.", "example": [{"ex": "He gave a detailed account of what happened on the fateful night...", "tran": "\u4ed6\u8be6\u7ec6\u63cf\u8ff0\u4e86\u90a3\u4e2a\u707e\u96be\u6027\u591c\u665a\u6240\u53d1\u751f\u7684\u4e8b\u3002", "tts_mp3": "http://res-tts.iciba.com/tts_dj/f/3/1/f3199c0dffd872b7170fc56cfec6e452.mp3", "tts_size": "16K"}, {"ex": "According to police accounts, Mr and Mrs Hunt were found dead on the floor of their kitchen.", "tran": "\u636e\u8b66\u65b9\u79f0\uff0c\u4ea8\u7279\u592b\u5987\u88ab\u53d1\u73b0\u6b7b\u5728\u5bb6\u91cc\u53a8\u623f\u7684\u5730\u677f\u4e0a\u3002", "tts_mp3": "http://res-tts.iciba.com/tts_dj/7/8/b/78b123eed53bf509b99b12ecb12064d3.mp3", "tts_size": "27K"}]}, {"posp": "N-COUNT", "tran": "\u89e3\u91ca;\u8bf4\u660e", "def": "An account of something is a theory which is intended to explain or describe it.", "example": [{"ex": "This basic utilitarian model gives a relatively unsophisticated account of human behaviour...", "tran": "\u8fd9\u4e2a\u5b9e\u7528\u7684\u57fa\u7840\u6a21\u578b\u8f83\u4e3a\u7b80\u7565\u5730\u89e3\u91ca\u4e86\u4eba\u7c7b\u7684\u884c\u4e3a\u3002", "tts_mp3": "http://res-tts.iciba.com/tts_dj/6/4/9/649db87aef196c36ea5fc04c7a8af7d5.mp3", "tts_size": "27K"}, {"ex": "Science, on Weber's account, is an essentially value-free activity.", "tran": "\u6309\u7167\u97e6\u4f2f\u7684\u8bf4\u6cd5\uff0c\u79d1\u5b66\u5728\u672c\u8d28\u4e0a\u662f\u4e00\u79cd\u4ef7\u503c\u65e0\u6d89\u7684\u6d3b\u52a8\u3002", "tts_mp3": "http://res-tts.iciba.com/tts_dj/d/1/4/d14570d451e4b919ec84c15794ac7df0.mp3", "tts_size": "24K"}]}, {"posp": "VERB", "tran": "\u628a\u2026\u89c6\u4f5c;\u8ba4\u4e3a", "def": "If you say that something is accounted a particular thing, you are reporting someone's judgment or opinion that it is that thing.", "example": [{"ex": "The opening day of the battle was, nevertheless, accounted a success.", "tran": "\u4e0d\u8fc7\uff0c\u5f00\u6218\u7684\u9996\u65e5\u4ecd\u88ab\u8ba4\u4e3a\u662f\u6210\u529f\u7684\u3002", "tts_mp3": "http://res-tts.iciba.com/tts_dj/c/8/f/c8fbea72e74c9286284e1ac8bc1011df.mp3", "tts_size": "23K"}, {"ex": "...homosexuals, whose sexual behaviour is still accounted sinful by the church.", "tran": "\u5176\u6027\u884c\u4e3a\u4ecd\u7136\u88ab\u6559\u4f1a\u8ba4\u4e3a\u662f\u7f6a\u5b7d\u6df1\u91cd\u7684\u540c\u6027\u604b\u8005", "tts_mp3": "http://res-tts.iciba.com/tts_dj/3/d/3/3d3c45188ca3f897fa8c76b7230488dd.mp3", "tts_size": "24K"}]}, {"posp": "PHRASE", "tran": "\u6839\u636e\u5404\u79cd\u8bf4\u6cd5", "def": "If you say that something is true by all accounts or from all accounts, you believe it is true because other people say so.", "example": [{"ex": "He is, by all accounts, a superb teacher.", "tran": "\u4ed6\u662f\u4f4d\u6709\u53e3\u7686\u7891\u7684\u597d\u8001\u5e08\u3002", "tts_mp3": "http://res-tts.iciba.com/tts_dj/f/1/4/f149038c9c11d681f4dfdcfdb4fd8804.mp3", "tts_size": "17K"}]}, {"posp": "PHRASE", "tran": "\uff08\u5c3d\u7ba1\u672a\u5fc5\u5927\u83b7\u5168\u80dc\u4f46\uff09\u51fa\u8272\u5730\u8868\u73b0\uff08\u81ea\u5df1\uff09", "def": "If you say that someone gave a good account of themselves in a particular situation, you mean that they performed well, although they may not have been completely successful.", "example": [{"ex": "The team fought hard and gave a good account of themselves.", "tran": "\u8fd9\u652f\u961f\u4f0d\u594b\u529b\u62fc\u640f\uff0c\u8868\u73b0\u51fa\u8272\u3002", "tts_mp3": "http://res-tts.iciba.com/tts_dj/9/2/0/920be6f620017fbff53fb35e486d605a.mp3", "tts_size": "15K"}]}, {"posp": "PHRASE", "tran": "\u6beb\u4e0d\u91cd\u8981;\u65e0\u8db3\u8f7b\u91cd", "def": "If you say that something is of no account or of little account, you mean that it is very unimportant and is not worth considering.", "example": [{"ex": "These obscure groups were of little account in national politics.", "tran": "\u8fd9\u4e9b\u540d\u4e0d\u89c1\u7ecf\u4f20\u7684\u56e2\u4f53\u5728\u56fd\u5185\u653f\u754c\u65e0\u8db3\u8f7b\u91cd\u3002", "tts_mp3": "http://res-tts.iciba.com/tts_dj/8/4/e/84efd6edd3d3cec731a39213ad9238dc.mp3", "tts_size": "18K"}]}, {"posp": "PHRASE", "tran": "\u4ee5\u8d4a\u8d26\u65b9\u5f0f;\u4ee5\u5206\u671f\u4ed8\u6b3e\u65b9\u5f0f", "def": "If you buy or pay for something on account, you pay nothing or only part of the cost at first, and pay the rest later.", "example": [{"ex": "He bought two bottles of vodka on account.", "tran": "\u4ed6\u6302\u8d26\u4e70\u4e86\u4e24\u74f6\u4f0f\u7279\u52a0\u9152\u3002", "tts_mp3": "http://res-tts.iciba.com/tts_dj/d/3/9/d390b3f0930fd593db8a8efaf5be3773.mp3", "tts_size": "13K"}]}, {"posp": "PREP-PHRASE", "tran": "\u56e0\u4e3a;\u7531\u4e8e", "def": "You use on account of to introduce the reason or explanation for something.", "example": [{"ex": "The President declined to deliver the speech himself, on account of a sore throat...", "tran": "\u603b\u7edf\u56e0\u55d3\u5b50\u4e0d\u9002\u800c\u5a49\u62d2\u4e86\u4eb2\u81ea\u8bb2\u8bdd\u3002", "tts_mp3": "http://res-tts.iciba.com/tts_dj/9/2/b/92b07ff72a93e465a941f22c72e1b741.mp3", "tts_size": "23K"}, {"ex": "A newly-married couple, he thought, on account of their walking so close together.", "tran": "\u770b\u4fe9\u4eba\u8d70\u8def\u65f6\u6328\u5f97\u8fd9\u4e48\u8fd1\uff0c\u4ed6\u89c9\u5f97\u4ed6\u4eec\u662f\u65b0\u5a5a\u592b\u5987\u3002", "tts_mp3": "http://res-tts.iciba.com/tts_dj/9/6/3/963888cacab6620fd8ffd4c7d60aaeb9.mp3", "tts_size": "24K"}]}, {"posp": "PHRASE", "tran": "\u4ece\uff08\u67d0\u4eba\u7684\uff09\u89d2\u5ea6\uff1b\uff08\u5c24\u6307\uff09\u8bbe\u60f3\u5904\u4e8e\uff08\u67d0\u4eba\u7684\uff09\u60c5\u51b5", "def": "Your feelings on someone's account are the feelings you have about what they have experienced or might experience, especially when you imagine yourself to be in their situation.", "example": [{"ex": "Mollie told me what she'd done and I was really scared on her account.", "tran": "\u83ab\u8389\u544a\u8bc9\u6211\u5979\u7684\u6240\u4f5c\u6240\u4e3a\uff0c\u6211\u771f\u662f\u66ff\u5979\u611f\u5230\u540e\u6015\u3002", "tts_mp3": "http://res-tts.iciba.com/tts_dj/a/0/a/a0ad32abe2c32fd5467be7b8e065fbf0.mp3", "tts_size": "18K"}]}, {"posp": "PHRASE", "tran": "\u56e0\u4e3a\uff08\u67d0\u4eba\u7684\uff09\u7f18\u6545", "def": "If you tell someone not to do something on your account, you mean that they should do it only if they want to, and not because they think it will please you.", "example": [{"ex": "Don't leave on my account.", "tran": "\u522b\u56e0\u4e3a\u6211\u5c31\u8d70\u4e86\u3002", "tts_mp3": "http://res-tts.iciba.com/tts_dj/c/a/3/ca346e4490d32181eecd3b013ce1ca99.mp3", "tts_size": "8K"}]}, {"posp": "PHRASE", "tran": "\u7edd\u4e0d;\u5207\u52ff", "def": "If you say that something should on no account be done, you are emphasizing that it should not be done under any circumstances.", "example": [{"ex": "On no account should the mixture boil.", "tran": "\u5207\u52ff\u8ba9\u8fd9\u79cd\u6df7\u5408\u7269\u6cb8\u817e\u3002", "tts_mp3": "http://res-tts.iciba.com/tts_dj/e/c/8/ec8c726667d68d8f20a721d47145ad8d.mp3", "tts_size": "11K"}]}, {"posp": "PHRASE", "tran": "\u4e3a\u4e86\u90a3\u4e2a/\u8fd9\u4e2a\u7f18\u6545", "def": "You can use on that account or on this account when you want to say that something happens for the reason you have just mentioned.", "example": [{"ex": "Wine is radioactive but few people stop drinking it on that account.", "tran": "\u9152\u662f\u6709\u653e\u5c04\u6027\u7684\uff0c\u53ef\u662f\u5f88\u5c11\u6709\u4eba\u56e0\u6b64\u800c\u6212\u9152\u3002", "tts_mp3": "http://res-tts.iciba.com/tts_dj/4/e/b/4eb379d1c6769e8637de90f2333a1ac7.mp3", "tts_size": "19K"}]}, {"posp": "PHRASE", "tran": "\u6839\u636e(\u67d0\u4eba)\u81ea\u5df1\u7684\u8bf4\u6cd5", "def": "If you say that something concerning a particular person is true by his or her own account, you mean that you believe it because that person has said it is true.", "example": [{"ex": "He was by his own account an ambitious workaholic.", "tran": "\u636e\u4ed6\u81ea\u5df1\u6240\u8a00\uff0c\u4ed6\u662f\u4e2a\u96c4\u5fc3\u52c3\u52c3\u7684\u5de5\u4f5c\u72c2\u3002", "tts_mp3": "http://res-tts.iciba.com/tts_dj/6/5/e/65eee45a58e7ff582c0210c2c9acebaf.mp3", "tts_size": "15K"}]}, {"posp": "PHRASE", "tran": "\u4f5c\u4e3a\u4e2a\u4eba\u5730\uff1b\u4e3a\u81ea\u8eab\u5229\u76ca\u5730", "def": "If you take part in a business activity on your own account, you do it for yourself, and not as a representative or employee of a company.", "example": [{"ex": "She had plans to set up in business on her own account.", "tran": "\u5979\u8ba1\u5212\u81ea\u5df1\u521b\u4e1a\u3002", "tts_mp3": "http://res-tts.iciba.com/tts_dj/0/2/7/02705d017d832a24e4c493fe00b86001.mp3", "tts_size": "15K"}]}, {"posp": "PHRASE", "tran": "\u81ea\u4e3b\u81ea\u613f\u5730;\u8d23\u4efb\u81ea\u8d1f\u5730", "def": "If you do something on your own account, you do it because you want to and without being asked, and you take responsibility for your own action.", "example": [{"ex": "I told him if he withdrew it was on his own account.", "tran": "\u6211\u544a\u8bc9\u4ed6\uff0c\u5982\u679c\u4ed6\u9000\u51fa\uff0c\u8d23\u4efb\u81ea\u8d1f\u3002", "tts_mp3": "http://res-tts.iciba.com/tts_dj/1/c/3/1c38ebb4da05bb8b08dd7eaf5956d83f.mp3", "tts_size": "15K"}]}, {"posp": "PHR-RECIP", "tran": "\uff08\u4e0e\u654c\u4eba\u6216\u5bf9\u624b\uff09\u51b3\u6218\uff0c\u7b97\u8d26\uff0c\u4e86\u7ed3\u6069\u6028", "def": "To settle accounts with an enemy or opponent means to bring your fight or quarrel to an end by defeating them.", "example": [{"ex": "...until the great day came when the Germans could finally settle accounts with the British...", "tran": "\u76f4\u5230\u5fb7\u56fd\u4eba\u6700\u7ec8\u80fd\u548c\u82f1\u56fd\u4eba\u6e05\u7b97\u65e7\u8d26\u7684\u91cd\u5927\u65e5\u5b50\u7684\u6765\u4e34", "tts_mp3": "http://res-tts.iciba.com/tts_dj/7/9/b/79b3b4f56db174292b700b6b26747573.mp3", "tts_size": "22K"}, {"ex": "Their sleep is regularly disturbed by the sound of gunfire as criminal gangs settle their nightly accounts.", "tran": "\u4ed6\u4eec\u7ecf\u5e38\u88ab\u9ed1\u5e2e\u6bcf\u665a\u706b\u62fc\u7684\u67aa\u58f0\u6240\u5435\u9192\u3002", "tts_mp3": "http://res-tts.iciba.com/tts_dj/7/4/9/7490c7a548a2651450c6664ea6014fec.mp3", "tts_size": "30K"}]}, {"posp": "PHRASE", "tran": "\u8003\u8651\u5230\uff1b\u628a\u2026\u8ba1\u7b97\u5728\u5185", "def": "If you take something into account, or take account of something, you consider it when you are thinking about a situation or deciding what to do.", "example": [{"ex": "The defendant asked for 21 similar offences to be taken into account...", "tran": "\u88ab\u544a\u8981\u6c42\u8003\u8651\u5230\u7c7b\u4f3c\u768421\u8d77\u8fdd\u6cd5\u884c\u4e3a\u7684\u60c5\u51b5\u3002", "tts_mp3": "http://res-tts.iciba.com/tts_dj/b/1/d/b1d7beb30f81600e92c674234fc7a70e.mp3", "tts_size": "22K"}, {"ex": "Urban planners in practice have to take account of many interest groups in society.", "tran": "\u57ce\u5e02\u89c4\u5212\u4eba\u5458\u5728\u5b9e\u9645\u5de5\u4f5c\u4e2d\u5fc5\u987b\u628a\u793e\u4f1a\u5404\u5229\u76ca\u96c6\u56e2\u90fd\u8003\u8651\u5728\u5185\u3002", "tts_mp3": "http://res-tts.iciba.com/tts_dj/a/9/d/a9d978d06baac74e3289b92cc629c5c9.mp3", "tts_size": "24K"}]}, {"posp": "PHRASE", "tran": "\uff08\u5bf9\u6240\u505a\u7684\u9519\u4e8b\uff09\u88ab\u8981\u6c42\u89e3\u91ca\u5e76\u906d\u65a5\u8d23\uff0c\u88ab\u95ee\u8d23", "def": "If someone is called, held, or brought to account for something they have done wrong, they are made to explain why they did it, and are often criticized or punished for it.", "example": [{"ex": "Ministers should be called to account for their actions.", "tran": "\u90e8\u957f\u4eec\u5e94\u8be5\u5bf9\u4ed6\u4eec\u7684\u884c\u4e3a\u4f5c\u51fa\u89e3\u91ca\u3002", "tts_mp3": "http://res-tts.iciba.com/tts_dj/1/9/b/19b63c9fb7ab23228ce585f3c7b4d4b7.mp3", "tts_size": "15K"}]}], "collins_star": "5", "frequency_count": 203611349, "frequency_rank": 361}