{"ph_en": "\u0259\u02c8k\u028cmpl\u026a\u0283", "ph_am": "\u0259\u02c8k\u0251mpl\u026a\u0283", "ph_en_mp3": "http://res.iciba.com/resource/amp3/oxford/0/28/c3/28c3830769e665af2d52931576d067ea.mp3", "ph_am_mp3": "http://res.iciba.com/resource/amp3/1/0/22/3f/223fe193ef56a6d05af4d6d3005617f1.mp3", "parts": [{"part": "vt.", "means": ["\u5b8c\u6210", "\u8fbe\u5230\uff08\u76ee\u7684\uff09", "\u8d70\u5b8c\uff08\u8def\u7a0b\u3001\u8ddd\u79bb\u7b49\uff09", "\u4f7f\u5b8c\u7f8e"]}], "collins": [{"posp": "VERB", "tran": "\u5b8c\u6210\uff1b\u8fbe\u6210", "def": "If you accomplish something, you succeed in doing it.", "example": [{"ex": "If we'd all work together, I think we could accomplish our goal...", "tran": "\u53ea\u8981\u5927\u5bb6\u9f50\u5fc3\u534f\u529b\uff0c\u6211\u60f3\u6211\u4eec\u5c31\u80fd\u5b9e\u73b0\u76ee\u6807\u3002", "tts_mp3": "http://res-tts.iciba.com/tts_dj/4/d/6/4d6be94914931466776ac3cb5b73aea5.mp3", "tts_size": "17K"}, {"ex": "They are skeptical about how much will be accomplished by legislation.", "tran": "\u4ed6\u4eec\u5bf9\u4e8e\u7acb\u6cd5\u6210\u6548\u5fc3\u5b58\u7591\u8651\u3002", "tts_mp3": "http://res-tts.iciba.com/tts_dj/2/9/f/29f6135535b058257653bec767a9fc02.mp3", "tts_size": "19K"}]}], "collins_star": "2", "frequency_count": 6091676, "frequency_rank": 8815}