{"ph_en": "\u0259\u02c8k\u028cmp\u0259nim\u0259nt", "ph_am": "\u0259\u02c8k\u028cmp\u0259nim\u0259nt, \u0259\u02c8k\u028cmpni-", "ph_en_mp3": "http://res.iciba.com/resource/amp3/oxford/0/0c/27/0c27d0dd037675b4d9edbb8f80eb0358.mp3", "ph_am_mp3": "http://res.iciba.com/resource/amp3/1/0/43/0a/430a2b12cf3f19320342eee4dce983a5.mp3", "parts": [{"part": "n.", "means": ["\u4f34\u594f", "\u4f34\u968f\u7269"]}], "collins": [{"posp": "N-COUNT", "tran": "\u4f34\u594f", "def": "The accompaniment to a song or tune is the music that is played at the same time as it and forms a background to it.", "example": [{"ex": "He sang 'My Funny Valentine' to a piano accompaniment.", "tran": "\u4ed6\u5728\u94a2\u7434\u7684\u4f34\u594f\u4e0b\u6f14\u5531\u4e86\u300a\u6211\u53ef\u7231\u7684\u60c5\u4eba\u300b\u3002", "tts_mp3": "http://res-tts.iciba.com/tts_dj/b/6/1/b61f73213e0103d26c230af4bb96d03e.mp3", "tts_size": "16K"}]}, {"posp": "N-COUNT", "tran": "\u4f34\u968f\u7269\uff1b\u4f34\u968f\u53d1\u751f\uff08\u6216\u5b58\u5728\uff09\u7684\u4e8b\u7269", "def": "An accompaniment is something which goes with another thing.", "example": [{"ex": "This recipe makes a good accompaniment to ice-cream.", "tran": "\u8fd9\u9053\u98df\u8c31\u9002\u5408\u642d\u914d\u51b0\u6fc0\u51cc\u3002", "tts_mp3": "http://res-tts.iciba.com/tts_dj/7/1/0/710f28aa382d98978a77a5b9bf8aa99b.mp3", "tts_size": "15K"}]}], "collins_star": "1", "frequency_count": 1572132, "frequency_rank": 20225}