{"ph_en": "\u0259\u02cck\u0252m\u0259\u02c8de\u026a\u0283n", "ph_am": "\u0259\u02cck\u0251m\u0259\u02c8de\u026a\u0283n", "ph_en_mp3": "http://res.iciba.com/resource/amp3/oxford/0/ca/73/ca73422e1c35557aa64308a225622b63.mp3", "ph_am_mp3": "http://res.iciba.com/resource/amp3/1/0/92/07/92074f5707e8b7441780003a1f8f9f0c.mp3", "parts": [{"part": "n.", "means": ["\u4f4f\u5904", "\u9002\u5e94", "\u4fbf\u5229", "\u548c\u89e3"]}], "collins": [{"posp": "N-UNCOUNT", "tran": "\u4f4f\u5904\uff1b\u4f4f\u6240", "def": "Accommodation is used to refer to buildings or rooms where people live or stay.", "example": [{"ex": "The government will provide temporary accommodation for up to three thousand people...", "tran": "\u653f\u5e9c\u5c06\u7ed9\u591a\u8fbe3,000\u4eba\u63d0\u4f9b\u4e34\u65f6\u4f4f\u5904\u3002", "tts_mp3": "http://res-tts.iciba.com/tts_dj/c/6/c/c6c6b2153d791f4026ae7d15f85a4c07.mp3", "tts_size": "23K"}, {"ex": "Prices start at \u00a31,095 per person, including flights, hotel accommodation and various excursions...", "tran": "\u8d77\u4ef7\u4e3a\u5355\u4eba1,095\u82f1\u9551\uff0c\u5305\u62ec\u673a\u7968\u3001\u65c5\u5e97\u4f4f\u5bbf\u548c\u5404\u79cd\u51fa\u6e38\u8d39\u7528\u3002", "tts_mp3": "http://res-tts.iciba.com/tts_dj/c/b/4/cb48f9def59e6a5929b4f45dbe4cb5ac.mp3", "tts_size": "41K"}]}, {"posp": "N-UNCOUNT", "tran": "\uff08\u697c\u623f\u6216\u4ea4\u901a\u5de5\u5177\u5185\u7684\uff09\u7a7a\u95f4\uff0c\u5ea7\u4f4d\uff0c\u94fa\u4f4d", "def": "Accommodation is space in buildings or vehicles that is available for certain things, people, or activities.", "example": [{"ex": "The school occupies split-site accommodation on the main campus...", "tran": "\u8be5\u5b66\u9662\u5206\u6563\u5728\u4e3b\u6821\u533a\u4e0d\u540c\u5730\u70b9\u3002", "tts_mp3": "http://res-tts.iciba.com/tts_dj/9/9/7/997fcad89ae25e7a56e9e07d9ba8d2bb.mp3", "tts_size": "20K"}, {"ex": "Some trains carry bicycles, but accommodation is restricted so a reservation is essential.", "tran": "\u6709\u4e9b\u706b\u8f66\u53ef\u4ee5\u8fd0\u8f7d\u81ea\u884c\u8f66\uff0c\u4f46\u56e0\u7a7a\u95f4\u6709\u9650\u9700\u8981\u63d0\u524d\u9884\u8ba2\u3002", "tts_mp3": "http://res-tts.iciba.com/tts_dj/8/1/d/81ded764771681c0586e2df56ec54d05.mp3", "tts_size": "30K"}]}, {"posp": "N-COUNT", "tran": "\u548c\u89e3\uff1b\u8c03\u548c", "def": "An accommodation is an agreement between different people which enables them to exist together without trouble.", "example": [{"ex": "His instinct would be to seek a new accommodation with the nationalists...", "tran": "\u4ed6\u672c\u80fd\u7684\u53cd\u5e94\u4f1a\u662f\u5bfb\u6c42\u4e0e\u6c11\u65cf\u4e3b\u4e49\u8005\u53d6\u5f97\u65b0\u7684\u548c\u89e3\u3002", "tts_mp3": "http://res-tts.iciba.com/tts_dj/d/f/7/df7729752475d9d766c0674046461e89.mp3", "tts_size": "19K"}, {"ex": "Religions, to survive, must make accommodations with the larger political structures that nurture them.", "tran": "\u4e3a\u4e86\u751f\u5b58\uff0c\u5b97\u6559\u5fc5\u987b\u540c\u5176\u8d56\u4ee5\u5b58\u5728\u7684\u66f4\u5927\u7684\u653f\u6cbb\u4f53\u7cfb\u76f8\u8c03\u548c\u3002", "tts_mp3": "http://res-tts.iciba.com/tts_dj/e/f/f/eff2cb57c55fa1944c38275954f02942.mp3", "tts_size": "31K"}]}], "collins_star": "3", "frequency_count": 60589803, "frequency_rank": 1349}