{"ph_en": "\u0259\u02c8k\u0254:d\u026a\u014bli", "ph_am": "\u0259\u02c8k\u0254rd\u026a\u014bli", "ph_en_mp3": "http://res.iciba.com/resource/amp3/oxford/0/c7/19/c719cf09ea13b3d9e4bcbbbb1ed6c713.mp3", "ph_am_mp3": "http://res.iciba.com/resource/amp3/1/0/6c/ee/6ceea121cfaa308bcf0ea24a51628bef.mp3", "parts": [{"part": "adv.", "means": ["\u56e0\u6b64\uff0c\u4e8e\u662f", "\u4f9d\u636e", "\u7167\u7740\uff0c\u76f8\u5e94\u5730"]}], "collins": [{"posp": "ADV", "tran": "\u56e0\u6b64\uff1b\u4e8e\u662f", "def": "You use accordingly to introduce a fact or situation which is a result or consequence of something that you have just referred to.", "example": [{"ex": "We have a different background, a different history. Accordingly, we have the right to different futures...", "tran": "\u6211\u4eec\u6709\u4e0d\u540c\u7684\u80cc\u666f\u548c\u4e0d\u540c\u7684\u5386\u53f2\u3002\u56e0\u6b64\uff0c\u6211\u4eec\u6709\u6743\u62e5\u6709\u4e0d\u540c\u7684\u672a\u6765\u3002", "tts_mp3": "http://res-tts.iciba.com/tts_dj/0/a/a/0aa092b698041ca390756d3274779436.mp3", "tts_size": "32K"}, {"ex": "The workforce have recently been calling for their working hours to be reduced. Many companies have accordingly switched to a five-day week.", "tran": "\u5de5\u4eba\u4eec\u6700\u8fd1\u4e00\u76f4\u5728\u547c\u5401\u7f29\u77ed\u5de5\u4f5c\u65f6\u95f4\u3002\u8bb8\u591a\u516c\u53f8\u4e8e\u662f\u8f6c\u6210\u4e86\u4e00\u5468\u4e94\u5929\u5de5\u4f5c\u5236\u3002", "tts_mp3": "http://res-tts.iciba.com/tts_dj/e/5/a/e5afafa5e02786dc5dedab166a675e5b.mp3", "tts_size": "40K"}]}, {"posp": "ADV", "tran": "\u7167\u7740;\u76f8\u5e94\u5730", "def": "If you consider a situation and then act accordingly, the way you act depends on the nature of the situation.", "example": [{"ex": "It is a difficult job and they should be paid accordingly...", "tran": "\u8fd9\u662f\u4efd\u68d8\u624b\u7684\u5de5\u4f5c\uff0c\u4ed6\u4eec\u5e94\u5f97\u5230\u76f8\u5e94\u7684\u62a5\u916c\u3002", "tts_mp3": "http://res-tts.iciba.com/tts_dj/1/0/1/1014464fad36e52aa5852f0fbc13669d.mp3", "tts_size": "16K"}, {"ex": "The new government will make a judgment about its interests and act accordingly.", "tran": "\u65b0\u653f\u5e9c\u5c06\u5bf9\u5176\u5229\u5bb3\u5f97\u5931\u4f5c\u51fa\u5224\u65ad\uff0c\u5e76\u91c7\u53d6\u76f8\u5e94\u7684\u884c\u52a8\u3002", "tts_mp3": "http://res-tts.iciba.com/tts_dj/1/d/d/1ddcb90173fe95130f90b6c24d147593.mp3", "tts_size": "21K"}]}], "collins_star": "2", "frequency_count": 8960086, "frequency_rank": 6718}