{"ph_en": "\u0259\u02c8kred\u026at", "ph_am": "\u0259\u02c8kr\u025bd\u026at", "ph_en_mp3": "http://res.iciba.com/resource/amp3/oxford/0/2b/3f/2b3f2cf306667a6db2de0c2a2f83b96f.mp3", "ph_am_mp3": "http://res.iciba.com/resource/amp3/1/0/6a/c0/6ac0512dd89ef9eae3c45dc037a8b0be.mp3", "parts": [{"part": "vt.", "means": ["\u5f52\u56e0\u4e8e", "\u59d4\u6258\uff0c\u6388\u6743", "\u76f8\u4fe1\uff0c\u8ba4\u53ef", "\u9274\u5b9a\u5408\u683c\uff0c\u786e\u8ba4\u8fbe\u6807"]}], "collins": [{"posp": "VERB", "tran": "\u9274\u5b9a\u2026\u4e3a\u5408\u683c;\u786e\u8ba4\u2026\u8fbe\u5230\u6807\u51c6", "def": "If an educational qualification or institution is accredited, it is officially declared to be of an approved standard.", "example": [{"ex": "This degree programme is fully accredited by the Institution of Electrical Engineers.", "tran": "\u8fd9\u95e8\u5b66\u4f4d\u8bfe\u7a0b\u7ecf\u7535\u6c14\u5de5\u7a0b\u5e08\u5b66\u9662\u9274\u5b9a\u5b8c\u5168\u5408\u683c\u3002", "tts_mp3": "http://res-tts.iciba.com/tts_dj/b/6/0/b604c033122ae576ded02f096c472b5b.mp3", "tts_size": "25K"}, {"ex": "...an accredited college of Brunel University.", "tran": "\u5e03\u9c81\u5185\u5c14\u5927\u5b66\u7684\u4e00\u6240\u6b63\u5f0f\u5b66\u9662", "tts_mp3": "http://res-tts.iciba.com/tts_dj/b/3/f/b3f71d1f30808c47049f2519ca6fb9cd.mp3", "tts_size": "13K"}]}, {"posp": "VERB", "tran": "\u59d4\u4efb;\u59d4\u6d3e;\u8ba4\u53ef", "def": "If someone such as a diplomat or journalist is accredited to a particular job or place, they are officially recognized as having that job, or the right to be in that place.", "example": [{"ex": "The President proposed that Russian diplomats could be accredited to NATO headquarters...", "tran": "\u603b\u7edf\u63d0\u8bae\u4fc4\u7f57\u65af\u5916\u4ea4\u5b98\u53ef\u88ab\u6d3e\u9a7b\u5317\u7ea6\u603b\u90e8\u3002", "tts_mp3": "http://res-tts.iciba.com/tts_dj/8/5/9/859537f629d2f3cbf81ae59561392b43.mp3", "tts_size": "24K"}, {"ex": "Some of the organisations taking part protested that the delegates they had chosen were not being accredited.", "tran": "\u4e00\u4e9b\u53c2\u52a0\u7684\u7ec4\u7ec7\u6297\u8bae\u4ed6\u4eec\u6240\u9009\u51fa\u7684\u4ee3\u8868\u672a\u83b7\u59d4\u4efb\u3002", "tts_mp3": "http://res-tts.iciba.com/tts_dj/6/5/0/650c3501a39b53c9b176de0b0f80f640.mp3", "tts_size": "29K"}]}], "collins_star": "1", "frequency_count": 121662, "frequency_rank": 89015}