{"ph_en": "\u0259\u02c8kru:", "ph_am": "\u0259\u02c8kru", "ph_en_mp3": "http://res.iciba.com/resource/amp3/oxford/0/c8/52/c852486592da3a23189ab64096c024f2.mp3", "ph_am_mp3": "http://res.iciba.com/resource/amp3/1/0/99/98/9998138db6164234251881f99a38b5ef.mp3", "parts": [{"part": "vi.", "means": ["\u589e\u52a0", "\uff08\u901a\u8fc7\u81ea\u7136\u589e\u957f\uff09\u4ea7\u751f", "\u83b7\u5f97", "\uff08\u4f7f\u94b1\u6b3e\u3001\u503a\u52a1\uff09\u79ef\u7d2f"]}, {"part": "vt.", "means": ["\uff08\u5229\u606f\u7b49\uff09\u81ea\u7136\u589e\u503c", "[\u6cd5]\uff08\u8bc9\u8bbc\uff09\u53d1\u751f"]}], "collins": [{"posp": "V-ERG", "tran": "\uff08\u4f7f\uff09\uff08\u94b1\u6216\u5229\u606f\uff09\u9010\u6e10\u589e\u52a0", "def": "If money or interest accrues or if you accrue it, it gradually increases in amount over a period of time.", "example": [{"ex": "I owed \u00a35,000 \u2014 part of this was accrued interest...", "tran": "\u6211\u6b20\u6b3e5,000\u82f1\u9551\uff0c\u5176\u4e2d\u4e00\u90e8\u5206\u662f\u7d2f\u8ba1\u7684\u5229\u606f\u3002", "tts_mp3": "http://res-tts.iciba.com/tts_dj/1/a/f/1afd884cfb34302554ddc37c4e6ec1f0.mp3", "tts_size": "19K"}, {"ex": "If you do not pay within 28 days, interest will accrue...", "tran": "\u5982\u679c28\u5929\u4e4b\u5185\u4e0d\u4ed8\u6b3e\uff0c\u5c31\u4f1a\u81ea\u7136\u751f\u606f\u3002", "tts_mp3": "http://res-tts.iciba.com/tts_dj/1/e/a/1ea6168167a8f792781516c80eb87ca2.mp3", "tts_size": "19K"}]}, {"posp": "V-ERG", "tran": "\uff08\u5229\u6da6\u3001\u597d\u5904\u7b49\uff09\u7d2f\u79ef\uff0c\u79ef\u805a\uff0c\u589e\u52a0", "def": "If things such as profits or benefits accrue to someone, they are added to over a period of time.", "example": [{"ex": "...the expectation that profits will accrue.", "tran": "\u5e0c\u671b\u5229\u6da6\u4f1a\u589e\u52a0\u7684\u671f\u5f85", "tts_mp3": "http://res-tts.iciba.com/tts_dj/f/c/6/fc65de136210a22f4ae2da5ee51c157a.mp3", "tts_size": "12K"}, {"ex": "...a project from which considerable benefit will accrue to the community...", "tran": "\u4f7f\u793e\u533a\u6301\u7eed\u53d7\u76ca\u7684\u9879\u76ee", "tts_mp3": "http://res-tts.iciba.com/tts_dj/7/4/c/74c13b44f6b6abffdd26e2a5d235c8ca.mp3", "tts_size": "19K"}]}], "collins_star": "1", "frequency_count": 927430, "frequency_rank": 27427}