{"ph_en": "\u02c8\u00e6kj\u0259r\u0259t", "ph_am": "\u02c8\u00e6kj\u0259r\u026at", "ph_en_mp3": "http://res.iciba.com/resource/amp3/oxford/0/73/3d/733d1e33fccabe1354997d7e8573e523.mp3", "ph_am_mp3": "http://res.iciba.com/resource/amp3/1/0/58/fe/58fe955c742f2d79f47b40fe3a2fdbcc.mp3", "parts": [{"part": "adj.", "means": ["\u7cbe\u786e\u7684\uff0c\u51c6\u786e\u7684", "\u6b63\u786e\u65e0\u8bef\u7684"]}], "collins": [{"posp": "ADJ-GRADED", "tran": "\uff08\u4fe1\u606f\u3001\u6d4b\u91cf\u3001\u6570\u636e\u6216\u4eea\u5668\u7b49\uff09\u7cbe\u786e\u7684\uff0c\u51c6\u786e\u7684", "def": "Accurate information, measurements, and statistics are correct to a very detailed level. An accurate instrument is able to give you information of this kind.", "example": [{"ex": "Police have stressed that this is the most accurate description of the killer to date...", "tran": "\u8b66\u65b9\u5f3a\u8c03\u8fd9\u662f\u8fc4\u4eca\u5bf9\u51f6\u624b\u6700\u7cbe\u786e\u7684\u63cf\u8ff0\u3002", "tts_mp3": "http://res-tts.iciba.com/tts_dj/9/e/5/9e59e37b6236671182d98e9a41e41a1b.mp3", "tts_size": "22K"}, {"ex": "This may provide a quick and accurate way of monitoring the amount of carbon dioxide in the air...", "tran": "\u8fd9\u4e5f\u8bb8\u80fd\u63d0\u4f9b\u4e00\u4e2a\u76d1\u6d4b\u7a7a\u6c14\u4e2d\u4e8c\u6c27\u5316\u78b3\u542b\u91cf\u7684\u65e2\u5feb\u53c8\u51c6\u7684\u65b9\u6cd5\u3002", "tts_mp3": "http://res-tts.iciba.com/tts_dj/c/a/b/cabb4abde2cb39d005613dd1949cb0d4.mp3", "tts_size": "26K"}]}, {"posp": "ADJ-GRADED", "tran": "\uff08\u8bf4\u6cd5\u3001\u63cf\u8ff0\uff09\u786e\u5207\u7684\uff0c\u6070\u5f53\u7684", "def": "An accurate statement or account gives a true or fair judgment of something.", "example": [{"ex": "I think it may take sometime before we can have an accurate assessment of the damage...", "tran": "\u6211\u8ba4\u4e3a\u6211\u4eec\u5bf9\u635f\u5931\u4f5c\u51fa\u51c6\u786e\u7684\u4f30\u7b97\u53ef\u80fd\u9700\u8981\u4e00\u6bb5\u65f6\u95f4\u3002", "tts_mp3": "http://res-tts.iciba.com/tts_dj/d/1/d/d1da2d346adcfe3a1afe5d4657c912b5.mp3", "tts_size": "22K"}, {"ex": "They were accurate in their prediction that he would change her life drastically.", "tran": "\u4ed6\u4eec\u9884\u6d4b\u5f97\u6ca1\u9519\uff0c\u4ed6\u4f7f\u5979\u7684\u751f\u6d3b\u53d1\u751f\u4e86\u7ffb\u5929\u8986\u5730\u7684\u53d8\u5316\u3002", "tts_mp3": "http://res-tts.iciba.com/tts_dj/a/7/4/a74cf5c818da00f9db815358114cbf9a.mp3", "tts_size": "19K"}]}, {"posp": "ADJ-GRADED", "tran": "\uff08\u884c\u52a8\u3001\u6a21\u4eff\uff09\u6b63\u786e\u7684\uff0c\u5230\u4f4d\u7684", "def": "You can use accurate to describe the results of someone's actions when they do or  copy something correctly or exactly.", "example": [{"ex": "Marks were given for accurate spelling and punctuation.", "tran": "\u56e0\u62fc\u5199\u53ca\u6807\u70b9\u6b63\u786e\u800c\u5f97\u5206\u3002", "tts_mp3": "http://res-tts.iciba.com/tts_dj/e/2/6/e260ef97dee572facec6d7f2ef5a6f35.mp3", "tts_size": "17K"}, {"ex": "...his maliciously accurate imitation of Hubert de Burgh.", "tran": "\u4ed6\u5bf9\u4f11\u4f2f\u7279\u00b7\u5fb7\u4f2f\u683c\u5230\u4f4d\u7684\u6076\u641e\u6a21\u4eff", "tts_mp3": "http://res-tts.iciba.com/tts_dj/0/6/3/063b94f175189ab22bf683d0cea203d8.mp3", "tts_size": "17K"}]}, {"posp": "ADJ-GRADED", "tran": "\uff08\u6b66\u5668\u3001\u6295\u63b7\uff09\u7cbe\u51c6\u7684\uff1b\uff08\u4eba\uff09\u5c04\u51fb\uff08\u6216\u6295\u63b7\uff09\u51c6\u7684", "def": "An accurate weapon or throw reaches the exact point or target that it was intended to reach. You can also describe a person as accurate if they fire a weapon or throw something in this way.", "example": [{"ex": "The rifle was extremely accurate...", "tran": "\u8fd9\u628a\u6b65\u67aa\u51c6\u5934\u6781\u9ad8\u3002", "tts_mp3": "http://res-tts.iciba.com/tts_dj/b/5/d/b5d2ea17c3b7e780d6c8fc39e543c085.mp3", "tts_size": "11K"}, {"ex": "The pilots, however, were not as accurate as they should be.", "tran": "\u7136\u800c\u98de\u884c\u5458\u5e76\u4e0d\u50cf\u4ed6\u4eec\u8be5\u8fbe\u5230\u7684\u6c34\u5e73\u90a3\u6837\u7cbe\u51c6\u3002", "tts_mp3": "http://res-tts.iciba.com/tts_dj/c/a/b/cab56be9ab995882b862a4e593d37797.mp3", "tts_size": "20K"}]}], "collins_star": "3", "frequency_count": 25144477, "frequency_rank": 3066}