{"ph_en": "\u0259\u02c8k\u028cst\u0259md", "ph_am": "\u0259\u02c8k\u028cst\u0259md", "ph_en_mp3": "http://res.iciba.com/resource/amp3/oxford/0/af/1b/af1b6ea3bfa233f4542eb2057617ac40.mp3", "ph_am_mp3": "http://res.iciba.com/resource/amp3/1/0/12/76/127604b318d10d8fc44cd434c4ad692e.mp3", "parts": [{"part": "adj.", "means": ["\u4e60\u60ef\u7684", "\u901a\u5e38\u7684", "\u72ec\u6709\u7684", "\u9002\u5e94\u7684"]}, {"part": "v.", "means": ["\u4f7f\u4e60\u60ef\u4e8e(accustom\u7684\u8fc7\u53bb\u5f0f\u548c\u8fc7\u53bb\u5206\u8bcd)"]}], "collins": [{"posp": "ADJ-GRADED", "tran": "\u4e60\u60ef\u7684\uff1b\u9002\u5e94\u7684", "def": "If you are accustomed to something, you know it so well or have experienced it so often that it seems natural, unsurprising, or easy to deal with.", "example": [{"ex": "I was accustomed to being the only child at a table full of adults...", "tran": "\u6211\u5df2\u7ecf\u4e60\u60ef\u4e86\u4f5c\u4e3a\u552f\u4e00\u4e00\u4e2a\u5c0f\u4e0d\u70b9\u5750\u5728\u4e00\u684c\u5927\u4eba\u4e2d\u95f4\u3002", "tts_mp3": "http://res-tts.iciba.com/tts_dj/1/6/c/16cce393d44e4513d0a334724a92ecbe.mp3", "tts_size": "19K"}, {"ex": "She had not yet become accustomed to the fact that she was a rich woman.", "tran": "\u5979\u8fd8\u4e0d\u592a\u9002\u5e94\u5df2\u7ecf\u662f\u4e00\u4e2a\u5bcc\u5a46\u7684\u4e8b\u5b9e\u3002", "tts_mp3": "http://res-tts.iciba.com/tts_dj/2/0/a/20a6894c32d628ead260a9f5ebb9fcfa.mp3", "tts_size": "19K"}]}, {"posp": "ADJ", "tran": "\uff08\u773c\u775b\u5bf9\u5149\u7ebf\u53d8\u5316\uff09\u4e60\u60ef\u4e86\u7684,\u9002\u5e94\u4e86\u7684", "def": "When your eyes become accustomed to darkness or bright light, they adjust so that you start to be able to see things, after not being able to see properly at first.", "example": [{"ex": "My eyes were becoming accustomed to the gloom.", "tran": "\u6211\u7684\u773c\u775b\u6e10\u6e10\u9002\u5e94\u4e86\u9ed1\u6697\u3002", "tts_mp3": "http://res-tts.iciba.com/tts_dj/8/e/6/8e60fa9801ad0696a4b54d3234da11d3.mp3", "tts_size": "13K"}]}, {"posp": "ADJ", "tran": "\u901a\u5e38\u7684;\u60ef\u5e38\u7684", "def": "You can use accustomed to describe an action that someone usually does, a quality that they usually show, or an object that they usually use.", "example": [{"ex": "He took up his accustomed position with his back to the fire...", "tran": "\u4ed6\u80cc\u5bf9\u7740\u7089\u706b\u5728\u901a\u5e38\u7684\u4f4d\u5b50\u4e0a\u5750\u4e86\u4e0b\u6765\u3002", "tts_mp3": "http://res-tts.iciba.com/tts_dj/0/f/8/0f8fce7762cb40be4600695366fe28f5.mp3", "tts_size": "16K"}, {"ex": "Freed acted with his accustomed shrewdness.", "tran": "\u5f17\u91cc\u5fb7\u4ee5\u4ed6\u4e00\u8d2f\u7684\u7cbe\u660e\u98ce\u8303\u884c\u52a8\u8d77\u6765\u3002", "tts_mp3": "http://res-tts.iciba.com/tts_dj/9/0/1/901467df3387b43b22f15a4ed0bd790c.mp3", "tts_size": "12K"}]}], "collins_star": "1", "frequency_count": 1647188, "frequency_rank": 19698}