{"ph_en": "\u0259\u02c8kju:mj\u0259le\u026at", "ph_am": "\u0259\u02c8kjumj\u0259\u02cclet", "ph_en_mp3": "http://res.iciba.com/resource/amp3/oxford/0/be/de/beded727b26da3e7bba193e8a8f7921b.mp3", "ph_am_mp3": "http://res.iciba.com/resource/amp3/1/0/62/d6/62d6c5a12df2e321a80a0cc5f17aa520.mp3", "parts": [{"part": "vt.& vi.", "means": ["\u5806\u79ef\uff0c\u79ef\u7d2f"]}, {"part": "vi.", "means": ["\uff08\u6570\u91cf\uff09\u9010\u6e10\u589e\u52a0\uff0c\uff08\u8d28\u91cf\uff09\u6e10\u6e10\u63d0\u9ad8"]}], "collins": [{"posp": "V-ERG", "tran": "\u5806\u79ef;\u79ef\u7d2f;\u79ef\u805a", "def": "When you accumulate things or when they accumulate, they collect or are gathered over a period of time.", "example": [{"ex": "Households accumulate wealth across a broad spectrum of assets...", "tran": "\u5bb6\u5ead\u5728\u4ee5\u5404\u79cd\u5404\u6837\u7684\u8d44\u4ea7\u5f62\u5f0f\u79ef\u7d2f\u8d22\u5bcc\u3002", "tts_mp3": "http://res-tts.iciba.com/tts_dj/f/3/c/f3c33968b6fb2473749990c1de9a4a72.mp3", "tts_size": "19K"}, {"ex": "Lead can accumulate in the body until toxic levels are reached.", "tran": "\u94c5\u4f1a\u5728\u4f53\u5185\u79ef\u805a\u76f4\u81f3\u9020\u6210\u94c5\u4e2d\u6bd2\u3002", "tts_mp3": "http://res-tts.iciba.com/tts_dj/5/b/3/5b30a064c55f41e35db57f08ba971cc4.mp3", "tts_size": "18K"}]}], "collins_star": "2", "frequency_count": 1715457, "frequency_rank": 19230}