{"ph_en": "\u02cc\u00e6kju\u02c8ze\u026a\u0283n", "ph_am": "\u02cc\u00e6kju\u02c8ze\u0283\u0259n", "ph_en_mp3": "http://res.iciba.com/resource/amp3/oxford/0/7c/f7/7cf763a6899036590ba6cf85f9927bfa.mp3", "ph_am_mp3": "http://res.iciba.com/resource/amp3/1/0/e8/a3/e8a3fc6a3e609e9a3cdc3c77463458ae.mp3", "parts": [{"part": "n.", "means": ["\u6307\u8d23\uff0c\u8c34\u8d23", "\u6307\u63a7\uff0c\u63a7\u544a", "\uff08\u88ab\u544a\u53d1\u3001\u63a7\u544a\u7684\uff09\u7f6a\u540d"]}], "collins": [{"posp": "N-VAR", "tran": "\u6307\u63a7\uff1b\u63a7\u544a\uff1b\u6307\u8d23", "def": "If you make an accusation against someone, you criticize them or express the belief that they have done something wrong.", "example": [{"ex": "Kim rejects accusations that Country music is over-sentimental...", "tran": "\u5bf9\u4e8e\u4e61\u6751\u97f3\u4e50\u8fc7\u4e8e\u611f\u4f24\u7684\u6307\u8d23\uff0c\u91d1\u8868\u793a\u53cd\u5bf9\u3002", "tts_mp3": "http://res-tts.iciba.com/tts_dj/0/1/9/019acd61a8ecb0c56794833f82818b07.mp3", "tts_size": "20K"}, {"ex": "Another accusation levelled at the Minister is that he does not understand ordinary people...", "tran": "\u53e6\u4e00\u4e2a\u77db\u5934\u5219\u76f4\u6307\u90e8\u957f\u4e0d\u61c2\u5f97\u4f53\u6064\u767e\u59d3\u3002", "tts_mp3": "http://res-tts.iciba.com/tts_dj/4/5/8/45807c1c889031a9cd808b8928c97ede.mp3", "tts_size": "26K"}]}, {"posp": "N-COUNT", "tran": "\uff08\u5c1a\u672a\u8bc1\u5b9e\u7684\u88ab\u63a7\u544a\u7684\uff09\u7f6a\u540d\uff0c\u7f6a\u72b6", "def": "An accusation is a statement or claim by a witness or someone in authority that a particular person has committed a crime, although this has not yet been proved.", "example": [{"ex": "...people who have made public accusations of rape...", "tran": "\u516c\u5f00\u6307\u63a7\u5f3a\u5978\u7f6a\u540d\u7684\u4eba\u4eec", "tts_mp3": "http://res-tts.iciba.com/tts_dj/2/b/4/2b48efae415f8dbab16b65c00f3fa690.mp3", "tts_size": "14K"}, {"ex": "The government denied the accusation that it was involved in the murders.", "tran": "\u653f\u5e9c\u5426\u8ba4\u4e86\u53c2\u4e0e\u8c0b\u6740\u6848\u7684\u6307\u63a7\u3002", "tts_mp3": "http://res-tts.iciba.com/tts_dj/a/e/4/ae44ce26499d558ca36b34a2b888cdb8.mp3", "tts_size": "18K"}]}], "collins_star": "2", "frequency_count": 847191, "frequency_rank": 28954}