{"ph_en": "\u0259\u02c8k\u028cst\u0259m", "ph_am": "\u0259\u02c8k\u028cst\u0259m", "ph_en_mp3": "http://res.iciba.com/resource/amp3/oxford/0/d3/0a/d30ab636aa86f3aae1a8c28e7c49fe71.mp3", "ph_am_mp3": "http://res.iciba.com/resource/amp3/1/0/90/95/9095783d814d50e9de6d2b554fc7667f.mp3", "parts": [{"part": "vt.", "means": ["\u4f7f\u4e60\u60ef"]}], "collins": [{"posp": "VERB", "tran": "\u4f7f\u4e60\u60ef\uff08\u4e8e\uff09\uff1b\u4f7f\u9002\u5e94", "def": "If you accustom yourself or another person to something, you make yourself or them become used to it.", "example": [{"ex": "The team has accustomed itself to the pace of first division rugby...", "tran": "\u7403\u961f\u9002\u5e94\u4e86\u82f1\u5f0f\u6a44\u6984\u7403\u7532\u7ea7\u8054\u8d5b\u7684\u8282\u594f\u3002", "tts_mp3": "http://res-tts.iciba.com/tts_dj/a/d/d/add198fe52d7ac0f7400450548d6edad.mp3", "tts_size": "19K"}, {"ex": "Shakespeare has accustomed us to a mixture of humor and tragedy in the same play.", "tran": "\u838e\u58eb\u6bd4\u4e9a\u8ba9\u6211\u4eec\u4e60\u89c1\u4e86\u540c\u4e00\u573a\u620f\u76ee\u4e2d\u7684\u60b2\u559c\u4ea4\u9519\u3002", "tts_mp3": "http://res-tts.iciba.com/tts_dj/f/8/5/f85bd0655dad95e965d3da015a7550d4.mp3", "tts_size": "24K"}]}], "collins_star": "1", "frequency_count": 0, "frequency_rank": 0}