{"ph_en": "\u0259\u02c8kju:zd", "ph_am": "\u0259\u02c8kjuzd", "ph_en_mp3": "http://res.iciba.com/resource/amp3/oxford/0/34/73/34732fbab42771e20d24ed2b189471d7.mp3", "ph_am_mp3": "http://res.iciba.com/resource/amp3/1/0/1a/b4/1ab4bf2f27ac81447b87574cb0e77e1d.mp3", "parts": [{"part": "n.", "means": ["\u88ab\u544a"]}, {"part": "v.", "means": ["\u6307\u8d23(accuse\u7684\u8fc7\u53bb\u5f0f\u548c\u8fc7\u53bb\u5206\u8bcd)", "\u63a7\u544a"]}, {"part": "adj.", "means": ["\u88ab\u63a7\u544a\u7684"]}], "collins": [{"posp": "N-COUNT", "tran": "\u88ab\u544a", "def": "You can use the accused to refer to a person or a group of people charged with a crime or on trial for it.", "example": [{"ex": "The accused is alleged to be a member of a right-wing gang...", "tran": "\u636e\u79f0\u88ab\u544a\u662f\u67d0\u53f3\u7ffc\u7ec4\u7ec7\u7684\u6210\u5458\u3002", "tts_mp3": "http://res-tts.iciba.com/tts_dj/f/1/a/f1a0684c693a1e13e6f89317440e2a55.mp3", "tts_size": "16K"}, {"ex": "The fifteen accused, young men from different parts of England, denied the charges.", "tran": "\u88ab\u544a\u662f15\u540d\u6765\u81ea\u82f1\u683c\u5170\u5404\u5730\u7684\u5e74\u8f7b\u7537\u5b50\uff0c\u4ed6\u4eec\u5bf9\u6307\u63a7\u77e2\u53e3\u5426\u8ba4\u3002", "tts_mp3": "http://res-tts.iciba.com/tts_dj/1/7/2/1726f823dde4afb3617b7470a44a1bb4.mp3", "tts_size": "25K"}]}], "collins_star": "1", "frequency_count": 8659913, "frequency_rank": 6884}