{"ph_en": "\u0259\u02c8kju:z", "ph_am": "\u0259\u02c8kjuz", "ph_en_mp3": "http://res.iciba.com/resource/amp3/oxford/0/52/1c/521c30c8f32b0a28f2f25f2890efad0f.mp3", "ph_am_mp3": "http://res.iciba.com/resource/amp3/1/0/4a/e9/4ae9e7ae46a9f57e5a062571b395c0e4.mp3", "parts": [{"part": "v.", "means": ["\u6307\u8d23\uff0c\u8c34\u8d23", "\u6307\u63a7"]}], "collins": [{"posp": "VERB", "tran": "\u6307\u8d23;\u8d23\u96be", "def": "If you accuse someone of doing something wrong or dishonest, you say or tell them that you believe that they did it.", "example": [{"ex": "He was accusing my mum of having an affair with another man...", "tran": "\u4ed6\u6307\u8d23\u6211\u5988\u5988\u4e0e\u53e6\u4e00\u4e2a\u7537\u4eba\u6709\u67d3\u3002", "tts_mp3": "http://res-tts.iciba.com/tts_dj/a/3/5/a350319e46b37624a7b642899be72267.mp3", "tts_size": "16K"}, {"ex": "Talk things through in stages. Do not accuse or apportion blame.", "tran": "\u628a\u4e8b\u60c5\u6309\u90e8\u5c31\u73ed\u5730\u8bb2\u6e05\u695a\u3002\u4e0d\u8981\u8d23\u96be\u6216\u5f52\u7f6a\u4e8e\u4eba\u3002", "tts_mp3": "http://res-tts.iciba.com/tts_dj/5/9/0/590e00399de80abab35fe9368e47eb57.mp3", "tts_size": "22K"}]}, {"posp": "VERB", "tran": "\u6307\u63a7\uff1b\u63a7\u544a", "def": "If you are accused of a crime, a witness or someone in authority states or claims that you did it, and you may be formally charged with it and put on trial.", "example": [{"ex": "Her assistant was accused of theft and fraud by the police...", "tran": "\u5979\u7684\u52a9\u624b\u88ab\u8b66\u65b9\u6307\u63a7\u72af\u6709\u76d7\u7a83\u548c\u6b3a\u8bc8\u7f6a\u3002", "tts_mp3": "http://res-tts.iciba.com/tts_dj/e/e/0/ee0dc6cf21cf940066a57f5f513543f7.mp3", "tts_size": "18K"}, {"ex": "All seven charges accused him of lying in his testimony...", "tran": "\u4e03\u9879\u7f6a\u540d\u90fd\u6307\u63a7\u4ed6\u4f5c\u4f2a\u8bc1\u3002", "tts_mp3": "http://res-tts.iciba.com/tts_dj/f/2/d/f2da472b83de36036d59a746a048b50f.mp3", "tts_size": "16K"}]}, {"posp": "PHRASE", "tran": "\u906d\u6307\u8d23;\u53d7\u6307\u63a7", "def": "If someone stands accused of something, they have been accused of it.", "example": [{"ex": "The candidate stands accused of breaking promises even before he's in office...", "tran": "\u8be5\u5019\u9009\u4eba\u8fd8\u672a\u4e0a\u4efb\u5c31\u906d\u6307\u8d23\u8fdd\u80cc\u8bfa\u8a00\u3002", "tts_mp3": "http://res-tts.iciba.com/tts_dj/6/6/d/66df03489b81cba0ecf9c1f8430359d3.mp3", "tts_size": "22K"}, {"ex": "Today, Rostov stands accused of extortion and racketeering.", "tran": "\u4eca\u5929\u7f57\u65af\u6258\u592b\u88ab\u63a7\u52d2\u7d22\u548c\u8bc8\u9a97\u3002", "tts_mp3": "http://res-tts.iciba.com/tts_dj/4/f/0/4f0a0ab3c6cb3d887f35b8974e4735eb.mp3", "tts_size": "20K"}]}], "collins_star": "4", "frequency_count": 1048371, "frequency_rank": 25600}