{"ph_en": "\u02c8\u00e6kj\u0259r\u0259si", "ph_am": "\u02c8\u00e6kj\u0259r\u0259si", "ph_en_mp3": "http://res.iciba.com/resource/amp3/oxford/0/b9/e9/b9e92b8c071937b713c5a932a9661589.mp3", "ph_am_mp3": "http://res.iciba.com/resource/amp3/1/0/5d/6d/5d6db9a1dc722586187fc2db530f8388.mp3", "parts": [{"part": "n.", "means": ["\u7cbe\u786e\uff08\u6027\uff09\uff0c\u51c6\u786e\uff08\u6027\uff09"]}], "collins": [{"posp": "N-UNCOUNT", "tran": "\u7cbe\u786e\uff08\u6027\uff09\uff1b\u51c6\u786e\uff08\u6027\uff09", "def": "The accuracy of information or measurements is their quality of being true or correct, even in small details.", "example": [{"ex": "We cannot guarantee the accuracy of these figures.", "tran": "\u6211\u4eec\u4e0d\u80fd\u4fdd\u8bc1\u8fd9\u4e9b\u6570\u636e\u7684\u51c6\u786e\u6027\u3002", "tts_mp3": "http://res-tts.iciba.com/tts_dj/2/2/3/2231df597ee4e8adcc37e84711734c3f.mp3", "tts_size": "15K"}]}, {"posp": "N-UNCOUNT", "tran": "\u51c6\u786e\u65e0\u8bef", "def": "If someone or something performs a task, for example hitting a target, with accuracy, they do it in an exact way without making a mistake.", "example": [{"ex": "...weapons that could fire with accuracy at targets 3,000 yards away...", "tran": "\u80fd\u51c6\u786e\u65e0\u8bef\u5730\u51fb\u4e2d3,000\u7801\u4ee5\u5916\u76ee\u6807\u7684\u6b66\u5668", "tts_mp3": "http://res-tts.iciba.com/tts_dj/f/9/c/f9c6ff577d9c60949f8c9aa7ece3905a.mp3", "tts_size": "21K"}, {"ex": "Every bank pays close attention to the speed and accuracy of its staff.", "tran": "\u6bcf\u5bb6\u94f6\u884c\u90fd\u975e\u5e38\u5173\u6ce8\u96c7\u5458\u7684\u5de5\u4f5c\u901f\u5ea6\u548c\u65e0\u5dee\u9519\u7387\u3002", "tts_mp3": "http://res-tts.iciba.com/tts_dj/d/4/7/d475eaf5b430f317556bdf8569a5f636.mp3", "tts_size": "21K"}]}], "collins_star": "2", "frequency_count": 29536020, "frequency_rank": 2701}