{"ph_en": "\u0259\u02cckju:mj\u0259'le\u026a\u0283n", "ph_am": "\u0259\u02cckjumj\u0259\u02c8le\u0283\u0259n", "ph_en_mp3": "http://res.iciba.com/resource/amp3/0/0/b0/62/b06211b4f3bd06586c62a423fbb37f27.mp3", "ph_am_mp3": "http://res.iciba.com/resource/amp3/1/0/b0/62/b06211b4f3bd06586c62a423fbb37f27.mp3", "parts": [{"part": "n.", "means": ["\u79ef\u7d2f", "\u5806\u79ef\u7269", "\u7d2f\u79ef\u91cf"]}], "collins": [{"posp": "N-COUNT", "tran": "\u5806\u79ef\u7269\uff1b\u805a\u79ef\u7269", "def": "An accumulation of something is a large number of things which have been collected together or acquired over a period of time.", "example": [{"ex": "...an accumulation of experience and knowledge.", "tran": "\u7ecf\u9a8c\u548c\u77e5\u8bc6\u7684\u79ef\u7d2f", "tts_mp3": "http://res-tts.iciba.com/tts_dj/9/8/e/98e2e4f8bf7b65b07a190c72bae3908a.mp3", "tts_size": "14K"}, {"ex": "...accumulations of dirt.", "tran": "\u79ef\u5c18", "tts_mp3": "http://res-tts.iciba.com/tts_dj/9/4/5/94592af7362ad85009fa41b1b97b976c.mp3", "tts_size": "8K"}]}, {"posp": "N-UNCOUNT", "tran": "\u5806\u79ef;\u79ef\u7d2f;\u79ef\u805a", "def": "Accumulation is the collecting together of things over a period of time.", "example": [{"ex": "...the accumulation of capital and the distribution of income...", "tran": "\u8d44\u672c\u7684\u79ef\u7d2f\u548c\u6536\u5165\u7684\u5206\u914d", "tts_mp3": "http://res-tts.iciba.com/tts_dj/2/e/9/2e9835487d5a7354272e16b2744fb63d.mp3", "tts_size": "18K"}, {"ex": "The rate of accumulation decreases with time.", "tran": "\u79ef\u7d2f\u7684\u901f\u5ea6\u968f\u7740\u65f6\u95f4\u53d8\u6162\u3002", "tts_mp3": "http://res-tts.iciba.com/tts_dj/9/5/0/950a95e2fabfb552f39fec3802371089.mp3", "tts_size": "13K"}]}], "collins_star": "1", "frequency_count": 4064397, "frequency_rank": 11475}