{"ph_en": "e\u026as", "ph_am": "es", "ph_en_mp3": "http://res.iciba.com/resource/amp3/oxford/0/af/6f/af6f9ac64d4f044dfd0ffab92019440d.mp3", "ph_am_mp3": "http://res.iciba.com/resource/amp3/1/0/36/0e/360e2ece07507675dced80ba867d6dcd.mp3", "parts": [{"part": "n.", "means": ["\u5e7a\u70b9", "\u53d1\u7403\u5f97\u5206", "\u738b\u724c\u9a7e\u9a76\u5458", "\u4f7c\u4f7c\u8005"]}, {"part": "adj.", "means": ["\u7b2c\u4e00\u6d41\u7684", "\u6781\u597d\u7684", "\u80fd\u5e72\u7684", "\u6770\u51fa\u7684"]}, {"part": "vt.", "means": ["\u53d1\u7403\u5f97\u5206", "\u5f7b\u5e95\u6253\u8d25\uff0c\u51fb\u8d25", "\u5f97\u9ad8\u5206", "\u987a\u5229\u901a\u8fc7\u8003\u8bd5"]}], "collins": [{"posp": "N-COUNT", "tran": "A\u7eb8\u724c", "def": "An ace is a playing card with a single symbol on it. In most card games, the ace of a particular suit has either the highest or the lowest value of the cards in that suit.", "example": [{"ex": "...the ace of hearts.", "tran": "\u7ea2\u6843A", "tts_mp3": "http://res-tts.iciba.com/tts_dj/a/7/2/a728d16a47472b1ba092ec8ef7580ae4.mp3", "tts_size": "7K"}]}, {"posp": "N-COUNT", "tran": "\uff08\u5728\u8fd0\u52a8\u7b49\u65b9\u9762\uff09\u6210\u7ee9\u8d85\u7fa4\u7684\u4eba\uff0c\u4f7c\u4f7c\u8005", "def": "If you describe someone such as a sports player as an ace, you mean that they are very good at what they do.", "example": [{"ex": "...former motor-racing ace Stirling Moss.", "tran": "\u524d\u4e00\u6d41\u8d5b\u8f66\u624b\u65af\u7279\u6797\u00b7\u83ab\u65af", "tts_mp3": "http://res-tts.iciba.com/tts_dj/2/6/f/26f42e82864659af0810f85012d935bb.mp3", "tts_size": "13K"}]}, {"posp": "ADJ", "tran": "\u975e\u5e38\u597d\u7684\uff1b\u9876\u5471\u5471\u7684", "def": "If you say that something is ace, you think that it is good and you like it a lot.", "example": [{"ex": "...a really ace film.", "tran": "\u7cbe\u5f69\u7edd\u4f26\u7684\u7535\u5f71", "tts_mp3": "http://res-tts.iciba.com/tts_dj/d/e/a/dea2d1f0b41717d842bf2a01473889eb.mp3", "tts_size": "7K"}]}, {"posp": "N-COUNT", "tran": "\uff08\u7f51\u7403\u4e2d\u7684\uff09\u53d1\u7403\u5f97\u5206\uff0c\u7231\u53f8\u7403", "def": "In tennis, an ace is a serve which is so fast that the other player cannot reach the ball.", "example": [{"ex": "The American served three aces in the opening game of the set.", "tran": "\u8fd9\u4f4d\u7f8e\u56fd\u9009\u624b\u5728\u8be5\u76d8\u9996\u5c40\u6709\u4e09\u6b21\u53d1\u7403\u76f4\u5f97\u3002", "tts_mp3": "http://res-tts.iciba.com/tts_dj/0/1/3/01379138822abc9a051a3960dde57a20.mp3", "tts_size": "17K"}]}, {"posp": "PHRASE", "tran": "\u5360\u7edd\u5bf9\u4f18\u52bf\uff1b\u5360\u5c3d\u5929\u65f6\u5730\u5229\u4eba\u548c", "def": "If you say that someone holds all the aces, you mean that they have all the advantages in a contest or situation.", "example": [{"ex": "'When I was an adolescent,' says a thirty-one-year-old man, 'I thought girls held all the aces.'", "tran": "\u201c\u5f53\u6211\u8fd8\u662f\u4e2a\u6bdb\u5934\u5c0f\u4f19\u513f\u65f6\uff0c\u201d\u4e00\u4e2a31\u5c81\u7684\u7537\u4eba\u8bf4\uff0c\u201c\u6211\u89c9\u5f97\u5b8c\u5168\u662f\u5973\u5b69\u5b50\u8bf4\u4e86\u7b97\u3002\u201d", "tts_mp3": "http://res-tts.iciba.com/tts_dj/a/d/e/adee9e7103b1e29c05790b98993372cd.mp3", "tts_size": "29K"}]}, {"posp": "PHRASE", "tran": "\u79d8\u85cf\u7684\u738b\u724c;\u5e94\u6025\u7684\u7edd\u62db;\u9526\u56ca\u5999\u8ba1", "def": "Something that is an ace in the hole is an advantage which you have over an opponent or rival, and which you can use if necessary.", "example": [{"ex": "Our superior technology is our ace in the hole.", "tran": "\u6211\u4eec\u8d85\u4f17\u7684\u6280\u672f\u662f\u6211\u4eec\u7684\u6cd5\u5b9d\u3002", "tts_mp3": "http://res-tts.iciba.com/tts_dj/f/e/9/fe9cadcb91e078092f3bdadd8c7802d1.mp3", "tts_size": "13K"}]}, {"posp": "PHRASE", "tran": "\u5dee\u70b9;\u9669\u4e9b", "def": "If you come within an ace of doing something, or you are within an ace of doing something, you very nearly do or experience it.", "example": [{"ex": "He was intent on murder and he came within an ace of succeeding.", "tran": "\u4ed6\u4e00\u5fc3\u60f3\u6740\u4eba\u5e76\u4e14\u5dee\u70b9\u5c31\u5f97\u901e\u4e86\u3002", "tts_mp3": "http://res-tts.iciba.com/tts_dj/b/4/4/b44a1a5e31c5291ded3ac4d8830a9ab9.mp3", "tts_size": "19K"}]}], "collins_star": "2", "frequency_count": 11134733, "frequency_rank": 5688}