{"ph_en": "e\u026ak", "ph_am": "ek", "ph_en_mp3": "http://res.iciba.com/resource/amp3/oxford/0/cc/6c/cc6c9cc2f127f45690eb85ca227503ac.mp3", "ph_am_mp3": "http://res.iciba.com/resource/amp3/1/0/97/1f/971f5dc4b6d2e06a073200edd8457eb6.mp3", "parts": [{"part": "n.", "means": ["\u75bc\u75db"]}, {"part": "vi.", "means": ["\u75bc\u75db", "\u6e34\u671b"]}], "collins": [{"posp": "VERB", "tran": "\uff08\u6301\u7eed\u5e76\u8f83\u5f3a\u70c8\u5730\uff09\u75bc\u75db", "def": "If you ache or a part of your body aches, you feel a steady, fairly strong pain.", "example": [{"ex": "Her head was throbbing and she ached all over...", "tran": "\u5979\u7684\u8111\u888b\u55e1\u55e1\u4f5c\u54cd\u5e76\u4e14\u6d51\u8eab\u75bc\u75db\u3002", "tts_mp3": "http://res-tts.iciba.com/tts_dj/4/9/6/496059ec659ab8f2fb5c9d1ca39d2d05.mp3", "tts_size": "14K"}, {"ex": "My leg still aches when I sit down...", "tran": "\u5750\u4e0b\u65f6\u6211\u7684\u817f\u8fd8\u4f1a\u75db\u3002", "tts_mp3": "http://res-tts.iciba.com/tts_dj/0/6/b/06bcd34449155c229fb9b3e52c493dad.mp3", "tts_size": "11K"}]}, {"posp": "N-COUNT", "tran": "\uff08\u8eab\u4f53\u67d0\u90e8\u4f4d\u6301\u7eed\u4e14\u8f83\u5f3a\u70c8\u7684)\u75bc\u75db", "def": "An ache is a steady, fairly strong pain in a part of your body.", "example": [{"ex": "You feel nausea and aches in your muscles...", "tran": "\u75c7\u72b6\u4e3a\u6076\u5fc3\u548c\u808c\u8089\u75bc\u75db\u3002", "tts_mp3": "http://res-tts.iciba.com/tts_dj/1/c/4/1c4a5096cca8972ece4fd24508d2311c.mp3", "tts_size": "13K"}, {"ex": "Poor posture can cause neck ache, headaches and breathing problems.", "tran": "\u59ff\u52bf\u4e0d\u5f53\u4f1a\u5bfc\u81f4\u9888\u90e8\u75bc\u75db\u3001\u5934\u75db\u548c\u547c\u5438\u56f0\u96be\u3002", "tts_mp3": "http://res-tts.iciba.com/tts_dj/6/2/f/62faa5779bbde5bd9c8707c5b85949d4.mp3", "tts_size": "19K"}]}, {"posp": "VERB", "tran": "\u6e34\u671b\uff08\u4e14\u56e0\u5f97\u4e0d\u5230\u800c\u75db\u82e6\uff09", "def": "If you ache for something or your heart aches, you want something very much, and feel very unhappy because you cannot have it.", "example": [{"ex": "She still ached for the lost intimacy and sexual contact of marriage...", "tran": "\u5979\u4ecd\u65e7\u6e34\u671b\u62e5\u6709\u5a5a\u59fb\u4e2d\u901d\u53bb\u7684\u90a3\u4efd\u7f31\u7efb\u548c\u808c\u80a4\u4e4b\u4eb2\u3002", "tts_mp3": "http://res-tts.iciba.com/tts_dj/4/c/9/4c96a6095f21a372add7c72ef59ec946.mp3", "tts_size": "21K"}, {"ex": "But Spain was a country aching to get away from its past...", "tran": "\u4f46\u897f\u73ed\u7259\u662f\u4e00\u4e2a\u6e34\u671b\u6446\u8131\u4ee5\u5f80\u5f62\u8c61\u7684\u56fd\u5bb6\u3002", "tts_mp3": "http://res-tts.iciba.com/tts_dj/f/a/0/fa08748cb251ca5ac1921f05b2f03380.mp3", "tts_size": "17K"}]}, {"posp": "PHRASE", "tran": "\uff08\u6cdb\u6307\u8f83\u8f7b\u5fae\u7684\uff09\u8eab\u4f53\u75bc\u75db", "def": "You can use aches and pains to refer in a general way to any minor pains that you feel in your body.", "example": [{"ex": "It seems to ease all the aches and pains of a hectic and tiring day.", "tran": "\u7e41\u5fd9\u52b3\u788c\u4e86\u4e00\u5929\u6240\u5e26\u6765\u7684\u5468\u8eab\u9178\u75db\u4f3c\u4e4e\u88ab\u4e00\u626b\u800c\u7a7a\u3002", "tts_mp3": "http://res-tts.iciba.com/tts_dj/d/9/a/d9a4f70ee7ade00ec9672d3ad837a3d9.mp3", "tts_size": "21K"}]}], "collins_star": "2", "frequency_count": 1069323, "frequency_rank": 25311}