{"ph_en": "\u0259\u02c8t\u0283i:v", "ph_am": "\u0259\u02c8t\u0283iv", "ph_en_mp3": "http://res.iciba.com/resource/amp3/oxford/0/b7/2c/b72c8989b07579e77c13e1e2c6bf1618.mp3", "ph_am_mp3": "http://res.iciba.com/resource/amp3/1/0/75/4f/754faff639576f7a88ff3974c0d63ca4.mp3", "parts": [{"part": "vt.", "means": ["\u53d6\u5f97", "\u83b7\u5f97", "\u5b9e\u73b0", "\u6210\u529f"]}, {"part": "vi.", "means": ["\u8fbe\u5230\u9884\u671f\u7684\u76ee\u7684\uff0c\u5b9e\u73b0\u9884\u671f\u7684\u7ed3\u679c\uff0c\u5982\u613f\u4ee5\u507f"]}], "collins": [{"posp": "VERB", "tran": "\uff08\u7ecf\u52aa\u529b\uff09\u5b8c\u6210\uff0c\u8fbe\u5230\uff0c\u83b7\u5f97", "def": "If you achieve a particular aim or effect, you succeed in doing it or causing it to happen, usually after a lot of effort.", "example": [{"ex": "There are many who will work hard to achieve these goals...", "tran": "\u6709\u5fd7\u4e4b\u58eb\u5c06\u4f1a\u5171\u540c\u4e3a\u5b9e\u73b0\u8fd9\u4e9b\u76ee\u6807\u800c\u52aa\u529b\u3002", "tts_mp3": "http://res-tts.iciba.com/tts_dj/e/7/5/e7560b4310b778a1030b80e186e9cd50.mp3", "tts_size": "15K"}, {"ex": "We have achieved what we set out to do.", "tran": "\u6211\u4eec\u5df2\u7ecf\u8fbe\u6210\u4e86\u539f\u521d\u7684\u76ee\u6807\u3002", "tts_mp3": "http://res-tts.iciba.com/tts_dj/2/0/3/203fd302d962bde023959272f9ef6fe3.mp3", "tts_size": "11K"}]}], "collins_star": "4", "frequency_count": 27332769, "frequency_rank": 2866}