{"ph_en": "\u0259\u02c8t\u0283i:v\u0259(r)", "ph_am": "", "ph_en_mp3": "http://res.iciba.com/resource/amp3/oxford/0/16/9f/169fb876ab21b8f2609f64d7b11a012c.mp3", "ph_am_mp3": "", "parts": [{"part": "n.", "means": ["\u6709\u6210\u5c31\u7684\u4eba", "\u83b7\u5f97\u6210\u529f\u7684\u4eba"]}], "collins": [{"posp": "N-COUNT", "tran": "\uff08\u5b66\u4e1a\u6216\u4e8b\u4e1a\u4e0a\uff09\u8fbe\u5230\uff08\u7279\u5b9a\u7a0b\u5ea6\uff09\u6210\u5c31\uff08\u6216\u6210\u7ee9\uff09\u7684\u4eba", "def": "A high achiever is someone who is successful in their studies or their work, usually as a result of their efforts. A low achiever is someone who achieves less than those around them.", "example": [{"ex": "High achievers will receive cash bonuses...", "tran": "\u4e1a\u7ee9\u51fa\u4f17\u7684\u4eba\u4f1a\u83b7\u5f97\u73b0\u91d1\u5956\u52b1\u3002", "tts_mp3": "http://res-tts.iciba.com/tts_dj/5/f/6/5f61b1dc117a766e4075ca31822fd3c3.mp3", "tts_size": "14K"}, {"ex": "In school, he was not one of the achievers.", "tran": "\u4e0a\u5b66\u65f6\u4ed6\u4e0d\u5c5e\u4e8e\u62d4\u5c16\u7684\u90a3\u7c7b\u3002", "tts_mp3": "http://res-tts.iciba.com/tts_dj/5/f/0/5f0df6bd543958128c971c169360d88b.mp3", "tts_size": "14K"}]}], "collins_star": "1", "frequency_count": 303591, "frequency_rank": 52760}