{"ph_en": "\u0259\u02c8t\u0283i:vm\u0259nt", "ph_am": "\u0259\u02c8t\u0283ivm\u0259nt", "ph_en_mp3": "http://res.iciba.com/resource/amp3/oxford/0/68/9b/689b4666c6a4fccf6bc787c7b71675c4.mp3", "ph_am_mp3": "http://res.iciba.com/resource/amp3/1/0/55/82/55824ad4959e2d9b965227bbc833c960.mp3", "parts": [{"part": "n.", "means": ["\u5b8c\u6210\uff0c\u8fbe\u5230", "\u6210\u5c31\uff0c\u6210\u7ee9"]}], "collins": [{"posp": "N-COUNT", "tran": "\u6210\u5c31;\u6210\u7ee9;\u529f\u7ee9", "def": "An achievement is something which someone has succeeded in doing, especially after a lot of effort.", "example": [{"ex": "Reaching this agreement so quickly was a great achievement...", "tran": "\u5982\u6b64\u5feb\u901f\u8fbe\u6210\u8fd9\u9879\u534f\u5b9a\u662f\u4e00\u5927\u4f1f\u7ee9\u3002", "tts_mp3": "http://res-tts.iciba.com/tts_dj/3/3/e/33e94efc9e7339b5e631df305e7449e4.mp3", "tts_size": "15K"}, {"ex": "The Conference will be a celebration of women's achievements.", "tran": "\u8be5\u4f1a\u8bae\u5c06\u6210\u4e3a\u5bf9\u5973\u6027\u6210\u5c31\u7684\u4e00\u66f2\u8d5e\u6b4c\u3002", "tts_mp3": "http://res-tts.iciba.com/tts_dj/7/4/1/7417d2ae2ac4505d9fe4f66064a73666.mp3", "tts_size": "18K"}]}, {"posp": "N-UNCOUNT", "tran": "\u5b8c\u6210;\u8fbe\u5230;\u5b9e\u73b0", "def": "Achievement is the process of achieving something.", "example": [{"ex": "Only the achievement of these goals will bring lasting peace.", "tran": "\u53ea\u6709\u8fbe\u6210\u8fd9\u4e9b\u76ee\u6807\u624d\u4f1a\u5e26\u6765\u6301\u4e45\u7684\u548c\u5e73\u3002", "tts_mp3": "http://res-tts.iciba.com/tts_dj/1/c/4/1c414b92752ff52b43b35c13f560afee.mp3", "tts_size": "16K"}]}], "collins_star": "3", "frequency_count": 12845656, "frequency_rank": 5127}