{"ph_en": "\u02c8\u00e6s\u026ad", "ph_am": "\u02c8\u00e6s\u026ad", "ph_en_mp3": "http://res.iciba.com/resource/amp3/oxford/0/0e/e0/0ee0ed13678c88cc721669ab5e2bd76f.mp3", "ph_am_mp3": "http://res.iciba.com/resource/amp3/1/0/f9/23/f923389424a4f813fe311e13e24932f1.mp3", "parts": [{"part": "adj.", "means": ["\u9178\u5473\u7684", "\u5c16\u523b\u7684", "\u9178\u7684", "\u9178\u6027\u7684"]}, {"part": "n.", "means": ["<\u5316>\u9178", "\u9178\u5473\u7269\u8d28"]}], "collins": [{"posp": "N-MASS", "tran": "\u9178", "def": "An acid is a chemical substance, usually a liquid, which contains hydrogen and can react with other substances to form salts. Some acids burn or dissolve other substances that they come into contact with.", "example": [{"ex": "...citric acid...", "tran": "\u67e0\u6aac\u9178", "tts_mp3": "http://res-tts.iciba.com/tts_dj/2/6/7/2677a550f117c5d5ff207f6b2ed99246.mp3", "tts_size": "6K"}, {"ex": "Acids in the stomach destroy the virus.", "tran": "\u80c3\u9178\u80fd\u6740\u6b7b\u75c5\u6bd2\u3002", "tts_mp3": "http://res-tts.iciba.com/tts_dj/9/0/2/9025da186063b57c47da82cff1f2c003.mp3", "tts_size": "12K"}]}, {"posp": "ADJ-GRADED", "tran": "\uff08\u7269\u8d28\uff09\u542b\u9178\u7684\uff0c\u9178\u6027\u7684", "def": "An acid substance contains acid.", "example": [{"ex": "These shrubs must have an acid, lime-free soil.", "tran": "\u8fd9\u4e9b\u704c\u6728\u5fc5\u987b\u751f\u957f\u5728\u4e0d\u542b\u77f3\u7070\u7684\u9178\u6027\u571f\u58e4\u73af\u5883\u3002", "tts_mp3": "http://res-tts.iciba.com/tts_dj/c/7/9/c79975989155662d81178594a7a06a85.mp3", "tts_size": "17K"}]}, {"posp": "ADJ-GRADED", "tran": "\uff08\u6c34\u679c\u6216\u996e\u6599\uff09\u9178\u5473\u7684\uff0c\u9178\u7684", "def": "An acid fruit or drink has a sour or sharp taste.", "example": [{"ex": "These wines may taste rather hard and somewhat acid.", "tran": "\u8fd9\u4e9b\u9152\u53ef\u80fd\u559d\u7740\u6bd4\u8f83\u51b2\u5e76\u4e14\u6709\u80a1\u9178\u5473\u3002", "tts_mp3": "http://res-tts.iciba.com/tts_dj/a/2/9/a29fe1e2206f28f1e793e7f6b9c1ca44.mp3", "tts_size": "16K"}]}, {"posp": "ADJ-GRADED", "tran": "\u5c16\u523b\u7684\uff1b\u523b\u8584\u7684", "def": "An acid remark, or acid humour, is very unkind or critical.", "example": [{"ex": "This comedy of contemporary manners is told with compassion and acid humour.", "tran": "\u8fd9\u90e8\u5f53\u4ee3\u98ce\u5c1a\u559c\u5267\u6742\u7cc5\u4e86\u60b2\u60af\u7684\u60c5\u6000\u548c\u5c16\u9178\u7684\u5e7d\u9ed8\u3002", "tts_mp3": "http://res-tts.iciba.com/tts_dj/9/1/5/915cf4a119fc7b6829e21ef5125bff6a.mp3", "tts_size": "23K"}]}, {"posp": "N-UNCOUNT", "tran": "\u9ea6\u89d2\u9170\u4e8c\u4e59\u80fa", "def": "The drug LSD is sometimes referred to as acid .", "example": []}], "collins_star": "3", "frequency_count": 30867887, "frequency_rank": 2570}