{"ph_en": "\u0259\u02c8s\u026ad\u026ak", "ph_am": "\u0259\u02c8s\u026ad\u026ak", "ph_en_mp3": "http://res.iciba.com/resource/amp3/oxford/0/b0/fc/b0fc3060f03350237547dcf472220c48.mp3", "ph_am_mp3": "http://res.iciba.com/resource/amp3/1/0/98/56/985679536bf2de0c75dffcef84333f10.mp3", "parts": [{"part": "adj.", "means": ["\uff08\u5473\uff09\u9178\u7684", "[\u5316]\u9178\u7684\uff0c\u9178\u6027\u7684", "\u542b\u6709\u5927\u91cf\u7845\u9178\u7684"]}], "collins": [{"posp": "ADJ-GRADED", "tran": "\uff08\u7269\u8d28\uff09\u542b\u9178\u7684\uff0c\u9178\u6027\u7684", "def": "Acidic substances contain acid.", "example": [{"ex": "Dissolved carbon dioxide makes the water more acidic.", "tran": "\u4e8c\u6c27\u5316\u78b3\u6eb6\u89e3\u540e\u80fd\u4f7f\u6c34\u7684\u9178\u6027\u589e\u52a0\u3002", "tts_mp3": "http://res-tts.iciba.com/tts_dj/0/7/9/079eea38ea95993df43199525f5b6374.mp3", "tts_size": "16K"}]}, {"posp": "ADJ-GRADED", "tran": "\uff08\u5473\u9053\uff09\u9178\u7684", "def": "An acidic taste is sour and sharp.", "example": [{"ex": "If the sprouts smell, or taste, mouldy or acidic do not eat them.", "tran": "\u5982\u679c\u7518\u84dd\u95fb\u7740\u6216\u5403\u7740\u6709\u9709\u5473\u6216\u9178\u5473\uff0c\u8bf7\u52ff\u98df\u7528\u3002", "tts_mp3": "http://res-tts.iciba.com/tts_dj/9/d/4/9d4d1c6fed6d334dcc0169581f9003fd.mp3", "tts_size": "22K"}]}], "collins_star": "1", "frequency_count": 1167972, "frequency_rank": 24020}