{"ph_en": "\u0259k\u02c8n\u0252l\u026ad\u0292m\u0259nt", "ph_am": "\u0259k\u02c8n\u0251\u02d0l\u026ad\u0292m\u0259nt", "ph_en_mp3": "http://res.iciba.com/resource/amp3/oxford/0/84/39/84392ff72f84a0bacd5ffabdf677e4b4.mp3", "ph_am_mp3": "http://res.iciba.com/resource/amp3/1/0/04/21/0421784420643cbd77fd5fed9006293f.mp3", "parts": [{"part": "n.", "means": ["\u627f\u8ba4\uff0c\u786e\u8ba4", "\u81f4\u8c22\uff0c\u9e23\u8c22", "\u6536\u6761", "[\u6cd5]\u627f\u8ba4\u4e66"]}], "collins": [{"posp": "N-SING", "tran": "\uff08\u5bf9\u4e8b\u5b9e\u3001\u5c40\u9762\u7b49\u7684\uff09\u627f\u8ba4", "def": "An acknowledgement is a statement or action which recognizes that something exists or is true.", "example": [{"ex": "The President's resignation appears to be an acknowledgment that he has lost all hope of keeping the country together...", "tran": "\u603b\u7edf\u7684\u8f9e\u804c\u4f3c\u4e4e\u8868\u660e\u4ed6\u5bf9\u7ef4\u62a4\u56fd\u5bb6\u7a33\u5b9a\u5df2\u4e0d\u62b1\u4efb\u4f55\u5e0c\u671b\u3002", "tts_mp3": "http://res-tts.iciba.com/tts_dj/7/d/2/7d2dab061cf6290f2a5bd43624c1c73d.mp3", "tts_size": "31K"}, {"ex": "He appreciated her acknowledgement of his maturity.", "tran": "\u5979\u627f\u8ba4\u4ed6\u7684\u6210\u719f\uff0c\u4ed6\u5bf9\u6b64\u5fc3\u6000\u611f\u6fc0\u3002", "tts_mp3": "http://res-tts.iciba.com/tts_dj/e/6/9/e69aeb6cc5f44f6fed616b767b09193e.mp3", "tts_size": "14K"}]}, {"posp": "N-PLURAL", "tran": "\uff08\u4f5c\u8005\u7684\uff09\u81f4\u8c22\uff0c\u9e23\u8c22", "def": "The acknowledgements in a book are the section in which the author thanks all the people who have helped him or her.", "example": []}, {"posp": "N-UNCOUNT", "tran": "\u6253\u62db\u547c\u7684\u8868\u793a\uff08\u5982\u5fae\u7b11\u7b49\uff09", "def": "A gesture of acknowledgement, such as a smile, shows someone that you have seen and recognized them.", "example": [{"ex": "Farling smiled in acknowledgement and gave a bow...", "tran": "\u6cd5\u6797\u5fae\u7b11\u793a\u610f\uff0c\u53c8\u8eac\u8eab\u884c\u4e86\u4e2a\u793c\u3002", "tts_mp3": "http://res-tts.iciba.com/tts_dj/c/b/6/cb6472c2c076708a167e5b0e1aebd4c7.mp3", "tts_size": "15K"}, {"ex": "Mitzi nodded a perfunctory acknowledgement as her glass was filled.", "tran": "\u676f\u5b50\u88ab\u5012\u6ee1\u65f6\u7c73\u829d\u6577\u884d\u6027\u5730\u70b9\u5934\u793a\u610f\u3002", "tts_mp3": "http://res-tts.iciba.com/tts_dj/8/4/6/846739a656faa57f4f2a6fe9a9b1bf5a.mp3", "tts_size": "19K"}]}, {"posp": "N-VAR", "tran": "\u516c\u5f00\u81f4\u8c22", "def": "An acknowledgement is a published statement in which you express your gratitude for or appreciation of something.", "example": [{"ex": "The benefit to the donor was an acknowledgment of the donation in a printed bulletin...", "tran": "\u6350\u8d60\u8005\u88ab\u5370\u5165\u6350\u8d60\u516c\u793a\u699c\u4ee5\u793a\u611f\u8c22\u3002", "tts_mp3": "http://res-tts.iciba.com/tts_dj/7/5/5/75511209d769b312f1e1844db2f0425b.mp3", "tts_size": "22K"}, {"ex": "Grateful acknowledgment is made for permission to reprint.", "tran": "\u4e3a\u83b7\u51c6\u91cd\u5370\u81f4\u4ee5\u6df1\u5207\u611f\u8c22\u3002", "tts_mp3": "http://res-tts.iciba.com/tts_dj/4/d/6/4d634cebfc3844c50e50c8faf978e088.mp3", "tts_size": "17K"}]}, {"posp": "N-COUNT", "tran": "\uff08\u8868\u793a\u5df2\u6536\u5230\u4fe1\u51fd\u7b49\u7684\uff09\u786e\u8ba4\u901a\u77e5\uff0c\u6536\u4ef6\u590d\u51fd", "def": "An acknowledgement is a letter or message that you receive from someone, telling you that something you have sent to them has arrived.", "example": [{"ex": "I have received neither an acknowledgment nor a reply.", "tran": "\u6211\u672a\u6536\u5230\u4efb\u4f55\u590d\u51fd\u6216\u7b54\u590d\u3002", "tts_mp3": "http://res-tts.iciba.com/tts_dj/5/7/c/57c8287dea7db5c717ccf359b8b58fac.mp3", "tts_size": "15K"}]}], "collins_star": "1", "frequency_count": 2823891, "frequency_rank": 14305}