{"ph_en": "\u0259k\u02c8n\u0252l\u026ad\u0292", "ph_am": "\u0259k\u02c8n\u0251l\u026ad\u0292", "ph_en_mp3": "http://res.iciba.com/resource/amp3/oxford/0/40/f1/40f11b8dce2228348f379f34ba469974.mp3", "ph_am_mp3": "http://res.iciba.com/resource/amp3/1/0/7d/ac/7daca0569890410155f9fbb480e40e88.mp3", "parts": [{"part": "vt.", "means": ["\u627f\u8ba4", "\u9e23\u8c22", "\u5bf9\u2026\u6253\u62db\u547c", "\u544a\u77e5\u5df2\u6536\u5230"]}], "collins": [{"posp": "VERB", "tran": "\u627f\u8ba4\uff08\u4e8b\u5b9e\u3001\u5c40\u9762\u7b49\uff09", "def": "If you acknowledge a fact or a situation, you accept or admit that it is true or that it exists.", "example": [{"ex": "Naylor acknowledged, in a letter to the judge, that he was a drug addict...", "tran": "\u5185\u52d2\u5728\u7ed9\u6cd5\u5b98\u7684\u4fe1\u4e2d\u627f\u8ba4\u81ea\u5df1\u5438\u6bd2\u3002", "tts_mp3": "http://res-tts.iciba.com/tts_dj/5/2/e/52e414f3f84b15622655394b4c1bc06f.mp3", "tts_size": "21K"}, {"ex": "Belatedly, the government has acknowledged the problem...", "tran": "\u653f\u5e9c\u8fdf\u8fdf\u624d\u627f\u8ba4\u4e86\u8be5\u95ee\u9898\u3002", "tts_mp3": "http://res-tts.iciba.com/tts_dj/f/4/3/f43c2144065be970bc3ac733b6a5a50e.mp3", "tts_size": "17K"}]}, {"posp": "VERB", "tran": "\u516c\u8ba4\uff0c\u8ba4\u53ef\uff08\u67d0\u4eba\u7684\u6210\u5c31\u3001\u5730\u4f4d\u3001\u54c1\u8d28\u7b49\uff09", "def": "If someone's achievements, status, or qualities are acknowledged, they are known about and recognized by a lot of people, or by a particular group of people.", "example": [{"ex": "He is also acknowledged as an excellent goalkeeper...", "tran": "\u4ed6\u4e5f\u88ab\u516c\u8ba4\u4e3a\u662f\u4e00\u540d\u51fa\u8272\u7684\u5b88\u95e8\u5458\u3002", "tts_mp3": "http://res-tts.iciba.com/tts_dj/e/6/f/e6f9b36c220dc250839547102020c7ac.mp3", "tts_size": "15K"}, {"ex": "Some of the clergy refused to acknowledge the new king's legitimacy.", "tran": "\u4e00\u90e8\u5206\u795e\u804c\u4eba\u5458\u62d2\u7edd\u627f\u8ba4\u65b0\u56fd\u738b\u7684\u5408\u6cd5\u5730\u4f4d\u3002", "tts_mp3": "http://res-tts.iciba.com/tts_dj/f/1/e/f1e318c2eb3ff44c8169f32dbd921aae.mp3", "tts_size": "20K"}]}, {"posp": "VERB", "tran": "\u544a\u77e5\uff08\u4fe1\u51fd\u7b49\uff09\u7684\u6536\u5230;\u786e\u8ba4\u2026\u6536\u6089", "def": "If you acknowledge a message or letter, you write to the person who sent it in order to say that you have received it.", "example": [{"ex": "The army sent me a postcard acknowledging my request.", "tran": "\u519b\u961f\u5bc4\u7ed9\u6211\u4e00\u5f20\u660e\u4fe1\u7247\u544a\u77e5\u6211\u7684\u7533\u8bf7\u4e66\u5df2\u6536\u5230\u3002", "tts_mp3": "http://res-tts.iciba.com/tts_dj/f/8/8/f8835ff6b06a2ba6f93c019a1115cdca.mp3", "tts_size": "16K"}]}, {"posp": "VERB", "tran": "\uff08\u4ee5\u70b9\u5934\u3001\u5fae\u7b11\u7b49\uff09\u5411\u2026\u6253\u62db\u547c\uff0c\u7406\u4f1a", "def": "If you acknowledge someone, for example by moving your head or smiling, you show that you have seen and recognized them.", "example": [{"ex": "He saw her but refused to even acknowledge her.", "tran": "\u4ed6\u770b\u89c1\u4e86\u5979\uff0c\u5374\u8fde\u62db\u547c\u4e5f\u4e0d\u6253\u3002", "tts_mp3": "http://res-tts.iciba.com/tts_dj/4/0/8/408f36533f04571b04916783d31b9ead.mp3", "tts_size": "14K"}]}, {"posp": "VERB", "tran": "\uff08\u5bf9\u638c\u58f0\u3001\u8d5e\u626c\u3001\u597d\u610f\u7b49\u4f5c\u51fa\u59ff\u6001\u8868\u793a\uff09\u611f\u8c22", "def": "If you acknowledge someone's applause, compliments, or kindness you make a gesture in order to thank them or show your appreciation.", "example": [{"ex": "Doran stuck his head out of the window to acknowledge the cheering...", "tran": "\u591a\u5170\u5c06\u5934\u63a2\u51fa\u7a97\u6237\u5411\u6b22\u547c\u7684\u4eba\u4eec\u81f4\u8c22\u3002", "tts_mp3": "http://res-tts.iciba.com/tts_dj/9/6/c/96c5c3f825745d6feffa209f3a6689d9.mp3", "tts_size": "17K"}, {"ex": "She never even acknowledged the man who opened the door for her...", "tran": "\u5979\u5bf9\u4e3a\u81ea\u5df1\u5f00\u95e8\u7684\u7537\u58eb\u751a\u81f3\u8fde\u4e00\u70b9\u8868\u793a\u90fd\u6ca1\u6709\u3002", "tts_mp3": "http://res-tts.iciba.com/tts_dj/e/7/5/e758cd83940d462db9dbb170979ff0b1.mp3", "tts_size": "17K"}]}], "collins_star": "3", "frequency_count": 6546612, "frequency_rank": 8397}