{"ph_en": "\u02c8\u00e6kni", "ph_am": "\u02c8\u00e6kni", "ph_en_mp3": "http://res.iciba.com/resource/amp3/oxford/0/54/74/54744168e482ebc446d180e05419ef45.mp3", "ph_am_mp3": "http://res.iciba.com/resource/amp3/1/0/45/0e/450e166c06161deddfc97749332c61cb.mp3", "parts": [{"part": "n.", "means": ["<\u533b>\u75e4\u75ae\uff0c\u7c89\u523a", "\u9752\u6625\u7f8e\u4e3d\u75d8", "\u7c89\u524c"]}], "collins": [{"posp": "N-UNCOUNT", "tran": "\u75e4\u75ae\uff1b\u7c89\u523a", "def": "If someone has acne, they have a skin condition which causes a lot of spots on their face and neck.", "example": []}], "collins_star": "1", "frequency_count": 6215449, "frequency_rank": 8712}