{"ph_en": "\u0259\u02c8ku:st\u026ak", "ph_am": "\u0259\u02c8kust\u026ak", "ph_en_mp3": "http://res.iciba.com/resource/amp3/oxford/0/5e/0c/5e0c375202b35b24cd415e51a6be35b7.mp3", "ph_am_mp3": "http://res.iciba.com/resource/amp3/1/0/77/6f/776fe453bbe310a63f35302daf0c77b9.mp3", "parts": [{"part": "adj.", "means": ["\u542c\u89c9\u7684", "\u58f0\u5b66\u7684", "\u539f\u58f0\u7684", "\u97f3\u54cd\u7684"]}], "collins": [{"posp": "ADJ", "tran": "\uff08\u5409\u4ed6\u7b49\u4e50\u5668\uff09\u539f\u58f0\u7684\uff0c\u81ea\u7136\u58f0\u7684\uff0c\u4e0d\u7528\u7535\u4f20\u97f3\u7684", "def": "An acoustic guitar or other instrument is one whose sound is produced without any electrical equipment.", "example": []}, {"posp": "N-COUNT", "tran": "\uff08\u7a7a\u95f4\u7684\uff09\u4f20\u58f0\u6548\u679c\uff0c\u97f3\u54cd\u6548\u679c", "def": "If you refer to the acoustics or the acoustic of a space, you are referring to the structural features which determine how well you can hear music or speech in it.", "example": [{"ex": "In this performance, Rattle had the acoustic of the Symphony Hall on his side.", "tran": "\u8fd9\u573a\u6f14\u51fa\u4e2d\uff0c\u62c9\u7279\u5c14\u6709\u4ea4\u54cd\u4e50\u5927\u5385\u51fa\u8272\u7684\u97f3\u54cd\u6548\u679c\u505a\u4ed6\u7684\u540e\u76fe\u3002", "tts_mp3": "http://res-tts.iciba.com/tts_dj/0/e/0/0e0852f8a400d72f8567779aac8b371f.mp3", "tts_size": "23K"}]}, {"posp": "N-UNCOUNT", "tran": "\u58f0\u5b66", "def": "Acoustics is the scientific study of sound.", "example": []}, {"posp": "ADJ", "tran": "\u58f0\u97f3\u7684;\u542c\u89c9\u7684", "def": "Acoustic means relating to sound or hearing.", "example": [{"ex": "...acoustic signals.", "tran": "\u58f0\u97f3\u4fe1\u53f7", "tts_mp3": "http://res-tts.iciba.com/tts_dj/c/9/6/c96b2eeff9c41801fc7ddee4d3b64f99.mp3", "tts_size": "7K"}]}], "collins_star": "2", "frequency_count": 10857417, "frequency_rank": 5796}