{"ph_en": "\u0259\u02c8kwa\u026a\u0259(r)", "ph_am": "\u0259\u02c8kwa\u026ar", "ph_en_mp3": "http://res.iciba.com/resource/amp3/oxford/0/5d/a7/5da7344a092009ec34c22b6ce86aa386.mp3", "ph_am_mp3": "http://res.iciba.com/resource/amp3/1/0/86/a4/86a4fa105ff51b8c3be84734797d8144.mp3", "parts": [{"part": "vt.", "means": ["\u83b7\u5f97\uff0c\u53d6\u5f97", "\u5b66\u5230"]}], "collins": [{"posp": "VERB", "tran": "\u83b7\u5f97\uff1b\u8d2d\u5f97", "def": "If you acquire something, you buy or obtain it for yourself, or someone gives it to you.", "example": [{"ex": "General Motors acquired a 50% stake in Saab for about $400m...", "tran": "\u901a\u7528\u6c7d\u8f66\u516c\u53f8\u4ee5\u5927\u7ea64\u4ebf\u7f8e\u5143\u7684\u4ef7\u683c\u8d2d\u5f97\u4e86\u8428\u535a\u6c7d\u8f66\u516c\u53f850%\u7684\u80a1\u4efd\u3002", "tts_mp3": "http://res-tts.iciba.com/tts_dj/3/5/c/35c77d83cb5aa3becf209b72f3dc8dae.mp3", "tts_size": "26K"}, {"ex": "I recently acquired some wood from a holly tree...", "tran": "\u6700\u8fd1\u6211\u4ece\u4e00\u68f5\u51ac\u9752\u6811\u4e0a\u5f04\u4e86\u4e9b\u6728\u6599\u3002", "tts_mp3": "http://res-tts.iciba.com/tts_dj/0/0/9/0096d1ba992db42839e0ee17947c517b.mp3", "tts_size": "13K"}]}, {"posp": "VERB", "tran": "\u83b7\u5f97\uff08\u6280\u80fd\uff09\uff1b\u517b\u6210\uff08\u4e60\u60ef\uff09", "def": "If you acquire something such as a skill or a habit, you learn it, or develop it through your daily life or experience.", "example": [{"ex": "I've never acquired a taste for wine...", "tran": "\u6211\u4e00\u5411\u559d\u4e0d\u60ef\u8461\u8404\u9152\u3002", "tts_mp3": "http://res-tts.iciba.com/tts_dj/d/8/3/d83d36401eefa099b2474540c3232bd5.mp3", "tts_size": "11K"}, {"ex": "Having read the book, she will be able to pass on the acquired knowledge to trainee teachers.", "tran": "\u8bfb\u5b8c\u6b64\u4e66\uff0c\u5979\u4fbf\u80fd\u5c06\u4ece\u4e66\u4e2d\u6240\u5f97\u4f20\u6388\u7ed9\u5b9e\u4e60\u6559\u5e08\u3002", "tts_mp3": "http://res-tts.iciba.com/tts_dj/4/0/9/409f019359de96cbcd9fc5a516bb8c38.mp3", "tts_size": "24K"}]}, {"posp": "VERB", "tran": "\u83b7\u5f97\uff0c\u5f97\u5230\uff08\u67d0\u79cd\u540d\u58f0\uff09", "def": "If someone or something acquires a certain reputation, they start to have that reputation.", "example": [{"ex": "He has acquired a reputation as this country's premier solo violinist.", "tran": "\u4ed6\u5df2\u7ecf\u8d62\u5f97\u4e86\u8be5\u56fd\u9996\u5e2d\u5c0f\u63d0\u7434\u72ec\u594f\u5bb6\u7684\u540d\u8a89\u3002", "tts_mp3": "http://res-tts.iciba.com/tts_dj/9/3/7/9374ffa3b7abb0e817bc8a0484dac28b.mp3", "tts_size": "21K"}]}, {"posp": "PHRASE", "tran": "\u540e\u5929\u517b\u6210\u7684\u7231\u597d;\u57f9\u517b\u51fa\u6765\u7684\u5174\u8da3", "def": "If you describe something as an acquired taste, you mean that a lot of people do not like it when they first experience it, but often start to like it more when they get to know it better.", "example": [{"ex": "Broad beans are very much an acquired taste...", "tran": "\u8981\u6162\u6162\u9002\u5e94\u624d\u80fd\u5403\u5f97\u60ef\u8695\u8c46\u3002", "tts_mp3": "http://res-tts.iciba.com/tts_dj/5/f/9/5f9bbd5fbded96caa669d8bcb0a57588.mp3", "tts_size": "14K"}, {"ex": "Living alone is an acquired taste.", "tran": "\u72ec\u5904\u662f\u4e00\u79cd\u4fee\u5f97\u7684\u5883\u754c\u3002", "tts_mp3": "http://res-tts.iciba.com/tts_dj/e/7/2/e72e05ec632cab99b394c93c9be4f2bc.mp3", "tts_size": "11K"}]}], "collins_star": "3", "frequency_count": 8803690, "frequency_rank": 6810}