{"ph_en": "\u0259\u02c8kw\u026at", "ph_am": "\u0259\u02c8kw\u026at", "ph_en_mp3": "http://res.iciba.com/resource/amp3/oxford/0/94/2c/942c7a23c3eaf62b63255cddd3652da6.mp3", "ph_am_mp3": "http://res.iciba.com/resource/amp3/1/0/0d/1c/0d1cbb93e90cbe1d3fb18801c1b56a95.mp3", "parts": [{"part": "vt.", "means": ["\u5ba3\u5224\u65e0\u7f6a", "\u9664\u53bb\u8d23\u4efb\u6216\u4e49\u52a1", "\u8868\u73b0\uff0c\u5c65\u884c", "\u4ed8\u6e05\uff0c\u8fd8\u6e05"]}], "collins": [{"posp": "VERB", "tran": "\u5ba3\u5224\u2026\u65e0\u7f6a", "def": "If someone is acquitted of a crime in a court of law, they are formally declared not to have committed the crime.", "example": [{"ex": "Mr Ling was acquitted of disorderly behaviour by magistrates.", "tran": "\u5730\u65b9\u6cd5\u5b98\u5ba3\u5224\u6797\u5148\u751f\u6270\u4e71\u6cbb\u5b89\u7f6a\u540d\u4e0d\u6210\u7acb\u3002", "tts_mp3": "http://res-tts.iciba.com/tts_dj/4/d/e/4de26dc583e31635b8049101c81367f7.mp3", "tts_size": "19K"}]}, {"posp": "VERB", "tran": "\u8868\u73b0\uff1b\u5c65\u884c\uff1b\u5b8c\u6210", "def": "If you acquit yourself well or admirably in a particular situation, other people feel that you have behaved well or admirably.", "example": [{"ex": "Most officers and men acquitted themselves well throughout the action.", "tran": "\u5927\u591a\u6570\u519b\u5b98\u53ca\u58eb\u5175\u5728\u6574\u4e2a\u6218\u6597\u4e2d\u8868\u73b0\u51fa\u8272\u3002", "tts_mp3": "http://res-tts.iciba.com/tts_dj/4/1/5/415c85de049cbeddbbf87518b1a8cbdd.mp3", "tts_size": "19K"}]}], "collins_star": "1", "frequency_count": 106959, "frequency_rank": 95762}