{"ph_en": "\u02cc\u00e6kw\u026a\u02c8z\u026a\u0283n", "ph_am": "\u02cc\u00e6kw\u026a\u02c8z\u026a\u0283\u0259n", "ph_en_mp3": "http://res.iciba.com/resource/amp3/oxford/0/33/de/33de40a614c20f45ddec52a03a7c2ba9.mp3", "ph_am_mp3": "http://res.iciba.com/resource/amp3/1/0/31/6e/316ef3e92a326604a5f6d8e796e5995f.mp3", "parts": [{"part": "n.", "means": ["\u83b7\u5f97", "\u8d2d\u7f6e\u7269", "\u83b7\u5f97\u7269", "\u6536\u8d2d"]}], "collins": [{"posp": "N-VAR", "tran": "\uff08\u5bf9\u516c\u53f8\u7684\uff09\u6536\u8d2d\uff0c\u5e76\u8d2d", "def": "If a company or business person makes an acquisition, they buy another company or part of a company.", "example": [{"ex": "...the acquisition of a profitable paper recycling company.", "tran": "\u5bf9\u4e00\u5bb6\u6548\u76ca\u597d\u7684\u7eb8\u5f20\u56de\u6536\u516c\u53f8\u7684\u6536\u8d2d", "tts_mp3": "http://res-tts.iciba.com/tts_dj/5/4/8/54885008a5ecfa5d5967d4e440f4c618.mp3", "tts_size": "18K"}, {"ex": "...the number of mergers and acquisitions made by Europe's 1,000 leading firms.", "tran": "\u6b27\u6d321,000\u5bb6\u9f99\u5934\u4f01\u4e1a\u7684\u5408\u5e76\u548c\u6536\u8d2d\u6848\u4f8b\u7684\u6570\u76ee", "tts_mp3": "http://res-tts.iciba.com/tts_dj/4/6/6/466d7aff6b8e9facd67dbe386ccfdf7c.mp3", "tts_size": "23K"}]}, {"posp": "N-COUNT", "tran": "\u8d2d\u4e70;\u6dfb\u7f6e", "def": "If you make an acquisition, you buy or obtain something, often to add to things that you already have.", "example": [{"ex": "How did you go about making this marvellous acquisition then?", "tran": "\u90a3\u4e48\u4f60\u662f\u600e\u4e48\u4e70\u5230\u8fd9\u4e00\u7edd\u54c1\u7684\uff1f", "tts_mp3": "http://res-tts.iciba.com/tts_dj/1/7/4/1742464040f470981faf8e420a3facf9.mp3", "tts_size": "17K"}, {"ex": "...the President's recent acquisition of a helicopter.", "tran": "\u603b\u7edf\u6700\u8fd1\u6dfb\u7f6e\u7684\u76f4\u5347\u673a", "tts_mp3": "http://res-tts.iciba.com/tts_dj/e/6/e/e6e224ea8f34403f6c142abfb94a15a5.mp3", "tts_size": "15K"}]}, {"posp": "N-COUNT", "tran": "\u8d2d\u5f97\u7269;\u83b7\u5f97\u7269;\u589e\u6dfb\u7269", "def": "You can use acquisition to refer to an object that you buy or obtain, often to add to things that you already have.", "example": [{"ex": "From her wardrobe Laura took her latest acquisition, a bright red dress.", "tran": "\u52b3\u62c9\u4ece\u8863\u67dc\u91cc\u62ff\u51fa\u4e86\u5979\u6700\u8fd1\u7684\u8d2d\u7269\u6218\u679c\uff0c\u4e00\u4ef6\u9c9c\u7ea2\u8272\u8fde\u8863\u88d9\u3002", "tts_mp3": "http://res-tts.iciba.com/tts_dj/1/4/4/14416f73f4cdacbc5ef9ab24b9323107.mp3", "tts_size": "22K"}]}, {"posp": "N-UNCOUNT", "tran": "\uff08\u77e5\u8bc6\u3001\u6280\u80fd\u7b49\u7684\uff09\u83b7\u5f97\uff0c\u4e60\u5f97", "def": "The acquisition of a skill or a particular type of knowledge is the process of learning it or developing it.", "example": [{"ex": "...language acquisition.", "tran": "\u8bed\u8a00\u4e60\u5f97", "tts_mp3": "http://res-tts.iciba.com/tts_dj/0/8/4/084121bb074b1a99e13fd0f90979ac6e.mp3", "tts_size": "7K"}]}], "collins_star": "3", "frequency_count": 19174010, "frequency_rank": 3794}