{"ph_en": "\u0259\u02c8kwe\u026ant\u0259ns", "ph_am": "\u0259\u02c8kwent\u0259ns", "ph_en_mp3": "http://res.iciba.com/resource/amp3/oxford/0/e7/98/e79862858105e32d189a99c0ccb3ae90.mp3", "ph_am_mp3": "http://res.iciba.com/resource/amp3/1/0/2d/c4/2dc4d2f10d0e1a28098abb65d5dcf9fc.mp3", "parts": [{"part": "n.", "means": ["\u76f8\u8bc6\u7684\u4eba\uff0c\u719f\u4eba", "\u76f8\u8bc6", "\u5bf9\u2026\u6709\u4e86\u89e3", "\u77e5\u8bc6\uff0c\u5fc3\u5f97"]}], "collins": [{"posp": "N-COUNT", "tran": "\u8ba4\u8bc6\u7684\u4eba\uff1b\u6cdb\u6cdb\u4e4b\u4ea4", "def": "An acquaintance is someone who you have met and know slightly, but not well.", "example": [{"ex": "The proprietor was an old acquaintance of his...", "tran": "\u4e1a\u4e3b\u662f\u4ed6\u7684\u4e00\u4f4d\u65e7\u76f8\u8bc6\u3002", "tts_mp3": "http://res-tts.iciba.com/tts_dj/6/d/6/6d6bbb5cb4599b2f1720ea7583f9e686.mp3", "tts_size": "13K"}, {"ex": "I have a large circle of friends and acquaintances engaged in photography.", "tran": "\u6211\u5728\u6444\u5f71\u754c\u4ea4\u6e38\u751a\u5e7f\u3002", "tts_mp3": "http://res-tts.iciba.com/tts_dj/b/7/8/b7832426040453b8ba54a30cda37f5b3.mp3", "tts_size": "21K"}]}, {"posp": "N-VAR", "tran": "\u8ba4\u8bc6;\u76f8\u8bc6", "def": "If you have an acquaintance with someone, you have met them and you know them.", "example": [{"ex": "...a writer who becomes involved in a real murder mystery through his acquaintance with a police officer...", "tran": "\u56e0\u4e3a\u8ba4\u8bc6\u4e00\u4f4d\u8b66\u5b98\u800c\u53c2\u4e0e\u5230\u4e00\u4ef6\u771f\u5b9e\u8c0b\u6740\u60ac\u6848\u8c03\u67e5\u7684\u4f5c\u5bb6", "tts_mp3": "http://res-tts.iciba.com/tts_dj/3/d/d/3dde08f57ea9cfe27526a04f44c78ebf.mp3", "tts_size": "25K"}, {"ex": "On first acquaintance she is cool and slightly distant.", "tran": "\u521d\u6b21\u76f8\u89c1\u65f6\u5979\u8868\u73b0\u51b7\u6de1\u5e76\u6709\u70b9\u7231\u642d\u4e0d\u7406\u3002", "tts_mp3": "http://res-tts.iciba.com/tts_dj/d/9/d/d9de10ea4ad622d53ca4192fecf39651.mp3", "tts_size": "16K"}]}, {"posp": "N-UNCOUNT", "tran": "\u4e86\u89e3\uff1b\u719f\u6089", "def": "Your acquaintance with a subject is your knowledge or experience of it.", "example": [{"ex": "They had little or no acquaintance with philosophy or history...", "tran": "\u4ed6\u4eec\u5728\u54f2\u5b66\u6216\u662f\u5386\u53f2\u65b9\u9762\u51e0\u4e4e\u4e00\u65e0\u6240\u77e5\u3002", "tts_mp3": "http://res-tts.iciba.com/tts_dj/d/b/b/dbb1bfa625fe2334a3428263c0c6c510.mp3", "tts_size": "17K"}]}, {"posp": "PHRASE", "tran": "\u4e0e\uff08\u67d0\u4eba\uff09\u521d\u6b21\u76f8\u8bc6;\u7ed3\u8bc6(\u67d0\u4eba)", "def": "When you make someone's acquaintance, you meet them for the first time and get to know them a little.", "example": [{"ex": "I first made his acquaintance in the early 1960s...", "tran": "\u6211\u4e0e\u4ed6\u521d\u6b21\u76f8\u8bc6\u662f\u572820\u4e16\u7eaa60\u5e74\u4ee3\u65e9\u671f\u3002", "tts_mp3": "http://res-tts.iciba.com/tts_dj/1/8/0/180533f17f8d827f9bbe9e91408c7829.mp3", "tts_size": "17K"}, {"ex": "I am so pleased to make your acquaintance, Mr Tweed.", "tran": "\u5f88\u9ad8\u5174\u8ba4\u8bc6\u60a8\uff0c\u7279\u5a01\u5fb7\u5148\u751f\u3002", "tts_mp3": "http://res-tts.iciba.com/tts_dj/8/1/f/81fb4629a79fabd2436a4d91f456d34d.mp3", "tts_size": "17K"}]}, {"posp": "PHRASE", "tran": "\u6240\u8ba4\u8bc6\u7684", "def": "A person of your acquaintance is someone who you have met and know.", "example": [{"ex": "...a highly cultivated woman of our acquaintance.", "tran": "\u6211\u4eec\u8ba4\u8bc6\u7684\u4e00\u4f4d\u5f88\u6709\u4fee\u517b\u7684\u5973\u6027", "tts_mp3": "http://res-tts.iciba.com/tts_dj/2/5/f/25f862179e7cc4e9eed9dd349e8607b4.mp3", "tts_size": "13K"}]}], "collins_star": "2", "frequency_count": 1339448, "frequency_rank": 22164}