{"ph_en": "\u0259\u02c8kwe\u026ant", "ph_am": "\u0259\u02c8kwent", "ph_en_mp3": "http://res.iciba.com/resource/amp3/oxford/0/b0/04/b004fbf4e90db26b0e831abdcf4021fd.mp3", "ph_am_mp3": "http://res.iciba.com/resource/amp3/1/0/b4/ba/b4ba8f499a6a9d3f2c5b3bcc46bba1a9.mp3", "parts": [{"part": "vt.", "means": ["\u4f7f\u719f\u6089", "\u4f7f\u8ba4\u8bc6", "\u628a\u67d0\u4e8b\u901a\u77e5\u67d0\u4eba\uff0c\u544a\u77e5"]}], "collins": [{"posp": "VERB", "tran": "\u4f7f\u8ba4\u8bc6;\u4ecb\u7ecd;\u4f7f\u4e86\u89e3", "def": "If you acquaint someone with something, you tell them about it so that they know it. If you acquaint yourself with something, you learn about it.", "example": [{"ex": "...efforts to acquaint the public with their rights under the new law...", "tran": "\u4e3a\u4f7f\u516c\u4f17\u719f\u6089\u65b0\u6cd5\u5f8b\u6240\u8d4b\u4e88\u7684\u6743\u5229\u800c\u4f5c\u51fa\u7684\u52aa\u529b", "tts_mp3": "http://res-tts.iciba.com/tts_dj/0/5/c/05c68d63c17b562f962dd3675b65f7fe.mp3", "tts_size": "16K"}, {"ex": "I want to acquaint myself with your strengths and weaknesses.", "tran": "\u6211\u60f3\u77e5\u9053\u4f60\u6709\u54ea\u4e9b\u957f\u5904\u4ee5\u53ca\u4e0d\u8db3\u3002", "tts_mp3": "http://res-tts.iciba.com/tts_dj/8/a/e/8aeba2ab894cabc9bddb7cfcd574fce4.mp3", "tts_size": "15K"}]}], "collins_star": "1", "frequency_count": 366737, "frequency_rank": 47239}