{"ph_en": "\u0259\u02c8kw\u026atl", "ph_am": "\u0259\u02c8kw\u026atl", "ph_en_mp3": "http://res.iciba.com/resource/amp3/oxford/0/dc/e9/dce9bc162c51bf879b49691c6b9b5dcd.mp3", "ph_am_mp3": "http://res.iciba.com/resource/amp3/1/0/12/c4/12c45c1ed025b41888e5d4b19ba100e4.mp3", "parts": [{"part": "n.", "means": ["\u5ba3\u544a\u65e0\u7f6a", "\uff08\u4e49\u52a1\u3001\u804c\u8d23\u7b49\u7684\uff09\u5c65\u884c", "\u5c3d\u804c", "<\u53e4>\uff08\u503a\u52a1\u7b49\u7684\uff09\u6e05\u507f"]}], "collins": [{"posp": "N-VAR", "tran": "\u5ba3\u544a\u65e0\u7f6a\uff1b\u65e0\u7f6a\u7684\u5224\u51b3", "def": "Acquittal is a formal declaration in a court of law that someone who has been accused of a crime is innocent.", "example": [{"ex": "...the acquittal of six police officers charged with beating a suspect...", "tran": "\u5bf96\u540d\u88ab\u63a7\u6bb4\u6253\u5acc\u72af\u7684\u8b66\u5b98\u4f5c\u51fa\u7684\u65e0\u7f6a\u5224\u51b3", "tts_mp3": "http://res-tts.iciba.com/tts_dj/1/5/2/1525915b6f3bb8c85e44868f40c571b9.mp3", "tts_size": "18K"}, {"ex": "The jury voted 8-to-4 in favor of acquittal...", "tran": "\u966a\u5ba1\u56e2\u4ee58\u6bd44\u7684\u6295\u7968\u7ed3\u679c\u8d5e\u6210\u65e0\u7f6a\u5224\u51b3\u3002", "tts_mp3": "http://res-tts.iciba.com/tts_dj/9/b/9/9b950d10425d90cca1e57cd7d394134d.mp3", "tts_size": "13K"}]}], "collins_star": "1", "frequency_count": 306956, "frequency_rank": 52432}