{"ph_en": "\u02c8e\u026ak\u0259(r)", "ph_am": "\u02c8ek\u025a", "ph_en_mp3": "http://res.iciba.com/resource/amp3/oxford/0/4c/4d/4c4d63eedc8800f8e36128933e7520ed.mp3", "ph_am_mp3": "http://res.iciba.com/resource/amp3/1/0/be/06/be0608aeaa6a12e4b25c011ad358c0e8.mp3", "parts": [{"part": "n.", "means": ["\u82f1\u4ea9", "\u571f\u5730\uff0c\u8015\u5730", "[\u53e3]\u5927\u91cf"]}], "collins": [{"posp": "N-COUNT", "tran": "\u82f1\u4ea9\uff08\u7b49\u4e8e4,840\u5e73\u65b9\u7801\u62164,047\u5e73\u65b9\u7c73\uff09", "def": "An acre is an area of land measuring 4840 square yards or 4047 square metres.", "example": [{"ex": "The property is set in two acres of land.", "tran": "\u8fd9\u5ea7\u623f\u4ea7\u5360\u5730\u4e24\u82f1\u4ea9\u3002", "tts_mp3": "http://res-tts.iciba.com/tts_dj/0/3/a/03a87a2dc0bbdd7fbd00fd8568dc8772.mp3", "tts_size": "13K"}]}], "collins_star": "3", "frequency_count": 6660361, "frequency_rank": 8295}