{"ph_en": "\u02cc\u00e6kr\u026a\u02c8m\u0259\u028ani\u0259s", "ph_am": "\u02cc\u00e6kr\u026a\u02c8mo\u028ani\u0259s", "ph_en_mp3": "http://res.iciba.com/resource/amp3/oxford/0/ed/5c/ed5c7e6e9a07fa53d1a3703d3fa03288.mp3", "ph_am_mp3": "http://res.iciba.com/resource/amp3/1/0/f9/7d/f97d2b2331250002213544f4a1bb37e2.mp3", "parts": [{"part": "adj.", "means": ["\u8f9b\u8fa3\u7684", "\u4e25\u5389\u7684\uff0c\u523b\u8584\u7684", "\u5267\u70c8\u7684"]}], "collins": [{"posp": "ADJ-GRADED", "tran": "\uff08\u8a00\u8f9e\u3001\u4e89\u5435\u7b49\uff09\u5c16\u523b\u7684\uff0c\u6fc0\u70c8\u7684", "def": "Acrimonious words or quarrels are bitter and angry.", "example": [{"ex": "There followed an acrimonious debate.", "tran": "\u63a5\u7740\u662f\u4e00\u573a\u5507\u67aa\u820c\u5251\u7684\u4e89\u8fa9\u3002", "tts_mp3": "http://res-tts.iciba.com/tts_dj/1/2/8/1287f06bfd7b1ef30e684ccb763b21c3.mp3", "tts_size": "13K"}]}], "collins_star": "1", "frequency_count": 0, "frequency_rank": 0}