{"ph_en": "\u02c8\u00e6kr\u0259n\u026am", "ph_am": "'\u00e6kr\u0259n\u026am", "ph_en_mp3": "http://res.iciba.com/resource/amp3/oxford/0/79/c8/79c80d05bd804b94835e9d03c586d16a.mp3", "ph_am_mp3": "http://res.iciba.com/resource/amp3/1/0/16/2c/162c7a3f5e48f2b787b232eba385b71c.mp3", "parts": [{"part": "n.", "means": ["\u9996\u5b57\u6bcd\u7f29\u7565\u8bcd"]}], "collins": [{"posp": "N-COUNT", "tran": "\uff08\u5c24\u7528\u4f5c\u540d\u79f0\uff09\u9996\u5b57\u6bcd\u7f29\u62fc\u8bcd\uff0c\u9996\u5b57\u6bcd\u7f29\u7565\u8bcd", "def": "An acronym is a word composed of the first letters of the words in a phrase, especially when this is used as a name. An example of an acronym is NATO which is made up of the first letters of the 'North Atlantic Treaty Organization'.", "example": []}], "collins_star": "1", "frequency_count": 2125641, "frequency_rank": 16928}