{"ph_en": "\u0259\u02c8kr\u0252s", "ph_am": "\u0259\u02c8kr\u0254s", "ph_en_mp3": "http://res.iciba.com/resource/amp3/0/0/c5/57/c55704728716728d5e1b6d3857b503a6.mp3", "ph_am_mp3": "http://res.iciba.com/resource/amp3/1/0/c5/57/c55704728716728d5e1b6d3857b503a6.mp3", "parts": [{"part": "prep.", "means": ["\u7a7f\u8fc7", "\u6a2a\u7a7f\uff0c\u6a2a\u8fc7", "\u4e0e\u2026\u4ea4\u53c9", "\u5728\u2026\u5bf9\u9762"]}, {"part": "adv.", "means": ["\u6a2a\u8fc7\uff0c\u8d8a\u8fc7", "\u5728\u5bf9\u9762", "\u4ea4\u53c9", "\u659c\u5bf9\u9762"]}], "collins": [{"posp": "PREP", "tran": "\u4ece\u4e00\u8fb9\u5230\u53e6\u4e00\u8fb9", "def": "If someone or something goes across a place or a boundary, they go from one side of it to the other.", "example": [{"ex": "She walked across the floor and lay down on the bed...", "tran": "\u5979\u8d70\u8fc7\u5730\u677f\u8eba\u5728\u4e86\u5e8a\u4e0a\u3002", "tts_mp3": "http://res-tts.iciba.com/tts_dj/9/f/4/9f4f75cfacd7ceed6acb25360c19d7f3.mp3", "tts_size": "14K"}, {"ex": "He watched Karl run across the street to Tommy.", "tran": "\u4ed6\u770b\u7740\u5361\u5c14\u5411\u8857\u5bf9\u9762\u7684\u6c64\u7c73\u8dd1\u53bb\u3002", "tts_mp3": "http://res-tts.iciba.com/tts_dj/f/d/c/fdc47d62695d4a9dc5927fb9bd9a1034.mp3", "tts_size": "14K"}]}, {"posp": "PREP", "tran": "\u6a2a\u8de8;\u6a2a\u8fc7;\u7a7f\u8fc7", "def": "If something is situated or stretched across something else, it is situated or stretched from one side of it to the other.", "example": [{"ex": "...the floating bridge across Lake Washington in Seattle...", "tran": "\u6a2a\u8de8\u5728\u897f\u96c5\u56fe\u534e\u76db\u987f\u6e56\u4e0a\u7684\u6d6e\u6865", "tts_mp3": "http://res-tts.iciba.com/tts_dj/4/b/f/4bf6037d4bdb1dcddb47650c41f8a6e0.mp3", "tts_size": "15K"}, {"ex": "He scrawled his name across the bill...", "tran": "\u4ed6\u5728\u8d26\u5355\u4e0a\u8349\u8349\u5730\u7b7e\u4e86\u540d\u3002", "tts_mp3": "http://res-tts.iciba.com/tts_dj/5/7/2/57229c972257e40714c690bfafc2fa9b.mp3", "tts_size": "10K"}]}, {"posp": "PREP", "tran": "\uff08\u653e\u7f6e\u6216\u8986\u76d6\uff09\u5728\u2026\u4e0a", "def": "If something is lying across an object or place, it is resting on it and partly covering it.", "example": [{"ex": "She found her clothes lying across the chair...", "tran": "\u5979\u53d1\u73b0\u81ea\u5df1\u7684\u8863\u670d\u5806\u653e\u5728\u6905\u5b50\u4e0a\u3002", "tts_mp3": "http://res-tts.iciba.com/tts_dj/f/4/5/f45b8b37283d38b92cb23a6fce985d42.mp3", "tts_size": "13K"}, {"ex": "The wind pushed his hair across his face.", "tran": "\u4ed6\u7684\u53d1\u4e1d\u968f\u98ce\u62c2\u9762\u3002", "tts_mp3": "http://res-tts.iciba.com/tts_dj/4/e/b/4ebfc9e624a8f25a0b381f157d0ffc36.mp3", "tts_size": "11K"}]}, {"posp": "PREP", "tran": "\u5728\u2026\u5bf9\u8fc7\uff1b\u5728\u2026\u5bf9\u9762", "def": "Something that is across something such as a street, river, or area is on the other side of it.", "example": [{"ex": "Anyone from the houses across the road could see him...", "tran": "\u9a6c\u8def\u5bf9\u9762\u623f\u5b50\u91cc\u7684\u4efb\u4f55\u4e00\u4e2a\u4eba\u90fd\u80fd\u770b\u89c1\u4ed6\u3002", "tts_mp3": "http://res-tts.iciba.com/tts_dj/2/d/8/2d88f9c3488f3b14f5dd4c7deca6c9fe.mp3", "tts_size": "14K"}, {"ex": "When I saw you across the room I knew I'd met you before.", "tran": "\u6211\u5728\u623f\u95f4\u90a3\u5934\u770b\u89c1\u4f60\u65f6\u5c31\u77e5\u9053\u6211\u66fe\u89c1\u8fc7\u4f60\u3002", "tts_mp3": "http://res-tts.iciba.com/tts_dj/f/5/f/f5f21fc9ed00f55ad5dd7c9a5266976f.mp3", "tts_size": "17K"}]}, {"posp": "ADV", "tran": "\u671d\uff1b\u5411", "def": "If you look across at a place, person, or thing, you look towards them.", "example": [{"ex": "He glanced across at his sleeping wife...", "tran": "\u4ed6\u671d\u719f\u7761\u7684\u59bb\u5b50\u770b\u4e86\u4e00\u773c\u3002", "tts_mp3": "http://res-tts.iciba.com/tts_dj/3/e/b/3eb63869a0b86fad237851335a12b758.mp3", "tts_size": "12K"}, {"ex": "She rose from the chair and gazed across at him.", "tran": "\u5979\u4ece\u6905\u5b50\u4e0a\u7ad9\u8d77\u8eab\uff0c\u8fdc\u8fdc\u5730\u770b\u7740\u4ed6\u3002", "tts_mp3": "http://res-tts.iciba.com/tts_dj/3/b/b/3bbbf734895b7e775ed03cd3e1f52450.mp3", "tts_size": "14K"}]}, {"posp": "PREP", "tran": "\uff08\u8868\u60c5\u5c55\u9732\uff09\u5728\uff08\u8138\uff09\u4e0a", "def": "You use across to say that a particular expression is shown on someone's face.", "example": [{"ex": "An enormous grin spread across his face...", "tran": "\u4ed6\u54a7\u7740\u5927\u5634\u7b11\u4e86\u3002", "tts_mp3": "http://res-tts.iciba.com/tts_dj/d/c/6/dc6d2dd72e3c3452587008e2043f7685.mp3", "tts_size": "13K"}, {"ex": "For a moment a shadow seemed to pass across Roy's face.", "tran": "\u4e00\u77ac\u95f4\u7f57\u4f0a\u8138\u4e0a\u4f3c\u4e4e\u95ea\u8fc7\u4e00\u4e1d\u5fe7\u4f24\u3002", "tts_mp3": "http://res-tts.iciba.com/tts_dj/a/0/6/a062524d81459823343f4288101642c7.mp3", "tts_size": "17K"}]}, {"posp": "PREP", "tran": "\uff08\u6253\uff09\u5728\uff08\u8138\u3001\u5934\u7b49\u90e8\u4f4d\uff09\u4e0a", "def": "If someone hits you across the face or head, they hit you on that part.", "example": [{"ex": "Graham hit him across the face with the gun.", "tran": "\u683c\u96f7\u5384\u59c6\u7528\u67aa\u51fb\u6253\u4ed6\u7684\u8138\u90e8\u3002", "tts_mp3": "http://res-tts.iciba.com/tts_dj/7/b/1/7b1cff91f1c7e212ab9a53baacaf03a1.mp3", "tts_size": "12K"}]}, {"posp": "PREP", "tran": "\u5728\u2026\u5404\u5904\uff1b\u904d\u53ca", "def": "When something happens across a place or organization, it happens equally everywhere within it.", "example": [{"ex": "The film 'Hook' opens across America on December 11...", "tran": "\u7535\u5f71\u300a\u94c1\u94a9\u8239\u957f\u300b12\u670811\u65e5\u5728\u7f8e\u56fd\u5168\u7ebf\u4e0a\u6620\u3002", "tts_mp3": "http://res-tts.iciba.com/tts_dj/8/d/c/8dc3a487aaffc3f3f9f8505701268cfc.mp3", "tts_size": "18K"}, {"ex": "Thousands of farmers from across Europe have held a huge demonstration in the centre of Brussels...", "tran": "\u6765\u81ea\u6b27\u6d32\u5404\u5730\u7684\u6570\u5343\u519c\u6c11\u5728\u5e03\u9c81\u585e\u5c14\u5e02\u4e2d\u5fc3\u4e3e\u884c\u4e86\u5927\u89c4\u6a21\u7684\u793a\u5a01\u6e38\u884c\u3002", "tts_mp3": "http://res-tts.iciba.com/tts_dj/d/f/d/dfdc4b2f8ce5fc9da720b9900a297a15.mp3", "tts_size": "27K"}]}, {"posp": "PREP", "tran": "\u8d85\u8d8a\uff0c\u8de8\u8d8a\uff08\u653f\u6cbb\u3001\u5b97\u6559\u3001\u793e\u4f1a\u9694\u9602\u7b49\uff09", "def": "When something happens across a political, religious, or social barrier, it involves people in different groups.", "example": [{"ex": "...parties competing across the political spectrum...", "tran": "\u653f\u6cbb\u7eb7\u4e89\u4e2d\u7684\u5404\u515a\u6d3e", "tts_mp3": "http://res-tts.iciba.com/tts_dj/6/8/d/68d663949db7b430c73197f9a3e407a1.mp3", "tts_size": "15K"}, {"ex": "We want to promote cosmetics that appeal across the colour barrier.", "tran": "\u6211\u4eec\u60f3\u63a8\u9500\u5404\u79cd\u80a4\u8272\u7684\u4eba\u90fd\u559c\u6b22\u7684\u5316\u5986\u54c1\u3002", "tts_mp3": "http://res-tts.iciba.com/tts_dj/e/1/c/e1c1662b525d183b9ef5034e9e4ddcbb.mp3", "tts_size": "18K"}]}, {"posp": "ADV", "tran": "\uff08\u6d4b\u91cf\u65f6\uff09\u5bbd\u2026", "def": "Across is used in measurements to show the width of something.", "example": [{"ex": "This hand-decorated plate measures 30cm across...", "tran": "\u8fd9\u4e2a\u624b\u7ed8\u76d8\u5b50\u76f4\u5f84\u4e3a30\u5398\u7c73\u3002", "tts_mp3": "http://res-tts.iciba.com/tts_dj/d/a/e/dae02db66339495af017d65fa20dab8b.mp3", "tts_size": "18K"}, {"ex": "The snails are no larger than one centimetre across.", "tran": "\u8fd9\u4e9b\u8717\u725b\u4f53\u5bbd\u4e0d\u8d85\u8fc71\u5398\u7c73\u3002", "tts_mp3": "http://res-tts.iciba.com/tts_dj/e/3/6/e36f3aa2698da1ed016bb14977b4017c.mp3", "tts_size": "16K"}]}], "collins_star": "5", "frequency_count": 76597151, "frequency_rank": 1057}