{"ph_en": "\u0259\u02c8kr\u026al\u026ak", "ph_am": "\u0259\u02c8kr\u026al\u026ak", "ph_en_mp3": "http://res.iciba.com/resource/amp3/oxford/0/37/02/3702ebbeb31683e74e5fafdad30e9afc.mp3", "ph_am_mp3": "http://res.iciba.com/resource/amp3/1/0/08/d1/08d15aa867ed817bae6586be046f6f74.mp3", "parts": [{"part": "n.", "means": ["\u4e19\u70ef\u9178\u5851\u6599", "<\u753b>\u4e19\u70ef\u753b", "\u4e19\u70ef\u9178\u6811\u8102\u6f06", "\u5851\u80f6"]}, {"part": "adj.", "means": ["<\u5316>\u4e19\u70ef\u9178\u7684", "<\u5316>\u4e19\u70ef\u9178\u884d\u751f\u7269\u7684"]}], "collins": [{"posp": "N-UNCOUNT", "tran": "\u4e19\u70ef\u9178", "def": "Acrylic material is artificial and is manufactured by a chemical process.", "example": []}, {"posp": "N-MASS", "tran": "\u4e19\u70ef\u9178\u989c\u6599", "def": "Acrylics or acrylic paint is a type of paint used by artists.", "example": [{"ex": "I use watercolours much less than I do oils or acrylics.", "tran": "\u6211\u7528\u6c34\u5f69\u6bd4\u7528\u6cb9\u753b\u989c\u6599\u6216\u4e19\u70ef\u9178\u989c\u6599\u8981\u5c11\u5f97\u591a\u3002", "tts_mp3": "http://res-tts.iciba.com/tts_dj/6/d/6/6d6cf4e288873e208fd96b76630a9129.mp3", "tts_size": "18K"}]}], "collins_star": "1", "frequency_count": 6241613, "frequency_rank": 8694}