{"ph_en": "\u00e6kt", "ph_am": "\u00e6kt", "ph_en_mp3": "http://res.iciba.com/resource/amp3/oxford/0/ee/1c/ee1cc712ecc5f6d46ee8fa50e91abccc.mp3", "ph_am_mp3": "http://res.iciba.com/resource/amp3/1/0/31/6c/316c9c3ed45a83ee318b1f859d9b8b79.mp3", "parts": [{"part": "v.", "means": ["\u884c\u52a8", "\u8868\u73b0", "\u8868\u6f14", "\u8d77\u4f5c\u7528"]}, {"part": "n.", "means": ["\u884c\u4e3a", "\u884c\u52a8", "\u6cd5\u6848\uff0c\u6cd5\u4ee4", "\u77ed\u8282\u76ee"]}], "collins": [{"posp": "VERB", "tran": "\u505a\u4e8b;\u884c\u52a8", "def": "When you act, you do something for a particular purpose.", "example": [{"ex": "The deaths occurred when police acted to stop widespread looting and vandalism...", "tran": "\u8b66\u65b9\u91c7\u53d6\u884c\u52a8\u5236\u6b62\u7316\u72c2\u7684\u6253\u7838\u62a2\u884c\u4e3a\u65f6\u6709\u591a\u4eba\u4e27\u751f\u3002", "tts_mp3": "http://res-tts.iciba.com/tts_dj/4/a/a/4aadb9e627871989e7faa77b5af51e5f.mp3", "tts_size": "21K"}, {"ex": "I do not doubt that the bank acted properly.", "tran": "\u6211\u6beb\u4e0d\u6000\u7591\u94f6\u884c\u7684\u5904\u7406\u65b9\u5f0f\u662f\u59a5\u5f53\u7684\u3002", "tts_mp3": "http://res-tts.iciba.com/tts_dj/f/7/2/f72350afdb19b75a3d4c8009aeffceba.mp3", "tts_size": "13K"}]}, {"posp": "VERB", "tran": "\u9075\u7167\u2026\u884c\u52a8\uff1b\u5949\u884c", "def": "If you act on advice or information, you do what has been advised or suggested.", "example": [{"ex": "A patient will usually listen to the doctor's advice and act on it.", "tran": "\u60a3\u8005\u901a\u5e38\u90fd\u4f1a\u9075\u7167\u533b\u5631\u884c\u4e8b\u3002", "tts_mp3": "http://res-tts.iciba.com/tts_dj/3/a/c/3acaf7b2f0ca0bcfd2d2d9c7f9968f90.mp3", "tts_size": "19K"}]}, {"posp": "VERB", "tran": "\u4e3e\u6b62;\u8868\u73b0", "def": "If someone acts in a particular way, they behave in that way.", "example": [{"ex": "...a gang of youths who were acting suspiciously...", "tran": "\u4e00\u4f19\u5f62\u8ff9\u53ef\u7591\u7684\u5e74\u8f7b\u4eba", "tts_mp3": "http://res-tts.iciba.com/tts_dj/6/e/8/6e894165c906131b4f72c2971907aa3f.mp3", "tts_size": "12K"}, {"ex": "He acted as if he hadn't heard any of it...", "tran": "\u4ed6\u8868\u73b0\u5f97\u597d\u50cf\u5bf9\u6b64\u6beb\u4e0d\u77e5\u60c5\u3002", "tts_mp3": "http://res-tts.iciba.com/tts_dj/7/d/5/7d5eb90a5ae44c777dff55d2a3cee510.mp3", "tts_size": "11K"}]}, {"posp": "VERB", "tran": "\u8d77\u4f5c\u7528;\u5145\u5f53", "def": "If someone or something acts as a particular thing, they have that role or function.", "example": [{"ex": "He acted both as the ship's surgeon and as chaplain for the men.", "tran": "\u4ed6\u5728\u8239\u4e0a\u4e3a\u6c34\u624b\u4eec\u517c\u4f5c\u5916\u79d1\u533b\u751f\u548c\u7267\u5e08\u3002", "tts_mp3": "http://res-tts.iciba.com/tts_dj/6/e/d/6edb6ba683f8e5cb5f470db1bc755959.mp3", "tts_size": "18K"}, {"ex": "...the Cunard Princess, which acted as a support ship for American forces.", "tran": "\u7528\u4f5c\u7f8e\u519b\u652f\u63f4\u8239\u7684\u516c\u4e3b\u53f7\u51a0\u8fbe\u90ae\u8f6e", "tts_mp3": "http://res-tts.iciba.com/tts_dj/0/3/2/0321a1627fb3c5fb60950a852bab44ef.mp3", "tts_size": "24K"}]}, {"posp": "VERB", "tran": "\u5047\u88c5;\u6545\u4f5c", "def": "If someone acts in a particular way, they pretend to be something that they are not.", "example": [{"ex": "Chris acted astonished as he examined the note...", "tran": "\u514b\u91cc\u65af\u68c0\u67e5\u8bb0\u5f55\u65f6\u6545\u4f5c\u9707\u60ca\u72b6\u3002", "tts_mp3": "http://res-tts.iciba.com/tts_dj/4/1/8/41832672b066d9da37cb85d833540cda.mp3", "tts_size": "14K"}, {"ex": "Kenworthy had tried not to act the policeman.", "tran": "\u80af\u6c83\u897f\u52aa\u529b\u8868\u73b0\u5f97\u4e0d\u50cf\u4e2a\u8b66\u5bdf\u3002", "tts_mp3": "http://res-tts.iciba.com/tts_dj/6/6/f/66f3cca61730d9ab82797d0e5fb7ac48.mp3", "tts_size": "14K"}]}, {"posp": "VERB", "tran": "\u4ee3\u7406\uff1b\u4ee3\u8868", "def": "When professionals such as lawyers act for you, or act on your behalf, they are employed by you to deal with a particular matter.", "example": [{"ex": "...the law firm that acted for Diana during her marriage split...", "tran": "\u5728\u6234\u5b89\u5a1c\u5a5a\u59fb\u7834\u88c2\u671f\u95f4\u4e3a\u5979\u505a\u4ee3\u7406\u7684\u6cd5\u5f8b\u4e8b\u52a1\u6240", "tts_mp3": "http://res-tts.iciba.com/tts_dj/f/d/9/fd906af9aa5a260551f73814a9993cbd.mp3", "tts_size": "17K"}, {"ex": "Because we travelled so much, Sam and I asked a broker to act on our behalf.", "tran": "\u7531\u4e8e\u6211\u4eec\u7ecf\u5e38\u6e38\u5386\u5728\u5916\uff0c\u6211\u548c\u8428\u59c6\u4fbf\u8bf7\u4e86\u4e00\u4f4d\u7ecf\u7eaa\u4eba\u4ee3\u8868\u6211\u4eec\u5904\u7406\u4e8b\u52a1\u3002", "tts_mp3": "http://res-tts.iciba.com/tts_dj/b/3/8/b38e2c51bf0256e3d4988293b6437fa4.mp3", "tts_size": "25K"}]}, {"posp": "VERB", "tran": "\u5f71\u54cd\uff1b\u4f5c\u7528\u4e8e", "def": "If a force or substance acts on someone or something, it has a certain effect on them.", "example": [{"ex": "He's taking a dangerous drug: it acts very fast on the central nervous system...", "tran": "\u4ed6\u6b63\u5728\u670d\u7528\u4e00\u79cd\u5371\u9669\u7684\u836f\u7269\uff1a\u8fd9\u79cd\u836f\u7269\u80fd\u5f88\u5feb\u5f71\u54cd\u5230\u4e2d\u67a2\u795e\u7ecf\u7cfb\u7edf\u3002", "tts_mp3": "http://res-tts.iciba.com/tts_dj/9/c/6/9c6684a0e6706355fdbb55aee4e33094.mp3", "tts_size": "24K"}, {"ex": "A hypnotist can act upon the unconscious mind directly.", "tran": "\u50ac\u7720\u5e08\u80fd\u76f4\u63a5\u4f5c\u7528\u4e8e\u65e0\u610f\u8bc6\u601d\u7ef4\u3002", "tts_mp3": "http://res-tts.iciba.com/tts_dj/a/2/c/a2ca85114fb42c5a69d3e7455d65de0b.mp3", "tts_size": "17K"}]}, {"posp": "VERB", "tran": "\u8868\u6f14\uff1b\u6f14\uff08\u620f\uff09\uff1b\u51fa\u6f14\uff08\u89d2\u8272\uff09", "def": "If you act, or act a part in a play or film, you have a part in it.", "example": [{"ex": "She confessed to her parents her desire to act...", "tran": "\u5979\u5411\u7236\u6bcd\u5766\u8a00\u4e86\u81ea\u5df1\u60f3\u6f14\u620f\u7684\u613f\u671b\u3002", "tts_mp3": "http://res-tts.iciba.com/tts_dj/3/b/3/3b3c82357c0eee635b344dd9a75f4e77.mp3", "tts_size": "14K"}, {"ex": "She acted in her first film when she was 13 years old.", "tran": "13\u5c81\u65f6\u5979\u51fa\u6f14\u4e86\u5979\u7684\u7535\u5f71\u5904\u5973\u4f5c\u3002", "tts_mp3": "http://res-tts.iciba.com/tts_dj/b/0/9/b0916c1d1345abbedf7f640a2d4db699.mp3", "tts_size": "16K"}]}, {"posp": "N-COUNT", "tran": "\u884c\u4e3a\uff1b\u884c\u52a8", "def": "An act is a single thing that someone does.", "example": [{"ex": "Language interpretation is the whole point of the act of reading...", "tran": "\u9605\u8bfb\u884c\u4e3a\u4e2d\u5173\u952e\u5728\u4e8e\u5bf9\u8bed\u8a00\u7684\u7406\u89e3\u3002", "tts_mp3": "http://res-tts.iciba.com/tts_dj/6/6/4/664d682a5c5f355dfeada6c6ac4cf5bc.mp3", "tts_size": "17K"}, {"ex": "My insurance excludes acts of sabotage and damage done by weapons of war.", "tran": "\u6211\u8d2d\u4e70\u7684\u4fdd\u9669\u5bf9\u4e8e\u84c4\u610f\u635f\u574f\u4ee5\u53ca\u6218\u4e89\u4e2d\u6b66\u5668\u9020\u6210\u7684\u635f\u574f\u4e0d\u4e88\u8d54\u507f\u3002", "tts_mp3": "http://res-tts.iciba.com/tts_dj/b/1/4/b14e655d1c0ec2e5decf0fc16f05584e.mp3", "tts_size": "23K"}]}, {"posp": "N-SING", "tran": "\u88c5\u6a21\u4f5c\u6837;\u88c5\u8154\u4f5c\u52bf", "def": "If you say that someone's behaviour is an act, you mean that it does not express their real feelings.", "example": [{"ex": "There were moments when I wondered: did she do this on purpose, was it all just a game, an act?...", "tran": "\u6709\u65f6\u6211\u5f88\u56f0\u60d1\uff1a\u5979\u8fd9\u4e48\u505a\u662f\u6545\u610f\u7684\u5417\uff1f\u96be\u9053\u4e00\u5207\u90fd\u53ea\u662f\u4e00\u573a\u6e38\u620f\uff0c\u662f\u9022\u573a\u4f5c\u620f\uff1f", "tts_mp3": "http://res-tts.iciba.com/tts_dj/4/7/f/47f90ecb6d308f5fd3b9ad479a7da2ff.mp3", "tts_size": "30K"}, {"ex": "His anger was real. It wasn't an act.", "tran": "\u4ed6\u662f\u771f\u7684\u751f\u6c14\u4e86\uff0c\u4e0d\u662f\u5728\u6446\u6837\u5b50\u3002", "tts_mp3": "http://res-tts.iciba.com/tts_dj/7/e/8/7e893bcd1474124f75688de5cde35747.mp3", "tts_size": "16K"}]}, {"posp": "N-COUNT", "tran": "\u6cd5\u6848\uff1b\u6cd5\u4ee4\uff1b\u6761\u4f8b", "def": "An Act is a law passed by the government.", "example": [{"ex": "...an Act of Parliament.", "tran": "\u8bae\u4f1a\u6cd5\u6848", "tts_mp3": "http://res-tts.iciba.com/tts_dj/1/0/c/10c66a1b6a287ed51a463e2c2a4046b4.mp3", "tts_size": "7K"}]}, {"posp": "N-COUNT", "tran": "\uff08\u620f\u5267\u3001\u6b4c\u5267\u3001\u82ad\u857e\u821e\u5267\u7b49\u7684\uff09\u5e55", "def": "An act in a play, opera, or ballet is one of the main parts into which it is divided.", "example": [{"ex": "Act II contained one of the funniest scenes I have ever witnessed...", "tran": "\u7b2c\u4e8c\u5e55\u91cc\u6709\u6211\u770b\u8fc7\u7684\u6700\u641e\u7b11\u7684\u573a\u9762\u4e4b\u4e00\u3002", "tts_mp3": "http://res-tts.iciba.com/tts_dj/a/e/4/ae44dcd3d9cffbf8df3345725303fb5f.mp3", "tts_size": "16K"}]}, {"posp": "N-COUNT", "tran": "\uff08\u6f14\u51fa\u4e2d\u7684\uff09\u77ed\u8282\u76ee", "def": "An act in a show is a short performance which is one of several in the show.", "example": [{"ex": "This year numerous bands are playing, as well as comedy acts...", "tran": "\u4eca\u5e74\u9664\u4e86\u90a3\u4e9b\u641e\u7b11\u77ed\u5267\u5916\uff0c\u8fd8\u4f1a\u6709\u4f17\u591a\u4e50\u961f\u767b\u53f0\u732e\u827a\u3002", "tts_mp3": "http://res-tts.iciba.com/tts_dj/3/1/f/31ffe7ba2246b694afb6dc1b4560debc.mp3", "tts_size": "20K"}]}, {"posp": "PHRASE", "tran": "\u5f53\u573a\u6293\u4f4f\uff1b\u6293\u73b0\u884c", "def": "If you catch someone in the act, you discover them doing something wrong or committing a crime.", "example": [{"ex": "The men were caught in the act of digging up buried explosives.", "tran": "\u90a3\u4e9b\u4eba\u5728\u6316\u6398\u63a9\u57cb\u7684\u7206\u70b8\u7269\u65f6\u88ab\u902e\u4e2a\u6b63\u7740\u3002", "tts_mp3": "http://res-tts.iciba.com/tts_dj/5/a/2/5a229281869d6c7be1c1cf362c36a58e.mp3", "tts_size": "17K"}]}, {"posp": "PHRASE", "tran": "\u6539\u90aa\u5f52\u6b63\uff1b\u91cd\u65b0\u505a\u4eba", "def": "If someone who has been behaving badly cleans up their act, they start to behave in a more acceptable or responsible way.", "example": [{"ex": "The nation's advertisers need to clean up their act.", "tran": "\u8be5\u56fd\u7684\u5e7f\u544a\u5546\u9700\u8981\u89c4\u8303\u81ea\u5df1\u7684\u884c\u4e3a\u3002", "tts_mp3": "http://res-tts.iciba.com/tts_dj/3/6/7/367b05d48879ddb3cd1fc1a10dab6c42.mp3", "tts_size": "15K"}]}, {"posp": "PHRASE", "tran": "\uff08\u4e3a\u4e86\u5f97\u5230\u597d\u5904\u7b49\uff09\u53c2\u4e0e\uff0c\u63d2\u4e00\u624b", "def": "If you get in on the act, you take part in or take advantage of something that was started by someone else.", "example": [{"ex": "In the 1970s Kodak, anxious to get in on the act, launched its own instant camera.", "tran": "20\u4e16\u7eaa70\u5e74\u4ee3\uff0c\u6025\u4e8e\u5206\u4e00\u676f\u7fb9\u7684\u67ef\u8fbe\u516c\u53f8\u63a8\u51fa\u4e86\u81ea\u5df1\u7684\u62cd\u7acb\u5f97\u76f8\u673a\u3002", "tts_mp3": "http://res-tts.iciba.com/tts_dj/3/a/2/3a202f15d4d00ca889bcf6ab81b64dd5.mp3", "tts_size": "29K"}]}, {"posp": "PHRASE", "tran": "\u6b63\u5728\u505a\u2026", "def": "You say that someone was in the act of doing something to indicate what they were doing when they were seen or interrupted.", "example": [{"ex": "Ken was in the act of paying his bill when Neil came up behind him.", "tran": "\u5f53\u5c3c\u5c14\u4ece\u540e\u9762\u8d70\u8fc7\u6765\u65f6\uff0c\u80af\u6b63\u5728\u4ed8\u8d26\u3002", "tts_mp3": "http://res-tts.iciba.com/tts_dj/a/6/c/a6c6a569c16586de6ea8e604db36d011.mp3", "tts_size": "19K"}]}, {"posp": "PHRASE", "tran": "\u5168\u529b\u4ee5\u8d74\uff1b\u96c6\u4e2d\u7cbe\u529b\uff1b\u52b2\u513f\u5f80\u4e00\u5904\u4f7f", "def": "If you get your act together, you organize your life or your affairs so that you are able to achieve what you want or to deal with something effectively.", "example": [{"ex": "The Government should get its act together...", "tran": "\u653f\u5e9c\u5e94\u8be5\u96c6\u4e2d\u529b\u91cf\u3002", "tts_mp3": "http://res-tts.iciba.com/tts_dj/4/0/8/408280564ef8658ad467733ea588bbbb.mp3", "tts_size": "10K"}, {"ex": "We have to get our act together \u2014 we have to organize ourselves.", "tran": "\u6211\u4eec\u5fc5\u987b\u628a\u52b2\u513f\u5f80\u4e00\u5904\u4f7f\u2014\u2014\u6211\u4eec\u5f97\u7ec4\u7ec7\u8d77\u6765\u3002", "tts_mp3": "http://res-tts.iciba.com/tts_dj/3/3/4/3344087b186f4865488a166feb435fd0.mp3", "tts_size": "19K"}]}], "collins_star": "5", "frequency_count": 141076205, "frequency_rank": 552}