{"ph_en": "\u02c8\u00e6kt\u026ave\u026at", "ph_am": "\u02c8\u00e6kt\u0259\u02ccvet", "ph_en_mp3": "http://res.iciba.com/resource/amp3/oxford/0/0a/a8/0aa854d06b45ca5194c94302fda606cf.mp3", "ph_am_mp3": "http://res.iciba.com/resource/amp3/1/0/d4/ee/d4ee0fbbeb7ffd4fd7a7d477a7ecd922.mp3", "parts": [{"part": "vt.", "means": ["\u4f7f\u6d3b\u52a8\uff0c\u8d77\u52a8\uff0c\u89e6\u53d1", "\u4f7f\u5f00\u59cb\u4f5c\u7528"]}], "collins": [{"posp": "VERB", "tran": "\u4f7f\u8fd0\u4f5c\uff1b\u4f7f\u8d77\u4f5c\u7528\uff1b\u6fc0\u6d3b", "def": "If a device or process is activated, something causes it to start working.", "example": [{"ex": "Video cameras with night vision can be activated by movement.", "tran": "\u5e26\u591c\u89c6\u955c\u7684\u6444\u50cf\u673a\u4e00\u6709\u52a8\u9759\u5c31\u4f1a\u542f\u52a8\u3002", "tts_mp3": "http://res-tts.iciba.com/tts_dj/d/f/4/df464c8ce3bf2a236b07fa9442e3f809.mp3", "tts_size": "18K"}, {"ex": "...a voice-activated computer.", "tran": "\u58f0\u63a7\u7535\u8111", "tts_mp3": "http://res-tts.iciba.com/tts_dj/f/4/3/f43139d97aa152ad84f222198d3adb88.mp3", "tts_size": "10K"}]}], "collins_star": "1", "frequency_count": 5014202, "frequency_rank": 10049}