{"ph_en": "\u02c8\u00e6kt\u026a\u014b", "ph_am": "\u02c8\u00e6kt\u026a\u014b", "ph_en_mp3": "http://res.iciba.com/resource/amp3/oxford/0/c5/e9/c5e9282198fa97f5a9f24d4c0d9f962f.mp3", "ph_am_mp3": "http://res.iciba.com/resource/amp3/1/0/d9/fc/d9fc1779071baf6f9520282c1ff0326a.mp3", "parts": [{"part": "adj.", "means": ["\u4ee3\u7406\u7684", "\u8d77\u4f5c\u7528\u7684", "\u6d3b\u52a8\u7740\u7684", "\u4ea7\u751f\u5f71\u54cd\u7684"]}, {"part": "n.", "means": ["\u8868\u6f14", "\u6f14\u6280", "\u88c5\u8154\u4f5c\u52bf", "\u505a\u4f5c"]}, {"part": "vt.", "means": ["\u4e3e\u6b62\u5408\u5b9c\uff1a\u4f7f\u4e3e\u6b62\u4e0e\u2026\u76f8\u79f0", "\u626e\u6f14\uff1a\u62c5\u4efb\u2026\u7684\u89d2\u8272", "\u8868\u6f14", "\u5047\u88c5"]}, {"part": "vi.", "means": ["\u4e3e\u52a8\uff0c\u4e3e\u6b62", "\u626e\u6f14\uff0c\u62c5\u5f53", "\u77eb\u63c9\u9020\u4f5c\uff0c\u5047\u88c5", "\u884c\u52a8\uff0c\u8fd0\u4f5c"]}], "collins": [{"posp": "N-UNCOUNT", "tran": "\u8868\u6f14;\u6f14\u827a\u4e1a;\u6f14\u6280;\u6f14\u620f", "def": "Acting is the activity or profession of performing in plays or films.", "example": [{"ex": "She pursued an acting career after four years of modelling.", "tran": "\u5f53\u4e864\u5e74\u7684\u6a21\u7279\u4e4b\u540e\u5979\u8e0f\u4e0a\u4e86\u6f14\u827a\u4e4b\u8def\u3002", "tts_mp3": "http://res-tts.iciba.com/tts_dj/7/b/3/7b33e1a004276a8661baaceff7dd57a1.mp3", "tts_size": "17K"}]}, {"posp": "ADJ", "tran": "\u4e34\u65f6\u4ee3\u7406\u7684", "def": "You use acting before the title of a job to indicate that someone is doing that job temporarily.", "example": [{"ex": "...the new acting President.", "tran": "\u65b0\u4efb\u4ee3\u603b\u7edf", "tts_mp3": "http://res-tts.iciba.com/tts_dj/a/3/b/a3ba7c7cda57bbf0078423bd03e95195.mp3", "tts_size": "7K"}]}], "collins_star": "2", "frequency_count": 18407646, "frequency_rank": 3916}