{"ph_en": "\u02c8\u00e6k\u0283n", "ph_am": "\u02c8\u00e6k\u0283\u0259n", "ph_en_mp3": "http://res.iciba.com/resource/amp3/oxford/0/6e/c9/6ec960e647db61d54318f1b34642433a.mp3", "ph_am_mp3": "http://res.iciba.com/resource/amp3/1/0/41/8c/418c5509e2171d55b0aee5c2ea4442b5.mp3", "parts": [{"part": "n.", "means": ["\u884c\u52a8\uff0c\u6d3b\u52a8", "\u529f\u80fd\uff0c\u4f5c\u7528", "\u624b\u6bb5", "[\u6cd5]\u8bc9\u8bbc"]}], "collins": [{"posp": "N-UNCOUNT", "tran": "\u884c\u52a8\uff1b\u63aa\u65bd", "def": "Action is doing something for a particular purpose.", "example": [{"ex": "The government is taking emergency action to deal with a housing crisis...", "tran": "\u653f\u5e9c\u6b63\u91c7\u53d6\u7d27\u6025\u63aa\u65bd\u89e3\u51b3\u4f4f\u623f\u5371\u673a\u3002", "tts_mp3": "http://res-tts.iciba.com/tts_dj/e/1/3/e13fa0e6e36cf539ac36bdf391e92950.mp3", "tts_size": "21K"}, {"ex": "What was needed, he said, was decisive action to halt what he called these savage crimes.", "tran": "\u4ed6\u8bf4\uff0c\u5f53\u52a1\u4e4b\u6025\u5c31\u662f\u91c7\u53d6\u679c\u65ad\u884c\u52a8\u5236\u6b62\u4ed6\u6240\u79f0\u7684\u201c\u8fd9\u4e9b\u91ce\u86ee\u7f6a\u884c\u201d\u3002", "tts_mp3": "http://res-tts.iciba.com/tts_dj/2/5/5/255da6483336aec3d9be465581a33255.mp3", "tts_size": "29K"}]}, {"posp": "N-COUNT", "tran": "\u6240\u505a\u4e4b\u4e8b\uff1b\u884c\u4e3a", "def": "An action is something that you do on a particular occasion.", "example": [{"ex": "As always, Peter had a reason for his action...", "tran": "\u4e00\u5982\u5f80\u5e38\uff0c\u5f7c\u5f97\u5bf9\u81ea\u5df1\u7684\u884c\u4e3a\u603b\u6709\u8bf4\u8f9e\u3002", "tts_mp3": "http://res-tts.iciba.com/tts_dj/6/b/e/6be87679f05b408912e526169d60fcae.mp3", "tts_size": "15K"}, {"ex": "Jack was the sort of man who did not like his actions questioned.", "tran": "\u6770\u514b\u662f\u90a3\u79cd\u4e0d\u559c\u6b22\u522b\u4eba\u8d28\u7591\u81ea\u5df1\u884c\u4e3a\u7684\u4eba\u3002", "tts_mp3": "http://res-tts.iciba.com/tts_dj/e/e/8/ee832c75bb1029827fb6681b1ad0c28d.mp3", "tts_size": "18K"}]}, {"posp": "N-COUNT", "tran": "\u8bc9\u8bbc\uff1b\u8d77\u8bc9", "def": "To bring a legal action against someone means to bring a case against them in a court of law.", "example": [{"ex": "Two leading law firms are to prepare legal actions against tobacco companies.", "tran": "\u4e24\u5bb6\u5f88\u6709\u540d\u7684\u5f8b\u5e08\u4e8b\u52a1\u6240\u51c6\u5907\u5411\u70df\u8349\u516c\u53f8\u63d0\u8d77\u8bc9\u8bbc\u3002", "tts_mp3": "http://res-tts.iciba.com/tts_dj/d/f/8/df80011c31bf3bf352703e7e5483e97d.mp3", "tts_size": "23K"}, {"ex": "...a libel action brought by one of France's bureaucrats.", "tran": "\u7531\u6cd5\u56fd\u7684\u4e00\u540d\u5b98\u5458\u63d0\u8d77\u7684\u8bfd\u8c24\u8bc9\u8bbc", "tts_mp3": "http://res-tts.iciba.com/tts_dj/d/0/2/d02869699e193f5a951cf38f3a778ad1.mp3", "tts_size": "17K"}]}, {"posp": "N-UNCOUNT", "tran": "\uff08\u5316\u5b66\u7269\u8d28\u4ea7\u751f\u7684\uff09\u4f5c\u7528\uff0c\u6548\u679c", "def": "The action of a chemical is the way in which it works, or the effects that it has.", "example": [{"ex": "Her description of the nature and action of poisons is amazingly accurate.", "tran": "\u4ed6\u5bf9\u4e00\u4e9b\u6bd2\u836f\u7684\u6027\u8d28\u548c\u4f5c\u7528\u7684\u63cf\u8ff0\u60ca\u4eba\u5730\u51c6\u786e\u3002", "tts_mp3": "http://res-tts.iciba.com/tts_dj/7/f/8/7f88968541fb2663ec974ecf2beaf17c.mp3", "tts_size": "23K"}]}, {"posp": "N-SING", "tran": "\u6fc0\u52a8\u4eba\u5fc3\uff08\u6216\u91cd\u8981\uff09\u7684\u5927\u4e8b", "def": "The action is all the important and exciting things that are happening in a situation.", "example": [{"ex": "Hollywood is where the action is now.", "tran": "\u597d\u83b1\u575e\u5982\u4eca\u98ce\u5934\u6b63\u76db\u3002", "tts_mp3": "http://res-tts.iciba.com/tts_dj/4/f/8/4f82b8b7fdb3a2813996a5f0f0a03e9f.mp3", "tts_size": "11K"}]}, {"posp": "N-UNCOUNT", "tran": "\u6218\u6597\uff1b\u4f5c\u6218", "def": "The fighting which takes place in a war can be referred to as action .", "example": [{"ex": "Leaders in America have generally supported military action...", "tran": "\u7f8e\u56fd\u9886\u5bfc\u4eba\u666e\u904d\u652f\u6301\u91c7\u53d6\u519b\u4e8b\u884c\u52a8\u3002", "tts_mp3": "http://res-tts.iciba.com/tts_dj/8/e/5/8e57dd17f6fd3442c5875f8d7db294e4.mp3", "tts_size": "17K"}, {"ex": "13 soldiers were killed and 10 wounded in action.", "tran": "\u6218\u6597\u4e2d\u670913\u540d\u58eb\u5175\u9635\u4ea1\uff0c10\u540d\u58eb\u5175\u53d7\u4f24\u3002", "tts_mp3": "http://res-tts.iciba.com/tts_dj/5/8/b/58b4a70257ef44dcdb6daa35f1bba841.mp3", "tts_size": "15K"}]}, {"posp": "ADJ", "tran": "\uff08\u7535\u5f71\uff09\u60c5\u8282\u60ca\u9669\u523a\u6fc0\u7684\uff1b\u52a8\u4f5c\uff08\u7247\uff09\u7684\uff1b\u52a8\u4f5c\u7247\u4e2d\u7684", "def": "An action movie is a film in which a lot of dangerous and exciting things happen. An action hero is the main character in one of these films.", "example": [{"ex": "Stallone wants to break away from his action-hero image.", "tran": "\u53f2\u6cf0\u9f99\u60f3\u8981\u6446\u8131\u52a8\u4f5c\u660e\u661f\u7684\u5f62\u8c61\u3002", "tts_mp3": "http://res-tts.iciba.com/tts_dj/c/b/7/cb7d25f08ac89416ecd686b1c8da8e2a.mp3", "tts_size": "16K"}]}, {"posp": "VERB", "tran": "\u5904\u7406", "def": "If you action something that needs to be done, you deal with it.", "example": [{"ex": "Documents can be actioned, or filed immediately.", "tran": "\u6587\u4ef6\u53ef\u88ab\u7acb\u5373\u5904\u7406\u6216\u5f52\u6863\u3002", "tts_mp3": "http://res-tts.iciba.com/tts_dj/d/8/8/d888a598b1e53e7e756c08c81a00f8f5.mp3", "tts_size": "16K"}]}, {"posp": "PHRASE", "tran": "\uff08\u56e0\u53d7\u4f24\u6216\u635f\u574f\uff09\u4e0d\u80fd\u5de5\u4f5c\uff0c\u5931\u53bb\u4f5c\u7528\uff0c\u65e0\u6cd5\u8fd0\u8f6c", "def": "If someone or something is out of action, they are injured or damaged and cannot work or be used.", "example": [{"ex": "He's been out of action for 16 months with a serious knee injury...", "tran": "\u7531\u4e8e\u819d\u90e8\u4e25\u91cd\u53d7\u4f24\uff0c\u4ed6\u5df2\u505c\u5de516\u4e2a\u6708\u3002", "tts_mp3": "http://res-tts.iciba.com/tts_dj/0/c/a/0ca7eece6802af89a111ad013d4e6aa0.mp3", "tts_size": "19K"}, {"ex": "They were trapped after the lifts went out of action.", "tran": "\u7535\u68af\u51fa\u73b0\u6545\u969c\uff0c\u4ed6\u4eec\u88ab\u56f0\u5728\u91cc\u9762\u4e86\u3002", "tts_mp3": "http://res-tts.iciba.com/tts_dj/e/3/a/e3a38c9484713403b532fd8048289496.mp3", "tts_size": "14K"}]}, {"posp": "PHRASE", "tran": "\uff08\u901a\u5e38\u4e3a\u4e86\u8d5a\u94b1\u6216\u63d0\u9ad8\u5f71\u54cd\u529b\uff09\u63d2\u624b\uff0c\u53c2\u4e0e", "def": "If someone wants to have a piece of the action or a slice of the action, they want to take part in an exciting activity or situation, usually in order to make money or become more important.", "example": [{"ex": "Holiday spots have seen a dramatic revival and tourist chiefs are competing for a slice of the action.", "tran": "\u5404\u4e2a\u5ea6\u5047\u70b9\u91cd\u53c8\u5448\u73b0\u51fa\u4e00\u6d3e\u5174\u65fa\u666f\u8c61\uff0c\u65c5\u6e38\u4e1a\u7684\u9f99\u5934\u8001\u5927\u4eec\u90fd\u5728\u4e89\u7740\u5206\u4e00\u676f\u7fb9\u3002", "tts_mp3": "http://res-tts.iciba.com/tts_dj/4/f/a/4fa42b329aecede2731c8e3940fc23f9.mp3", "tts_size": "28K"}]}, {"posp": "PHRASE", "tran": "\u628a\u2026\u4ed8\u8bf8\u5b9e\u8df5", "def": "If you put an idea or policy into action, you begin to use it or cause it to operate.", "example": [{"ex": "They have learned the lessons of business management theory, and put them into action.", "tran": "\u4ed6\u4eec\u4e0d\u4ec5\u5b66\u4e60\u4e86\u5546\u4e1a\u7ba1\u7406\u7406\u8bba\u65b9\u9762\u7684\u8bfe\u7a0b\uff0c\u5e76\u4e14\u5b66\u4ee5\u81f4\u7528\u3002", "tts_mp3": "http://res-tts.iciba.com/tts_dj/a/6/b/a6b35964c7c4c5c9507902cdf74c757b.mp3", "tts_size": "23K"}]}], "collins_star": "5", "frequency_count": 162023431, "frequency_rank": 473}