{"ph_en": "\u02c8\u00e6kt\u026av", "ph_am": "\u02c8\u00e6kt\u026av", "ph_en_mp3": "http://res.iciba.com/resource/amp3/oxford/0/f3/00/f300b449644a672f5eea928b93710d14.mp3", "ph_am_mp3": "http://res.iciba.com/resource/amp3/1/0/c7/6a/c76a5e84e4bdee527e274ea30c680d79.mp3", "parts": [{"part": "adj.", "means": ["\u79ef\u6781\u7684\uff0c\u6d3b\u8dc3\u7684\uff0c\u6709\u751f\u6c14\u7684", "\u8fc5\u901f\u7684\uff0c\u654f\u6377\u7684", "\u6709\u6548\u7684\uff0c\u8d77\u4f5c\u7528\u7684"]}, {"part": "n.", "means": ["[\u8bed\u6cd5]\u4e3b\u52a8\u8bed\u6001", "\u79ef\u6781\u5206\u5b50\uff0c\u6d3b\u8dc3\u7684\u4eba"]}], "collins": [{"posp": "ADJ-GRADED", "tran": "\u5fd9\u788c\u7684\uff1b\u6d3b\u8dc3\u7684", "def": "Someone who is active moves around a lot or does a lot of things.", "example": [{"ex": "Having an active youngster about the house can be quite wearing.", "tran": "\u5bb6\u91cc\u6709\u4e2a\u597d\u52a8\u7684\u5c0f\u5b69\u4f1a\u662f\u76f8\u5f53\u7d2f\u4eba\u7684\u3002", "tts_mp3": "http://res-tts.iciba.com/tts_dj/d/1/4/d14a04b9071eb2947a917b361d3f0b83.mp3", "tts_size": "17K"}, {"ex": "...a long and active life.", "tran": "\u6f2b\u957f\u800c\u5fd9\u788c\u7684\u4e00\u751f", "tts_mp3": "http://res-tts.iciba.com/tts_dj/8/a/6/8a65d939821cdde006444bf70236855f.mp3", "tts_size": "8K"}]}, {"posp": "ADJ-GRADED", "tran": "\uff08\u601d\u60f3\u7b49\uff09\u6d3b\u8dc3\u7684", "def": "If you have an active mind or imagination, you are always thinking of new things.", "example": [{"ex": "...the tragedy of an active mind trapped by failing physical health.", "tran": "\u56e0\u4e3a\u5065\u5eb7\u72b6\u51b5\u8870\u9000\u800c\u601d\u7ef4\u53d7\u963b\u7684\u60b2\u5267", "tts_mp3": "http://res-tts.iciba.com/tts_dj/d/0/9/d093e3736b933f01a0028d535ea14765.mp3", "tts_size": "18K"}]}, {"posp": "ADJ-GRADED", "tran": "\u79ef\u6781\uff08\u53c2\u4e0e\uff09\u7684", "def": "If someone is active in an organization, cause, or campaign, they do things for it rather than just giving it their support.", "example": [{"ex": "...a chance for fathers to play a more active role in childcare...", "tran": "\u8ba9\u7236\u4eb2\u4eec\u66f4\u79ef\u6781\u5730\u53c2\u4e0e\u80b2\u5a74\u7684\u673a\u4f1a", "tts_mp3": "http://res-tts.iciba.com/tts_dj/5/3/8/53844b8c6d341f3d86f8230877a7e32e.mp3", "tts_size": "17K"}, {"ex": "I am an active member of the Conservative Party...", "tran": "\u6211\u662f\u4fdd\u5b88\u515a\u7684\u79ef\u6781\u5206\u5b50\u3002", "tts_mp3": "http://res-tts.iciba.com/tts_dj/5/0/3/50388a6724539e9f7427b7f90e01c59b.mp3", "tts_size": "15K"}]}, {"posp": "ADJ", "tran": "\u79ef\u6781\u7684\uff1b\u4e3b\u52a8\u7684", "def": "Active is used to emphasize that someone is taking action in order to achieve something, rather than just hoping for it or achieving it in an indirect way.", "example": [{"ex": "Companies need to take active steps to increase exports.", "tran": "\u5404\u516c\u53f8\u9700\u8981\u91c7\u53d6\u79ef\u6781\u63aa\u65bd\u589e\u52a0\u51fa\u53e3\u3002", "tts_mp3": "http://res-tts.iciba.com/tts_dj/2/c/b/2cb3dcb3c13ec98670006fb967f84b72.mp3", "tts_size": "18K"}, {"ex": "...active discouragement from teachers.", "tran": "\u6559\u5e08\u4eec\u7684\u7aed\u529b\u963b\u6320", "tts_mp3": "http://res-tts.iciba.com/tts_dj/7/4/c/74cff7889eb47d632b6e4967edb60b3c.mp3", "tts_size": "12K"}]}, {"posp": "ADJ", "tran": "\u5b9a\u671f\u8fdb\u884c\u7684;\u6d3b\u52a8\u7684", "def": "If you say that a person or animal is active in a particular place or at a particular time, you mean that they are performing their usual activities or performing a particular activity.", "example": [{"ex": "Guerrilla groups are active in the province.", "tran": "\u6e38\u51fb\u961f\u5728\u8be5\u7701\u5f88\u6d3b\u8dc3\u3002", "tts_mp3": "http://res-tts.iciba.com/tts_dj/5/a/c/5acacb0fe588fbd9c55e4352415b8224.mp3", "tts_size": "12K"}, {"ex": "...animals which are active at night.", "tran": "\u591c\u884c\u52a8\u7269", "tts_mp3": "http://res-tts.iciba.com/tts_dj/2/6/1/2612190886fc58d24321fdb63d269e22.mp3", "tts_size": "10K"}]}, {"posp": "ADJ", "tran": "\uff08\u706b\u5c71\uff09\u6d3b\u7684", "def": "An active volcano has erupted recently or is expected to erupt quite soon.", "example": [{"ex": "...molten lava from an active volcano.", "tran": "\u6d3b\u706b\u5c71\u55b7\u51fa\u7684\u7194\u5ca9", "tts_mp3": "http://res-tts.iciba.com/tts_dj/0/3/2/032dc14bdacd92a67164423b821693d2.mp3", "tts_size": "12K"}]}, {"posp": "ADJ", "tran": "\u8d77\u5316\u5b66(\u6216\u751f\u7269)\u4f5c\u7528\u7684;\u6d3b\u6027\u7684;\u6709\u6548\u7684", "def": "An active substance has a chemical or biological effect on things.", "example": [{"ex": "The active ingredient in some of the mouthwashes was simply detergent.", "tran": "\u67d0\u4e9b\u6f31\u53e3\u5242\u4e2d\u7684\u6709\u6548\u6210\u5206\u53ea\u4e0d\u8fc7\u662f\u6d17\u6da4\u5242\u800c\u5df2\u3002", "tts_mp3": "http://res-tts.iciba.com/tts_dj/b/1/f/b1fb6161b85d1dc0b9114ab03eeb0500.mp3", "tts_size": "21K"}]}, {"posp": "N-SING", "tran": "\uff08\u8bed\u6cd5\u4e2d\u7684\uff09\u4e3b\u52a8\u8bed\u6001", "def": "In grammar, the active or the active voice means the forms of a verb which are used when the subject refers to a person or thing that does something. For example, in 'I saw her yesterday', the verb is in the active.", "example": []}], "collins_star": "4", "frequency_count": 84084764, "frequency_rank": 954}