{"ph_en": "\u00e6k\u02c8t\u026av\u0259ti", "ph_am": "\u00e6k\u02c8t\u026av\u026ati", "ph_en_mp3": "http://res.iciba.com/resource/amp3/oxford/0/5f/2e/5f2edfcf19eeabb51ffbf824774a520b.mp3", "ph_am_mp3": "http://res.iciba.com/resource/amp3/1/0/69/a2/69a256025f66e4ce5d15c9dd7225d357.mp3", "parts": [{"part": "n.", "means": ["\u6d3b\u52a8", "\u6d3b\u8dc3\uff0c\u654f\u6377", "\u6d3b\u52a8\u529b", "\u6559\u80b2\u6d3b\u52a8"]}], "collins": [{"posp": "N-UNCOUNT", "tran": "\u70ed\u95f9\u72b6\u51b5;\u6d3b\u8dc3", "def": "Activity is a situation in which a lot of things are happening or being done.", "example": [{"ex": "...an extraordinary level of activity in the government bonds market.", "tran": "\u653f\u5e9c\u516c\u503a\u5e02\u573a\u5f02\u5e38\u6d3b\u8dc3", "tts_mp3": "http://res-tts.iciba.com/tts_dj/1/8/d/18dc9b2a0b0dd8d2db82ffe8cd8e2f8b.mp3", "tts_size": "19K"}, {"ex": "...the electrical activity of the brain.", "tran": "\u8111\u7535\u6ce2\u7684\u6d3b\u52a8", "tts_mp3": "http://res-tts.iciba.com/tts_dj/8/3/5/835dea96f1f4307c5c23106c9b8ca9e9.mp3", "tts_size": "12K"}]}, {"posp": "N-COUNT", "tran": "\u6d3b\u52a8", "def": "An activity is something that you spend time doing.", "example": [{"ex": "You can take part in activities from canoeing to bird watching.", "tran": "\u4f60\u53ef\u4ee5\u53c2\u4e0e\u4ece\u5212\u72ec\u6728\u821f\u5230\u89c2\u9e1f\u7b49\u5404\u79cd\u6d3b\u52a8\u3002", "tts_mp3": "http://res-tts.iciba.com/tts_dj/5/3/9/539f420965ad0d04fe2108f269611b57.mp3", "tts_size": "18K"}]}, {"posp": "N-PLURAL", "tran": "\uff08\u56e2\u4f53\u4e3a\u8fbe\u5230\u67d0\u79cd\u76ee\u7684\u800c\u91c7\u53d6\u7684\uff09\u6d3b\u52a8\uff0c\u884c\u52a8", "def": "The activities of a group are the things that they do in order to achieve their aims.", "example": [{"ex": "...a jail term for terrorist activities...", "tran": "\u56e0\u53c2\u4e0e\u6050\u6016\u6d3b\u52a8\u800c\u88ab\u5224\u7684\u5211\u671f", "tts_mp3": "http://res-tts.iciba.com/tts_dj/1/b/3/1b3ec1db1d00ce76e5ca42c4191e7873.mp3", "tts_size": "12K"}, {"ex": "On April 29, the activities of the company were suspended on the orders of the Bank of England.", "tran": "4\u670829\u65e5\uff0c\u5949\u82f1\u56fd\u94f6\u884c\u4e4b\u547d\uff0c\u8be5\u516c\u53f8\u7684\u5404\u9879\u6d3b\u52a8\u88ab\u6682\u505c\u3002", "tts_mp3": "http://res-tts.iciba.com/tts_dj/8/3/f/83f3deb8b99ad3fa83baa47cb3936b88.mp3", "tts_size": "30K"}]}], "collins_star": "4", "frequency_count": 79633609, "frequency_rank": 1015}