{"ph_en": "'\u00e6kt\u026av\u026az\u0259m", "ph_am": "\u02c8\u00e6kt\u0259\u02ccv\u026az\u0259m", "ph_en_mp3": "http://res.iciba.com/resource/amp3/0/0/61/61/61610553f5aa6df962f3101be84b5f1a.mp3", "ph_am_mp3": "http://res.iciba.com/resource/amp3/1/0/61/61/61610553f5aa6df962f3101be84b5f1a.mp3", "parts": [{"part": "n.", "means": ["\u884c\u52a8\u4e3b\u4e49", "\u6fc0\u8fdb\u4e3b\u4e49"]}], "collins": [{"posp": "N-UNCOUNT", "tran": "\u6fc0\u8fdb\u4e3b\u4e49\uff1b\u884c\u52a8\u4e3b\u4e49", "def": "Activism is the process of campaigning in public or working for an organization in order to bring about political or social change.", "example": [{"ex": "He believed in political activism to achieve justice.", "tran": "\u4ed6\u76f8\u4fe1\u901a\u8fc7\u653f\u6cbb\u6fc0\u8fdb\u4e3b\u4e49\u53ef\u4ee5\u8d62\u5f97\u6b63\u4e49\u3002", "tts_mp3": "http://res-tts.iciba.com/tts_dj/b/4/b/b4b92297ac0387ed918a185ee47a864d.mp3", "tts_size": "17K"}]}], "collins_star": "1", "frequency_count": 4047643, "frequency_rank": 11502}