{"ph_en": "\u02c8\u00e6kt\u026av\u026ast", "ph_am": "\u02c8\u00e6kt\u0259v\u026ast", "ph_en_mp3": "http://res.iciba.com/resource/amp3/oxford/0/e3/42/e342a83a630bdd72a58862d80981b425.mp3", "ph_am_mp3": "http://res.iciba.com/resource/amp3/1/0/d0/b3/d0b3cce92838841946ac0fed1ad4faa1.mp3", "parts": [{"part": "n.", "means": ["\u6fc0\u8fdb\u4e3b\u4e49\u5206\u5b50", "\u79ef\u6781\u5206\u5b50", "\u79ef\u6781\u884c\u52a8\u8005"]}, {"part": "adj.", "means": ["\u6fc0\u8fdb\u4e3b\u4e49\u7684", "\u6fc0\u8fdb\u4e3b\u4e49\u5206\u5b50\u7684"]}], "collins": [{"posp": "N-COUNT", "tran": "\u79ef\u6781\u5206\u5b50\uff1b\u6d3b\u8dc3\u5206\u5b50", "def": "An activist is a person who works to bring about political or social changes by campaigning in public or working for an organization.", "example": [{"ex": "The police say they suspect the attack was carried out by animal rights activists.", "tran": "\u8b66\u65b9\u8bf4\u4ed6\u4eec\u6000\u7591\u88ad\u51fb\u662f\u7531\u52a8\u7269\u6743\u76ca\u4fdd\u62a4\u7684\u79ef\u6781\u5206\u5b50\u4eec\u53d1\u52a8\u7684\u3002", "tts_mp3": "http://res-tts.iciba.com/tts_dj/5/e/7/5e752bcc82b195dbb122dcfc63672563.mp3", "tts_size": "23K"}]}], "collins_star": "3", "frequency_count": 4027427, "frequency_rank": 11541}