{"ph_en": "\u02c8\u00e6kt\u0259(r)", "ph_am": "\u02c8\u00e6kt\u025a", "ph_en_mp3": "http://res.iciba.com/resource/amp3/oxford/0/80/ff/80ff00515b696f25830732d5f86edd2d.mp3", "ph_am_mp3": "http://res.iciba.com/resource/amp3/1/0/8e/62/8e62561c3ac6d3fb0016e9a34a2caa5d.mp3", "parts": [{"part": "n.", "means": ["\u6f14\u5458\uff08\u5c24\u6307\u7537\u6f14\u5458\uff09", "\u884c\u52a8\u8005", "\u53c2\u4e0e\u8005"]}], "collins": [{"posp": "N-COUNT", "tran": "\u6f14\u5458\uff08\u5355\u6570\u5f62\u5f0f\u7684actor\u901a\u5e38\u6307\u7537\u6f14\u5458\uff0c\u4f46\u6709\u4e9b\u5973\u6f14\u5458\u559c\u6b22\u88ab\u79f0\u4e3aactor\u800c\u4e0d\u662factress)", "def": "An actor is someone whose job is acting in plays or films. 'Actor' in the singular usually refers to a man, but some women who act prefer to be called 'actors' rather than 'actresses'.", "example": [{"ex": "His father was an actor in the Cantonese Opera Company...", "tran": "\u4ed6\u7684\u7236\u4eb2\u662f\u7ca4\u5267\u56e2\u7684\u6f14\u5458\u3002", "tts_mp3": "http://res-tts.iciba.com/tts_dj/9/2/d/92df054026209249ced4b2ab3037f6fb.mp3", "tts_size": "16K"}, {"ex": "You have to be a very good actor to play that part.", "tran": "\u8981\u60f3\u6f14\u90a3\u4e2a\u89d2\u8272\uff0c\u4f60\u5fc5\u987b\u662f\u4e2a\u975e\u5e38\u51fa\u8272\u7684\u6f14\u5458\u3002", "tts_mp3": "http://res-tts.iciba.com/tts_dj/e/6/b/e6b60657a11726ae02ac67974b962b58.mp3", "tts_size": "14K"}]}], "collins_star": "3", "frequency_count": 16282891, "frequency_rank": 4288}