{"ph_en": "\u02c8\u00e6ktr\u0259s", "ph_am": "\u02c8\u00e6ktr\u026as", "ph_en_mp3": "http://res.iciba.com/resource/amp3/oxford/0/cf/73/cf7321d2212f1c6c27be9d08bf718a7b.mp3", "ph_am_mp3": "http://res.iciba.com/resource/amp3/1/0/d1/09/d109f71f89b98e6f3990a0adbfaeb913.mp3", "parts": [{"part": "n.", "means": ["\u5973\u6f14\u5458", "\u5973\u8868\u6f14\u8005"]}], "collins": [{"posp": "N-COUNT", "tran": "\u5973\u6f14\u5458", "def": "An actress is a woman whose job is acting in plays or films.", "example": [{"ex": "She's a very great dramatic actress.", "tran": "\u5979\u662f\u4e00\u4e2a\u975e\u5e38\u4e86\u4e0d\u8d77\u7684\u620f\u5267\u6f14\u5458\u3002", "tts_mp3": "http://res-tts.iciba.com/tts_dj/e/5/6/e564484c6321ce68eedb327760f56855.mp3", "tts_size": "13K"}]}], "collins_star": "3", "frequency_count": 7010056, "frequency_rank": 8008}