{"ph_en": "\u02c8\u00e6kt\u0283u\u0259l", "ph_am": "\u02c8\u00e6kt\u0283u\u0259l", "ph_en_mp3": "http://res.iciba.com/resource/amp3/oxford/0/ab/65/ab65ff510ac8c6c4498a62690897042f.mp3", "ph_am_mp3": "http://res.iciba.com/resource/amp3/1/0/51/57/5157e3c765af93679ea07052f30f0a6e.mp3", "parts": [{"part": "adj.", "means": ["\u771f\u5b9e\u7684", "\u5b9e\u9645\u7684", "\u73b0\u884c\u7684", "\u73b0\u5728\u7684"]}], "collins": [{"posp": "ADJ", "tran": "\u771f\u5b9e\u7684\uff1b\u5b9e\u9645\u7684", "def": "You use actual to emphasize that you are referring to something real or genuine.", "example": [{"ex": "The segments are filmed using either local actors or the actual people involved...", "tran": "\u8fd9\u4e9b\u7247\u65ad\u662f\u7531\u5f53\u5730\u7684\u6f14\u5458\u6216\u771f\u5b9e\u7684\u5f53\u4e8b\u4eba\u53c2\u4e0e\u62cd\u6444\u7684\u3002", "tts_mp3": "http://res-tts.iciba.com/tts_dj/5/5/4/5543c27289b997e801c5bcdacd2d1a09.mp3", "tts_size": "23K"}, {"ex": "Officials admit the actual number of AIDS victims is much higher than statistics reflect.", "tran": "\u5b98\u5458\u4eec\u627f\u8ba4\u827e\u6ecb\u75c5\u60a3\u8005\u7684\u5b9e\u9645\u6570\u91cf\u6bd4\u7edf\u8ba1\u6240\u663e\u793a\u7684\u6570\u5b57\u8981\u5927\u5f97\u591a\u3002", "tts_mp3": "http://res-tts.iciba.com/tts_dj/a/4/4/a440394a1b0ff6da1ca27bb74ead09ad.mp3", "tts_size": "26K"}]}, {"posp": "ADJ", "tran": "\uff08\u7528\u4e8e\u5bf9\u6bd4\u4e3b\u6b21\u65b9\u9762\uff09\u771f\u6b63\u7684\uff0c\u5b9e\u9645\u7684", "def": "You use actual to contrast the important aspect of something with a less important aspect.", "example": [{"ex": "She had compiled pages of notes, but she had not yet gotten down to doing the actual writing...", "tran": "\u5979\u5df2\u7f16\u5199\u4e86\u6570\u9875\u6ce8\u91ca\uff0c\u4f46\u8fd8\u672a\u5f00\u59cb\u771f\u6b63\u610f\u4e49\u4e0a\u7684\u5199\u4f5c\u3002", "tts_mp3": "http://res-tts.iciba.com/tts_dj/c/e/7/ce76efe2e02456d493b435fc57eb56bf.mp3", "tts_size": "26K"}, {"ex": "The exercises in this chapter can guide you, but it will be up to you to do the actual work.", "tran": "\u8fd9\u4e00\u7ae0\u7684\u7ec3\u4e60\u80fd\u7ed9\u4f60\u6307\u5bfc\uff0c\u4f46\u5b9e\u9645\u7684\u5de5\u4f5c\u8fd8\u5f97\u9760\u4f60\u81ea\u5df1\u5b8c\u6210\u3002", "tts_mp3": "http://res-tts.iciba.com/tts_dj/e/b/a/ebaa3dfd56cd0dd2136b0829db94553b.mp3", "tts_size": "26K"}]}], "collins_star": "3", "frequency_count": 42552937, "frequency_rank": 1920}