{"ph_en": "\u02cc\u00e6kt\u0283u\u02c8\u00e6l\u0259ti", "ph_am": "\u02cc\u00e6kt\u0283u\u02c8\u00e6l\u026ati", "ph_en_mp3": "http://res.iciba.com/resource/amp3/oxford/0/a8/72/a87299015e241a6fe4632681b64ab3a8.mp3", "ph_am_mp3": "http://res.iciba.com/resource/amp3/1/0/5c/34/5c345002130371d896f5cede7a9ce78f.mp3", "parts": [{"part": "n.", "means": ["\uff08\u5e38\u7528\u590d\u6570\uff09\u73b0\u72b6", "\u73b0\u5b9e", "\u4e8b\u5b9e"]}], "collins": [{"posp": "PHRASE", "tran": "\u771f\u5b9e\u5730\uff1b\u5b9e\u9645\u4e0a", "def": "You can use in actuality to emphasize that what you are saying is true, when it contradicts or contrasts with what you have previously said.", "example": [{"ex": "In actuality, Teddie did not have a disorder but merely a difficult temperament...", "tran": "\u5b9e\u9645\u4e0a\uff0c\u5c0f\u7279\u8fea\u5e76\u975e\u54ea\u4e0d\u6b63\u5e38\uff0c\u800c\u4ec5\u4ec5\u662f\u5c5e\u4e8e\u56f0\u96be\u578b\u6c14\u8d28\u3002", "tts_mp3": "http://res-tts.iciba.com/tts_dj/9/4/4/944b0dbcbe45a26093889186ec601f5b.mp3", "tts_size": "23K"}, {"ex": "The woman he had seen performing on stage was in actuality quite older than she had seemed.", "tran": "\u4ed6\u6240\u89c1\u7684\u90a3\u4e2a\u5728\u821e\u53f0\u4e0a\u8868\u6f14\u7684\u5973\u4eba\u5b9e\u9645\u5e74\u9f84\u6bd4\u770b\u4e0a\u53bb\u8981\u5927\u5f88\u591a\u3002", "tts_mp3": "http://res-tts.iciba.com/tts_dj/e/5/b/e5bc12777dc2431b57b3e0e651f0a251.mp3", "tts_size": "25K"}]}, {"posp": "N-UNCOUNT", "tran": "\u771f\u5b9e;\u5b9e\u9645", "def": "Actuality is the state of really existing rather than being imagined.", "example": [{"ex": "It exists in dreams rather than actuality.", "tran": "\u5b83\u5b58\u5728\u4e8e\u68a6\u5883\u800c\u975e\u73b0\u5b9e\u4e2d\u3002", "tts_mp3": "http://res-tts.iciba.com/tts_dj/6/e/3/6e3ac417667aeb19a34ae4f4176e9944.mp3", "tts_size": "14K"}]}, {"posp": "N-COUNT", "tran": "\u771f\u5b9e\u60c5\u51b5;\u5b9e\u9645\u60c5\u51b5;\u4e8b\u5b9e", "def": "An actuality is a fact or condition that really exists.", "example": [{"ex": "To stop the fighting there requires the threat and probably the actuality of military force...", "tran": "\u8981\u5e73\u606f\u90a3\u91cc\u7684\u6218\u706b\u5c31\u8981\u5a01\u80c1\u91c7\u7528\u751a\u81f3\u771f\u6b63\u52a8\u7528\u519b\u4e8b\u529b\u91cf\u3002", "tts_mp3": "http://res-tts.iciba.com/tts_dj/5/f/a/5fa5013b3d6a7e94e27dbedb9ee25126.mp3", "tts_size": "26K"}, {"ex": "While economists are free to theorise, company chairmen are concerned with actualities.", "tran": "\u7ecf\u6d4e\u5b66\u5bb6\u4eec\u53ef\u81ea\u7531\u521b\u5efa\u7406\u8bba\uff0c\u516c\u53f8\u603b\u88c1\u4eec\u5219\u5173\u5fc3\u73b0\u5b9e\u60c5\u51b5\u3002", "tts_mp3": "http://res-tts.iciba.com/tts_dj/6/b/7/6b7620c766534e4d90027a0a757c1fe1.mp3", "tts_size": "27K"}]}], "collins_star": "1", "frequency_count": 486439, "frequency_rank": 40152}