{"ph_en": "\u02c8\u00e6kt\u0283u\u0259li", "ph_am": "\u02c8\u00e6kt\u0283u\u0259li", "ph_en_mp3": "http://res.iciba.com/resource/amp3/oxford/0/7c/4e/7c4ee4b84979ee8758953fbbead14165.mp3", "ph_am_mp3": "http://res.iciba.com/resource/amp3/1/0/7d/df/7ddf80803ddb70e671c6633a1f4d1943.mp3", "parts": [{"part": "adv.", "means": ["\u5b9e\u9645\u4e0a", "\u4e8b\u5b9e\u4e0a", "\u786e\u5b9e", "\u7adf"]}], "collins": [{"posp": "ADV", "tran": "\u7684\u786e;\u771f\u5b9e\u5730;\u4e8b\u5b9e\u4e0a", "def": "You use actually to indicate that a situation exists or happened, or to emphasize that it is true.", "example": [{"ex": "One afternoon, I grew bored and actually fell asleep for a few minutes...", "tran": "\u4e00\u5929\u4e0b\u5348\uff0c\u6211\u89c9\u5f97\u6709\u4e9b\u65e0\u804a\uff0c\u8fd8\u771f\u7684\u7761\u7740\u4e86\u4e00\u5c0f\u4f1a\u513f\u3002", "tts_mp3": "http://res-tts.iciba.com/tts_dj/1/a/6/1a6d8cb8c543a9d658b1de24bfd737bd.mp3", "tts_size": "22K"}, {"ex": "Interest is only payable on the amount actually borrowed.", "tran": "\u5229\u606f\u53ea\u80fd\u6839\u636e\u5b9e\u9645\u501f\u6b3e\u6570\u76ee\u7ed9\u4ed8\u3002", "tts_mp3": "http://res-tts.iciba.com/tts_dj/1/f/8/1f83b7881a389101e344927b18a0d371.mp3", "tts_size": "16K"}]}, {"posp": "ADV", "tran": "\uff08\u7528\u4e8e\u7ea0\u6b63\u4ed6\u4eba\u6216\u8868\u793a\u53cd\u5bf9\uff09\u5b9e\u9645\u4e0a\uff0c\u4e8b\u5b9e\u4e0a", "def": "You use actually when you are correcting or contradicting someone.", "example": [{"ex": "No, I'm not a student. I'm a doctor, actually...", "tran": "\u4e0d\uff0c\u6211\u4e0d\u662f\u5b66\u751f\u3002\u5b9e\u9645\u4e0a\u6211\u662f\u533b\u751f\u3002", "tts_mp3": "http://res-tts.iciba.com/tts_dj/9/f/1/9f195aae254081a37eb0ef4dac0648a6.mp3", "tts_size": "22K"}, {"ex": "'So it's not a family show then?' \u2014'Well, actually, I think that's exactly what it is.'", "tran": "\u201c\u90a3\u4e48\u8fd9\u5e76\u4e0d\u662f\u4e00\u6b21\u5bb6\u5ead\u624d\u827a\u8868\u6f14\u4e86\uff1f\u201d\u2014\u2014\u201c\u55ef\uff0c\u4e8b\u5b9e\u4e0a\u6211\u89c9\u5f97\u8fd9\u6070\u6070\u5c31\u662f\u4e00\u6b21\u5bb6\u5ead\u624d\u827a\u8868\u6f14\u3002\u201d", "tts_mp3": "http://res-tts.iciba.com/tts_dj/6/4/6/6469800c12d959b34459fae35642ea06.mp3", "tts_size": "33K"}]}, {"posp": "ADV", "tran": "(\u793c\u8c8c\u5730\u8868\u8fbe\u4e0e\u4ed6\u4eba\u7684\u671f\u5f85\u6240\u4e0d\u540c\u7684\u89c2\u70b9)\u8bf4\u5b9e\u5728\u7684\uff0c\u8bf4\u771f\u7684", "def": "You can use actually when you are politely expressing an opinion that other people might not have expected from you.", "example": [{"ex": "'Do you think it's a good idea to socialize with one's patients?' \u2014 'Actually, I do, I think it's a great idea.'", "tran": "\u201c\u4f60\u8ba4\u4e3a\u548c\u81ea\u5df1\u7684\u75c5\u4eba\u4ea4\u670b\u53cb\u7684\u60f3\u6cd5\u597d\u5417\uff1f\u201d\u2014\u2014\u201c\u8bf4\u5b9e\u5728\u7684\uff0c\u6211\u8ba4\u4e3a\u5f88\u597d\uff0c\u8fd9\u4e2a\u60f3\u6cd5\u5f88\u68d2\u3002\u201d", "tts_mp3": "http://res-tts.iciba.com/tts_dj/a/c/4/ac4ab6bb7617d75877225779b08a51f7.mp3", "tts_size": "38K"}, {"ex": "I would be surprised, actually, if he left Birmingham.", "tran": "\u5982\u679c\u4ed6\u8981\u79bb\u5f00\u4f2f\u660e\u7ff0\uff0c\u8bf4\u771f\u7684\uff0c\u6211\u4f1a\u5f88\u60ca\u8bb6\u3002", "tts_mp3": "http://res-tts.iciba.com/tts_dj/7/6/9/7691e2136729d200b68c1770c4bb4856.mp3", "tts_size": "19K"}]}, {"posp": "ADV", "tran": "\uff08\u5f15\u5165\u65b0\u8bdd\u9898\uff09\u5176\u5b9e\uff0c\u8bf4\u5b9e\u5728\u7684", "def": "You use actually to introduce a new topic into a conversation.", "example": [{"ex": "Well actually, John, I rang you for some advice...", "tran": "\u8fd9\u4e48\u8bf4\u5427\uff0c\u7ea6\u7ff0\uff0c\u6211\u7ed9\u4f60\u6253\u7535\u8bdd\u662f\u60f3\u5f97\u5230\u4e9b\u5efa\u8bae\u3002", "tts_mp3": "http://res-tts.iciba.com/tts_dj/4/4/9/449b1eebb7de77b28197cb6d09949ad3.mp3", "tts_size": "17K"}, {"ex": "Actually, let's just read this little bit where you've made them bump into each other.", "tran": "\u8fd9\u6837\u5427\uff0c\u6211\u4eec\u5c31\u53ea\u8bfb\u4f60\u8ba9\u4ed6\u4eec\u5076\u9047\u8fd9\u4e00\u5c0f\u6bb5\u5427\u3002", "tts_mp3": "http://res-tts.iciba.com/tts_dj/f/f/c/ffc3809061f0ca74dfb74f6d647e1576.mp3", "tts_size": "23K"}]}], "collins_star": "5", "frequency_count": 69444655, "frequency_rank": 1156}