{"ph_en": "\u02c8\u00e6kjup\u028c\u014bkt\u0283\u0259(r)", "ph_am": "\u02c8\u00e6kj\u028a\u02ccp\u028c\u014bkt\u0283\u025a", "ph_en_mp3": "http://res.iciba.com/resource/amp3/oxford/0/15/9c/159c7cad793b7dc2237d8cf1742624b1.mp3", "ph_am_mp3": "http://res.iciba.com/resource/amp3/1/0/07/f0/07f00cd78b5e3113ae1ae5504b4c61b4.mp3", "parts": [{"part": "n.", "means": ["\u9488\u7078\uff08\u7597\u6cd5\uff09"]}, {"part": "vt.", "means": ["\u7528\u9488\u7078\u672f\u6cbb\u7597\uff0c\u7528\u9488\u523a\u6cd5\u9ebb\u9189\uff0c\u5bf9\u2026\u65bd\u884c\u9488\u7078\u6cbb\u7597"]}], "collins": [{"posp": "N-UNCOUNT", "tran": "\u9488\u523a\uff1b\u9488\u523a\u7597\u6cd5", "def": "Acupuncture is the treatment of a person's illness or pain by sticking small needles into their body at certain places.", "example": [{"ex": "All of those who received the true acupuncture experienced pain relief.", "tran": "\u6240\u6709\u63a5\u53d7\u4e86\u9488\u523a\u6cbb\u7597\u7684\u4eba\u90fd\u611f\u5230\u75bc\u75db\u51cf\u8f7b\u4e86\u3002", "tts_mp3": "http://res-tts.iciba.com/tts_dj/3/a/5/3a57294ad769fdda1f0e753358f8cdbb.mp3", "tts_size": "21K"}]}], "collins_star": "1", "frequency_count": 2825171, "frequency_rank": 14303}