{"ph_en": "\u0259\u02c8kju:t", "ph_am": "\u0259\u02c8kjut", "ph_en_mp3": "http://res.iciba.com/resource/amp3/oxford/0/5c/27/5c27b981a7bd4c38c82366125776032d.mp3", "ph_am_mp3": "http://res.iciba.com/resource/amp3/1/0/56/77/56777c15206fb38e633e9cdc42e5f25e.mp3", "parts": [{"part": "adj.", "means": ["\u5c16\u7684\uff0c\u9510\u7684", "\u654f\u9510\u7684\uff0c\u654f\u611f\u7684", "\u4e25\u91cd\u7684\uff0c\u5267\u70c8\u7684", "[\u533b]\u6025\u6027\u7684"]}], "collins": [{"posp": "ADJ-GRADED", "tran": "\uff08\u60c5\u51b5\uff09\u4e25\u91cd\u7684\uff1b\uff08\u611f\u89c9\uff09\u5f3a\u70c8\u7684", "def": "You can use acute to indicate that an undesirable situation or feeling is very severe or intense.", "example": [{"ex": "The war has aggravated an acute economic crisis...", "tran": "\u6218\u4e89\u52a0\u5267\u4e86\u539f\u672c\u5df2\u5f88\u4e25\u91cd\u7684\u7ecf\u6d4e\u5371\u673a\u3002", "tts_mp3": "http://res-tts.iciba.com/tts_dj/e/a/d/eadcb1e059eaf83b542e994043ba1d68.mp3", "tts_size": "17K"}, {"ex": "The report has caused acute embarrassment to the government...", "tran": "\u62a5\u544a\u5c06\u653f\u5e9c\u7f6e\u4e8e\u7a98\u5883\u3002", "tts_mp3": "http://res-tts.iciba.com/tts_dj/7/8/b/78bbaa49eabbc46fc9121c83880c71cd.mp3", "tts_size": "16K"}]}, {"posp": "ADJ", "tran": "\u6025\u6027\u7684", "def": "An acute illness is one that becomes severe very quickly but does not last very long.", "example": [{"ex": "...a patient with acute rheumatoid arthritis.", "tran": "\u60a3\u6025\u6027\u98ce\u6e7f\u6027\u5173\u8282\u708e\u7684\u75c5\u4eba", "tts_mp3": "http://res-tts.iciba.com/tts_dj/5/f/5/5f56290f9ed4edfc9b3595de4662de23.mp3", "tts_size": "13K"}, {"ex": "...an acute case of dysentery.", "tran": "\u6025\u6027\u75e2\u75be\u75c5\u4f8b", "tts_mp3": "http://res-tts.iciba.com/tts_dj/2/b/b/2bb77f6491ef07ac4dc59d1dca79b37b.mp3", "tts_size": "9K"}]}, {"posp": "ADJ-GRADED", "tran": "\uff08\u611f\u5b98\uff09\u7075\u654f\u7684", "def": "If a person's or animal's sight, hearing, or sense of smell is acute, it is sensitive and powerful.", "example": [{"ex": "In the dark my sense of hearing becomes so acute.", "tran": "\u9ed1\u6697\u4e2d\u6211\u7684\u542c\u89c9\u53d8\u5f97\u5f02\u5e38\u7075\u654f\u3002", "tts_mp3": "http://res-tts.iciba.com/tts_dj/c/d/f/cdf4d281f103064c30762b1873e319f0.mp3", "tts_size": "15K"}]}, {"posp": "ADJ-GRADED", "tran": "\u654f\u9510\u7684\uff1b\u6709\u6d1e\u5bdf\u529b\u7684", "def": "If you say that someone is acute or has an acute mind, you mean that they are quick to notice things and are able to understand them clearly.", "example": [{"ex": "Into her nineties, her thinking remained acute and her character forceful...", "tran": "\u867d\u5df2\u5e74\u5c4a\u4e5d\u65ec\uff0c\u5979\u4f9d\u7136\u5934\u8111\u654f\u9510\uff0c\u4e2a\u6027\u5f88\u5f3a\u3002", "tts_mp3": "http://res-tts.iciba.com/tts_dj/9/e/5/9e50c856eda9014bbe99fa3ac426e418.mp3", "tts_size": "21K"}, {"ex": "His relaxed exterior hides an extremely acute mind.", "tran": "\u4ed6\u8868\u9762\u4e0a\u5927\u5927\u54a7\u54a7\uff0c\u5185\u5fc3\u5374\u65e0\u6bd4\u654f\u9510\u3002", "tts_mp3": "http://res-tts.iciba.com/tts_dj/b/f/9/bf9da8dd717304b4469e151170de3c8b.mp3", "tts_size": "17K"}]}, {"posp": "ADJ-GRADED", "tran": "\u9510\u89d2\u7684", "def": "An acute angle is less than 90\u00b0.", "example": []}, {"posp": "ADJ", "tran": "\uff08\u6807\u5728\u5143\u97f3\u7b49\u4e0a\u9762\u7684\u7b26\u53f7\uff09\u5c16\u97f3\u7684\uff0c\u91cd\u97f3\u7684", "def": "An acute accent is a symbol that is placed over vowels in some languages in order to indicate how that vowel is pronounced or over one letter in a word to indicate where it is stressed. You refer to a letter with this accent as, for example, e acute. For example, there is an acute accent over the letter 'e' in the French word 'caf\u00e9'.", "example": []}], "collins_star": "2", "frequency_count": 11128841, "frequency_rank": 5690}