{"ph_en": "\u0259\u02c8kju:tli", "ph_am": "\u0259\u02c8kju\u02d0tli", "ph_en_mp3": "http://res.iciba.com/resource/amp3/oxford/0/68/38/6838b5b4a3e61ba49647db980b8e1f65.mp3", "ph_am_mp3": "http://res.iciba.com/resource/amp3/1/0/b0/18/b0188a9d291009e66fdfb0ee8f91e467.mp3", "parts": [{"part": "adv.", "means": ["\u5c16\u9510\u5730", "\u5267\u70c8\u5730"]}], "collins": [{"posp": "ADV-GRADED", "tran": "\u6df1\u6df1\u5730\uff08\u611f\u89c9\u5230\uff09\uff0c\u5f3a\u70c8\u5730(\u610f\u8bc6\u5230)", "def": "If you feel or notice something acutely, you feel or notice it very strongly.", "example": [{"ex": "He was acutely aware of the odour of cooking oil...", "tran": "\u4ed6\u95fb\u5230\u4e00\u80a1\u6d53\u6d53\u7684\u6cb9\u70df\u5473\u3002", "tts_mp3": "http://res-tts.iciba.com/tts_dj/8/1/6/816709af0eb43b8c71f2878669dc8678.mp3", "tts_size": "14K"}, {"ex": "Those tensions have been felt most acutely by women.", "tran": "\u6700\u80fd\u6df1\u5207\u611f\u53d7\u5230\u8fd9\u79cd\u7d27\u5f20\u6c1b\u56f4\u7684\u662f\u5973\u6027\u3002", "tts_mp3": "http://res-tts.iciba.com/tts_dj/5/b/1/5b181785adb9af3137099a78a4572b0d.mp3", "tts_size": "15K"}]}, {"posp": "ADV-GRADED", "tran": "\uff08\u611f\u89c9\u3001\u6027\u8d28\uff09\u6781\u5176", "def": "If a feeling or quality is acutely unpleasant, it is extremely unpleasant.", "example": [{"ex": "It was an acutely uncomfortable journey back to London.", "tran": "\u90a3\u662f\u4e00\u6b21\u6781\u5176\u75db\u82e6\u7684\u8fd4\u56de\u4f26\u6566\u7684\u65c5\u884c\u3002", "tts_mp3": "http://res-tts.iciba.com/tts_dj/b/5/e/b5e5f5d078a75011193a961ffc9fcb00.mp3", "tts_size": "16K"}]}], "collins_star": "1", "frequency_count": 515934, "frequency_rank": 38811}