{"ph_en": "\u02cc\u00e6d \u02c8h\u0252k", "ph_am": "\u02cc\u00e6d \u02c8h\u0251k", "ph_en_mp3": "http://res.iciba.com/resource/amp3/0/0/39/d3/39d3f865fa084b45028e9e18ae3378b2.mp3", "ph_am_mp3": "http://res.iciba.com/resource/amp3/1/0/39/d3/39d3f865fa084b45028e9e18ae3378b2.mp3", "parts": [{"part": "adj.", "means": ["\u7279\u522b\u7684", "\u4e34\u65f6\u7684", "\u7279\u8bbe\u7684"]}, {"part": "adv.", "means": ["\u7279\u522b\u5730"]}], "collins": [{"posp": "ADJ", "tran": "\uff08\u5f62\u52bf\u6240\u9700\u800c\uff09\u4e34\u65f6\u5b89\u6392\u7684\uff0c\u7279\u522b\u7684\uff0c\u4e13\u95e8\u7684", "def": "An ad hoc activity or organization is done or formed only because a situation has made it necessary and is not planned in advance.", "example": [{"ex": "The Council meets on an ad hoc basis to discuss problems.", "tran": "\u8bae\u4f1a\u4e34\u65f6\u5b89\u6392\u4f1a\u8bae\u8ba8\u8bba\u95ee\u9898\u3002", "tts_mp3": "http://res-tts.iciba.com/tts_dj/6/b/2/6b284641e7f55a9c73fa0c17dfb5869c.mp3", "tts_size": "18K"}, {"ex": "...ad hoc committees to examine specific problems.", "tran": "\u7814\u7a76\u5177\u4f53\u95ee\u9898\u7684\u4e13\u95e8\u59d4\u5458\u4f1a", "tts_mp3": "http://res-tts.iciba.com/tts_dj/a/1/1/a11b59833c3cf2d75b0f150cccfb9831.mp3", "tts_size": "15K"}]}], "collins_star": "1", "frequency_count": 0, "frequency_rank": 0}