{"ph_en": "\u02c8\u00e6d\u0259m\u0259nt", "ph_am": "\u02c8\u00e6d\u0259m\u0259nt, -\u02ccm\u00e6nt", "ph_en_mp3": "http://res.iciba.com/resource/amp3/oxford/0/b8/90/b8908dd0299617db43156f88e0317b6b.mp3", "ph_am_mp3": "http://res.iciba.com/resource/amp3/1/0/4c/69/4c69d38dea1bb8797cdd52a17f861901.mp3", "parts": [{"part": "adj.", "means": ["\u575a\u786c\u65e0\u6bd4\u7684", "\u7262\u4e0d\u53ef\u7834\u7684", "\u575a\u5b9a\u4e0d\u79fb\u7684", "\u575a\u51b3\u7684"]}, {"part": "n.", "means": ["\u575a\u786c\u7684\u7269\u8d28", "<\u5730\u8d28>\u786c\u77f3", "<\u8bd7>\u7262\u4e0d\u53ef\u7834"]}], "collins": [{"posp": "ADJ-GRADED", "tran": "\u575a\u51b3\u7684;\u575a\u5b9a\u4e0d\u79fb\u7684", "def": "If someone is adamant about something, they are determined not to change their mind about it.", "example": [{"ex": "The prime minister is adamant that he will not resign...", "tran": "\u9996\u76f8\u575a\u51b3\u4e0d\u8f9e\u804c\u3002", "tts_mp3": "http://res-tts.iciba.com/tts_dj/1/3/b/13b45748ff2f4a9509eb1b66a939d39b.mp3", "tts_size": "16K"}, {"ex": "Sue was adamant about that job in Australia.", "tran": "\u5bf9\u6fb3\u5927\u5229\u4e9a\u7684\u90a3\u4efd\u5de5\u4f5c\uff0c\u4f11\u7684\u6001\u5ea6\u5f88\u575a\u51b3\u3002", "tts_mp3": "http://res-tts.iciba.com/tts_dj/f/8/4/f846381ef1c3819ac1b81ca5192640a2.mp3", "tts_size": "15K"}]}], "collins_star": "1", "frequency_count": 504722, "frequency_rank": 39287}