{"ph_en": "\u02cc\u00e6d\u00e6p\u02c8te\u026a\u0283n", "ph_am": "\u02cc\u00e6d\u00e6p\u02c8te\u0283\u0259n", "ph_en_mp3": "http://res.iciba.com/resource/amp3/oxford/0/92/31/92310999fc5ad3f72e17fa91a1549ea2.mp3", "ph_am_mp3": "http://res.iciba.com/resource/amp3/1/0/72/78/7278ff6867951985342661df1aedf80a.mp3", "parts": [{"part": "n.", "means": ["\u9002\u5e94\uff0c\u987a\u5e94", "\u6539\u7f16\uff0c\u6539\u7f16\u672c", "\u9002\u5e94\u6027\u7684\u6539\u53d8", "\u540c\u5316"]}], "collins": [{"posp": "N-COUNT", "tran": "\uff08\u7535\u5f71\u6216\u7535\u89c6\u7684\uff09\u6539\u5199\u672c\uff0c\u6539\u7f16\u672c", "def": "An adaptation of a book or play is a film or a television programme that is based on it.", "example": [{"ex": "...Branagh's screen adaptation of Shakespeare's Henry the Fifth.", "tran": "\u5e03\u62c9\u7eb3\u6539\u7f16\u81ea\u838e\u58eb\u6bd4\u4e9a\u7684\u300a\u4ea8\u5229\u4e94\u4e16\u300b\u7684\u5f71\u7247", "tts_mp3": "http://res-tts.iciba.com/tts_dj/3/f/3/3f36d12009c61dca28e04702892d5d82.mp3", "tts_size": "17K"}]}, {"posp": "N-UNCOUNT", "tran": "\u9002\u5e94;\u4f5c\u51fa\u8c03\u6574", "def": "Adaptation is the act of changing something or changing your behaviour to make it suitable for a new purpose or situation.", "example": [{"ex": "Most living creatures are capable of adaptation when compelled to do so.", "tran": "\u5927\u591a\u6570\u751f\u7269\u90fd\u80fd\u5728\u8feb\u4e8e\u538b\u529b\u7684\u60c5\u51b5\u4e0b\u9002\u5e94\u65b0\u73af\u5883\u3002", "tts_mp3": "http://res-tts.iciba.com/tts_dj/f/2/6/f261e11be922addcc9b1dc44e1b36fdd.mp3", "tts_size": "21K"}]}], "collins_star": "1", "frequency_count": 5314230, "frequency_rank": 9670}