{"ph_en": "\u0259\u02c8d\u00e6pt", "ph_am": "\u0259\u02c8d\u00e6pt", "ph_en_mp3": "http://res.iciba.com/resource/amp3/oxford/0/dc/63/dc63e9b5379cfe743998947870c892d6.mp3", "ph_am_mp3": "http://res.iciba.com/resource/amp3/1/0/0b/85/0b859acdc7747ee0509ffc1024158987.mp3", "parts": [{"part": "vi.", "means": ["\u9002\u5e94\u4e8e\uff0c\u9002\u5e94\u4e0d\u540c\u60c5\u51b5\uff08\u6216\u73af\u5883\uff09(to)"]}, {"part": "vt.", "means": ["\u6539\u7f16\uff0c\u6539\u5199", "\u6539\u53d8\u2026\u4ee5\u9002\u5408(for)"]}], "collins": [{"posp": "VERB", "tran": "\u9002\u5e94", "def": "If you adapt to a new situation or adapt yourself to it, you change your ideas or behaviour in order to deal with it successfully.", "example": [{"ex": "The world will be different, and we will have to be prepared to adapt to the change...", "tran": "\u4e16\u754c\u4f1a\u53d8\u5f97\u4e0d\u540c\uff0c\u6211\u4eec\u5fc5\u987b\u505a\u597d\u51c6\u5907\u4ee5\u9002\u5e94\u5176\u53d8\u5316\u3002", "tts_mp3": "http://res-tts.iciba.com/tts_dj/0/7/7/0776004ae04aff91f0d943a6dc4ff906.mp3", "tts_size": "21K"}, {"ex": "They have had to adapt themselves to a war economy.", "tran": "\u4ed6\u4eec\u4e0d\u5f97\u4e0d\u9002\u5e94\u6218\u65f6\u7ecf\u6d4e\u3002", "tts_mp3": "http://res-tts.iciba.com/tts_dj/8/5/3/8530f951f7d964c17d504586dd484fd1.mp3", "tts_size": "15K"}]}, {"posp": "VERB", "tran": "\u4f7f\u9002\u5408\uff0c\u4f7f\u9002\u5e94\uff08\u65b0\u7528\u9014\u6216\u65b0\u60c5\u51b5\uff09", "def": "If you adapt something, you change it to make it suitable for a new purpose or situation.", "example": [{"ex": "Shelves were built to adapt the library for use as an office.", "tran": "\u4e3a\u5c06\u56fe\u4e66\u9986\u6539\u4f5c\u529e\u516c\u5ba4\u800c\u505a\u4e86\u4e00\u4e9b\u67b6\u5b50\u3002", "tts_mp3": "http://res-tts.iciba.com/tts_dj/f/f/a/ffa9197f931ea3c2946c03330c7e438b.mp3", "tts_size": "17K"}]}, {"posp": "VERB", "tran": "\u6539\u7f16\uff1b\u6539\u5199", "def": "If you adapt a book or play, you change it so that it can be made into a film or a television programme.", "example": [{"ex": "The scriptwriter helped him to adapt his novel for the screen...", "tran": "\u7f16\u5267\u5e2e\u52a9\u4ed6\u5c06\u5176\u6240\u8457\u5c0f\u8bf4\u6539\u7f16\u6210\u7535\u5f71\u3002", "tts_mp3": "http://res-tts.iciba.com/tts_dj/b/d/9/bd9d4088c51c455e933a8cee9c858352.mp3", "tts_size": "17K"}, {"ex": "The film has been adapted from a play of the same title.", "tran": "\u7535\u5f71\u6539\u7f16\u81ea\u4e00\u90e8\u540c\u540d\u620f\u5267\u3002", "tts_mp3": "http://res-tts.iciba.com/tts_dj/f/0/f/f0fc65ff5cd61a4a4b62224e6970a0ff.mp3", "tts_size": "15K"}]}], "collins_star": "2", "frequency_count": 4675567, "frequency_rank": 10510}