{"ph_en": "\u0259\u02c8d\u00e6pt\u0259bl", "ph_am": "\u0259\u02c8d\u00e6pt\u0259b\u0259l", "ph_en_mp3": "http://res.iciba.com/resource/amp3/oxford/0/54/92/5492b7a7b8ce3f95bc6340cde53c0221.mp3", "ph_am_mp3": "http://res.iciba.com/resource/amp3/1/0/08/61/086172d2c6adb0bead1ea63413a6ea1f.mp3", "parts": [{"part": "adj.", "means": ["\u53ef\u9002\u5e94\u7684", "\u6709\u9002\u5e94\u80fd\u529b\u7684", "\u9002\u5408\u7684", "\u53ef\u6539\u7f16\u7684"]}], "collins": [{"posp": "ADJ-GRADED", "tran": "\u6709\u9002\u5e94\u80fd\u529b\u7684;\u80fd\u9002\u5e94\u7684;\u9002\u5e94\u6027\u5f3a\u7684", "def": "If you describe a person or animal as adaptable, you mean that they are able to change their ideas or behaviour in order to deal with new situations.", "example": [{"ex": "...a more adaptable and skilled workforce...", "tran": "\u4e00\u652f\u9002\u5e94\u80fd\u529b\u53ca\u6280\u80fd\u66f4\u5f3a\u7684\u52b3\u52a8\u5927\u519b", "tts_mp3": "http://res-tts.iciba.com/tts_dj/b/b/c/bbcc993e5db3661324475c50ee198850.mp3", "tts_size": "13K"}, {"ex": "They are adaptable foragers that learn to survive on a wide range of food sources.", "tran": "\u5b83\u4eec\u662f\u9002\u5e94\u80fd\u529b\u5f88\u5f3a\u7684\u89c5\u98df\u8005\uff0c\u8d56\u4ee5\u751f\u5b58\u7684\u98df\u7269\u6765\u6e90\u5f88\u5e7f\u3002", "tts_mp3": "http://res-tts.iciba.com/tts_dj/2/a/6/2a6422ee552c28a643ec5d7ec7bc3aff.mp3", "tts_size": "23K"}]}], "collins_star": "1", "frequency_count": 1057129, "frequency_rank": 25485}