{"ph_en": "'\u00e6d\u026ad", "ph_am": "'\u00e6d\u026ad", "ph_en_mp3": "http://res.iciba.com/resource/amp3/0/0/b6/0e/b60ed88355ac3f6898fd8a7ab1734d06.mp3", "ph_am_mp3": "", "parts": [{"part": "adj.", "means": ["\u66f4\u591a\u7684", "\u9644\u52a0\u7684", "\u989d\u5916\u7684"]}, {"part": "v.", "means": ["\u52a0", "\u52a0\u5165", "\u589e\u52a0", "\u6dfb\u52a0"]}], "collins": [{"posp": "ADJ", "tran": "\u9644\u52a0\u7684\uff1b\u989d\u5916\u7684", "def": "You use added to say that something has more of a particular thing or quality.", "example": [{"ex": "For added protection choose a lipstick with a sun screen.", "tran": "\u9009\u62e9\u9632\u6652\u62a4\u5507\u818f\u6765\u589e\u5f3a\u4fdd\u62a4\u3002", "tts_mp3": "http://res-tts.iciba.com/tts_dj/b/d/7/bd76cac7730f4604043ac3aca38c2964.mp3", "tts_size": "17K"}]}], "collins_star": "1", "frequency_count": 118410414, "frequency_rank": 665}