{"ph_en": "\u0259\u02c8d\u026a\u0283n", "ph_am": "\u0259\u02c8d\u026a\u0283\u0259n", "ph_en_mp3": "http://res.iciba.com/resource/amp3/oxford/0/2a/01/2a01b7f2f870f0579bf80b2f48d24656.mp3", "ph_am_mp3": "http://res.iciba.com/resource/amp3/1/0/2b/2a/2b2ae8740b2b5403b5075bd7cbc6ceaa.mp3", "parts": [{"part": "n.", "means": ["\u52a0\uff0c\u589e\u52a0\uff0c\u9644\u52a0", "[\u6570]\u52a0\u6cd5", "\u589e\u52a0\u7684\u4eba\u6216\u4e8b\u7269"]}], "collins": [{"posp": "PHRASE", "tran": "\u53e6\u5916;\u52a0\u4e4b;\u9664\u2026\u4e4b\u5916", "def": "You use in addition when you want to mention another item connected with the subject you are discussing.", "example": [{"ex": "Part-time English classes are offered. In addition, students can take classes in word-processing and computing...", "tran": "\u5f00\u8bbe\u4e86\u975e\u5168\u65e5\u5236\u7684\u82f1\u8bed\u73ed\u3002\u53e6\u5916\uff0c\u5b66\u751f\u53ef\u4ee5\u4fee\u8bfb\u6587\u5b57\u5904\u7406\u548c\u8ba1\u7b97\u673a\u8bfe\u7a0b\u3002", "tts_mp3": "http://res-tts.iciba.com/tts_dj/3/6/8/3684a3f3851998cc2747de82e6935a7f.mp3", "tts_size": "36K"}, {"ex": "There's a postage and packing fee in addition to the repair charge.", "tran": "\u9664\u4fee\u7406\u8d39\u4e4b\u5916\u8fd8\u6709\u90ae\u5bc4\u548c\u5305\u88c5\u8d39\u3002", "tts_mp3": "http://res-tts.iciba.com/tts_dj/c/2/1/c218fd408c157740e4ca3743e9e747cd.mp3", "tts_size": "18K"}]}, {"posp": "N-COUNT", "tran": "\u589e\u52a0\u7269\uff1b\u6dfb\u52a0\u7269", "def": "An addition to something is a thing which is added to it.", "example": [{"ex": "This is a fine book; a worthy addition to the Cambridge Encyclopedia series...", "tran": "\u8fd9\u662f\u4e00\u672c\u597d\u4e66\uff0c\u5bf9\u5251\u6865\u767e\u79d1\u5168\u4e66\u7cfb\u5217\u662f\u4e00\u4e2a\u5f88\u597d\u7684\u8865\u5145\u3002", "tts_mp3": "http://res-tts.iciba.com/tts_dj/6/b/9/6b971c269647d7bf05086bfe32ca802c.mp3", "tts_size": "27K"}, {"ex": "This plywood addition helps to strengthen the structure.", "tran": "\u591a\u5c42\u80f6\u5408\u677f\u6709\u52a9\u4e8e\u52a0\u56fa\u7ed3\u6784\u3002", "tts_mp3": "http://res-tts.iciba.com/tts_dj/6/7/d/67dff777a1ce0c3ef3d5fa639d5255cb.mp3", "tts_size": "15K"}]}, {"posp": "N-UNCOUNT", "tran": "\u589e\u52a0\uff1b\u6dfb\u52a0", "def": "The addition of something is the fact that it is added to something else.", "example": [{"ex": "It was completely refurbished in 1987, with the addition of a picnic site.", "tran": "\u5b83\u57281987\u5e74\u7ecf\u8fc7\u4e86\u5f7b\u5e95\u7ffb\u4fee\uff0c\u52a0\u76d6\u4e86\u4e00\u4e2a\u91ce\u9910\u70b9\u3002", "tts_mp3": "http://res-tts.iciba.com/tts_dj/e/3/7/e37cfd9eb7235179265878953f55bb69.mp3", "tts_size": "26K"}]}, {"posp": "N-UNCOUNT", "tran": "\u52a0\uff1b\u7b97\u603b\u6570", "def": "Addition is the process of calculating the total of two or more numbers.", "example": [{"ex": "...simple addition and subtraction problems.", "tran": "\u7b80\u5355\u7684\u52a0\u51cf\u9898", "tts_mp3": "http://res-tts.iciba.com/tts_dj/f/6/a/f6a68cc78a3e83149ff66dde5adf2fba.mp3", "tts_size": "13K"}]}], "collins_star": "4", "frequency_count": 73434482, "frequency_rank": 1096}