{"ph_en": "\u0259\u02c8d\u026akt\u026ad", "ph_am": "\u0259'd\u026akt\u026ad", "ph_en_mp3": "http://res.iciba.com/resource/amp3/oxford/0/1e/09/1e0942a1cf7ff38665ec103804b83afc.mp3", "ph_am_mp3": "", "parts": [{"part": "adj.", "means": ["\u4e0a\u763e\u7684", "\u6c89\u8ff7\u4e8e\u67d0\u79cd\u55dc\u597d\u7684"]}, {"part": "vt.", "means": ["\u4f7f\u2026\u4e0a\u763e(addict\u7684\u8fc7\u53bb\u5206\u8bcd)"]}], "collins": [{"posp": "ADJ-GRADED", "tran": "\uff08\u5438\u6bd2\uff09\u6210\u763e\u7684\uff0c\u4e0a\u763e\u7684", "def": "Someone who is addicted to a harmful drug cannot stop taking it.", "example": [{"ex": "Many of the women are addicted to heroin and cocaine...", "tran": "\u8fd9\u4e9b\u5973\u4eba\u4e2d\u5f88\u591a\u4eba\u90fd\u5438\u98df\u6d77\u6d1b\u56e0\u548c\u53ef\u5361\u56e0\u6210\u763e\u4e86\u3002", "tts_mp3": "http://res-tts.iciba.com/tts_dj/2/0/7/2071c4bac5628045f25d45c072c890b1.mp3", "tts_size": "15K"}, {"ex": "After about three months, I was no longer addicted to nicotine.", "tran": "\u5927\u7ea63\u4e2a\u6708\u540e\uff0c\u6211\u5c31\u4e0d\u518d\u5bf9\u5c3c\u53e4\u4e01\u4e0a\u763e\u4e86\u3002", "tts_mp3": "http://res-tts.iciba.com/tts_dj/d/6/8/d6880ca387a05bc6a807a23a67db04d0.mp3", "tts_size": "20K"}]}, {"posp": "ADJ-GRADED", "tran": "\u5165\u8ff7\u7684;\u7740\u8ff7\u7684", "def": "If you say that someone is addicted to something, you mean that they like it very much and want to spend as much time doing it as possible.", "example": [{"ex": "I went through about four years of being addicted to video games...", "tran": "\u6211\u5927\u7ea6\u67094\u5e74\u65f6\u95f4\u6c89\u8ff7\u5728\u7535\u5b50\u6e38\u620f\u4e2d\u3002", "tts_mp3": "http://res-tts.iciba.com/tts_dj/d/4/5/d45a502b1d09a2556330cc0b7013c4fb.mp3", "tts_size": "17K"}, {"ex": "She had become addicted to golf.", "tran": "\u5979\u5df2\u7ecf\u8ff7\u4e0a\u9ad8\u5c14\u592b\u7403\u4e86\u3002", "tts_mp3": "http://res-tts.iciba.com/tts_dj/d/4/b/d4b4dfffad018f59f98cc83bbcdd89d8.mp3", "tts_size": "10K"}]}], "collins_star": "1", "frequency_count": 2386786, "frequency_rank": 15769}