{"ph_en": "\u02c8\u00e6d\u0259t\u026av", "ph_am": "\u02c8\u00e6d\u026at\u026av", "ph_en_mp3": "http://res.iciba.com/resource/amp3/oxford/0/db/98/db98c16ca99524ba44bc15e359e5b961.mp3", "ph_am_mp3": "http://res.iciba.com/resource/amp3/1/0/49/6a/496a7ccbdcacad75e85f9fe91d56f1ac.mp3", "parts": [{"part": "n.", "means": ["\u6dfb\u52a0\u5242", "\u6dfb\u52a0\u7269", "[\u6570]\u52a0\u6cd5"]}, {"part": "adj.", "means": ["\u9644\u52a0\u7684", "[\u5316]\u52a0\u6210\u7684\uff0c\u52a0\u548c\u7684", "[\u6570]\u52a0\u6cd5\u7684"]}], "collins": [{"posp": "N-COUNT", "tran": "\u6dfb\u52a0\u7269;\u6dfb\u52a0\u5242", "def": "An additive is a substance which is added in small amounts to foods or other things in order to improve them or to make them last longer.", "example": [{"ex": "Strict safety tests are carried out on food additives.", "tran": "\u5bf9\u98df\u54c1\u6dfb\u52a0\u5242\u8fdb\u884c\u4e86\u4e25\u683c\u7684\u5b89\u5168\u68c0\u6d4b\u3002", "tts_mp3": "http://res-tts.iciba.com/tts_dj/5/8/e/58ef3fd8a254ce37d48b46bf9be2d014.mp3", "tts_size": "17K"}, {"ex": "...additive-free baby foods.", "tran": "\u4e0d\u542b\u6dfb\u52a0\u5242\u7684\u5a74\u513f\u98df\u54c1", "tts_mp3": "http://res-tts.iciba.com/tts_dj/d/a/0/da08b3a7349e84b15c171c87d7c18621.mp3", "tts_size": "9K"}]}], "collins_star": "1", "frequency_count": 2081681, "frequency_rank": 17128}