{"ph_en": "\u02c8\u00e6d\u026akt", "ph_am": "\u0259\u02c8d\u026akt", "ph_en_mp3": "http://res.iciba.com/resource/amp3/oxford/0/26/da/26da10b884c8454e810b4b1d7c6a9744.mp3", "ph_am_mp3": "http://res.iciba.com/resource/amp3/1/0/dd/15/dd15d5adf6349f5ca53e7a2641d41ab7.mp3", "parts": [{"part": "n.", "means": ["\u6709\u763e\u7684\u4eba", "\u5165\u8ff7\u7684\u4eba", "\uff08\u5438\u6bd2\uff09\u6210\u763e\u8005"]}, {"part": "vt.", "means": ["\u4f7f\u6c89\u6eba", "\u4f7f\u4e0a\u763e", "\u4f7f\u81ea\u5df1\u6cbe\u67d3\uff08\u67d0\u4e9b\u6076\u4e60\uff09"]}], "collins": [{"posp": "N-COUNT", "tran": "\u5438\u6bd2\u6210\u763e\u8005\uff1b\u763e\u541b\u5b50", "def": "An addict is someone who takes harmful drugs and cannot stop taking them.", "example": [{"ex": "He's only 24 years old and a drug addict.", "tran": "\u4ed6\u53ea\u670924\u5c81\uff0c\u5374\u662f\u4e2a\u763e\u541b\u5b50\u3002", "tts_mp3": "http://res-tts.iciba.com/tts_dj/a/7/a/a7ab7df0ac4b2566e0aa0bb853d4a76d.mp3", "tts_size": "14K"}]}, {"posp": "N-COUNT", "tran": "\u5bf9\u2026\u5165\u8ff7\u7684\u4eba;\u2026\u8ff7", "def": "If you say that someone is an addict, you mean that they like a particular activity very much and spend as much time doing it as they can.", "example": [{"ex": "She is a TV addict and watches as much as she can.", "tran": "\u5979\u662f\u4e2a\u7535\u89c6\u8ff7\uff0c\u770b\u8d77\u7535\u89c6\u6765\u6ca1\u5b8c\u6ca1\u4e86\u3002", "tts_mp3": "http://res-tts.iciba.com/tts_dj/c/9/1/c91b031298f5203758c3bed22a4e079a.mp3", "tts_size": "16K"}]}], "collins_star": "2", "frequency_count": 2910117, "frequency_rank": 14072}