{"ph_en": "\u0259'd\u026a\u0283\u0259n\u0259l\u026a", "ph_am": "\u0259'd\u026a\u0283\u0259n\u0259l\u026a", "ph_en_mp3": "", "ph_am_mp3": "", "parts": [{"part": "adv.", "means": ["\u6b64\u5916"]}], "collins": [{"posp": "ADV", "tran": "\u6b64\u5916\uff1b\u53e6\u5916", "def": "You use additionally to introduce something extra such as an extra fact or reason.", "example": [{"ex": "You can pay bills over the Internet. Additionally, you can check your balance or order statements...", "tran": "\u53ef\u4ee5\u5728\u7f51\u4e0a\u652f\u4ed8\u8d26\u5355\u3002\u6b64\u5916\uff0c\u8fd8\u80fd\u67e5\u5bf9\u4f59\u989d\u6216\u8ba2\u8d27\u7ed3\u7b97\u5355\u3002", "tts_mp3": "http://res-tts.iciba.com/tts_dj/7/2/3/723967c5de8ffb78f1cd4749868c5251.mp3", "tts_size": "30K"}, {"ex": "The maintenance programme will additionally seek to keep the sites free of graffiti.", "tran": "\u8fd9\u4e2a\u7ef4\u62a4\u65b9\u6848\u8fd8\u4f1a\u8bd5\u56fe\u4fdd\u62a4\u8fd9\u4e9b\u5730\u70b9\u4e0d\u88ab\u6d82\u9e26\u3002", "tts_mp3": "http://res-tts.iciba.com/tts_dj/8/b/c/8bce8b0695dbf69787bc7a21b10d6de5.mp3", "tts_size": "21K"}]}, {"posp": "ADV", "tran": "\u989d\u5916\u5730\uff1b\u5206\u5916\u5730\uff1b\u66f4\u52a0", "def": "Additionally is used to say that something happens to a greater extent than before.", "example": [{"ex": "The birds are additionally protected in the reserves at Birsay...", "tran": "\u9e1f\u7c7b\u5728\u4f2f\u8d5b\u7684\u4fdd\u62a4\u533a\u5c24\u5176\u53d7\u5230\u4fdd\u62a4\u3002", "tts_mp3": "http://res-tts.iciba.com/tts_dj/f/3/c/f3cb692956fcf098097074b5dd7e0f04.mp3", "tts_size": "17K"}, {"ex": "He will sign a personal guarantee to additionally secure the loan.", "tran": "\u4ed6\u5c06\u7b7e\u8ba2\u4e00\u4e2a\u4e2a\u4eba\u62c5\u4fdd\uff0c\u4ee5\u6b64\u4e3a\u8d37\u6b3e\u591a\u52a0\u4e00\u5c42\u4fdd\u969c\u3002", "tts_mp3": "http://res-tts.iciba.com/tts_dj/2/d/3/2d357bdc1279ac45a64de7050b9a3ff2.mp3", "tts_size": "17K"}]}], "collins_star": "1", "frequency_count": 8737401, "frequency_rank": 6847}