{"ph_en": "\u0259\u02c8d\u026ak\u0283n", "ph_am": "\u0259\u02c8d\u026ak\u0283\u0259n", "ph_en_mp3": "http://res.iciba.com/resource/amp3/oxford/0/84/28/842829d4519082b446f91c0c0e9fe655.mp3", "ph_am_mp3": "http://res.iciba.com/resource/amp3/1/0/d3/57/d357888b5a5b229aaf68cf46874bba92.mp3", "parts": [{"part": "n.", "means": ["\u5165\u8ff7\uff0c\u55dc\u597d", "\u4e0a\u763e", "\u5438\u6bd2\u6210\u763e", "\u7656\u597d"]}], "collins": [{"posp": "N-VAR", "tran": "\u6bd2\u763e", "def": "Addiction is the condition of taking harmful drugs and being unable to stop taking them.", "example": [{"ex": "She helped him fight his drug addiction.", "tran": "\u5979\u5e2e\u52a9\u4ed6\u6212\u6bd2\u3002", "tts_mp3": "http://res-tts.iciba.com/tts_dj/d/0/6/d06074b2579f51f2f9f9527d6257a773.mp3", "tts_size": "12K"}, {"ex": "...long-term addiction to nicotine.", "tran": "\u5bf9\u5c3c\u53e4\u4e01\u6210\u763e\u5df2\u4e45", "tts_mp3": "http://res-tts.iciba.com/tts_dj/e/5/e/e5ec0ee289146f7c1be0e1acc48b160f.mp3", "tts_size": "10K"}]}, {"posp": "N-VAR", "tran": "\u7740\u8ff7\uff1b\u55dc\u597d", "def": "An addiction to something is a very strong desire or need for it.", "example": [{"ex": "He needed money to feed his addiction to gambling...", "tran": "\u4ed6\u9700\u8981\u94b1\u6765\u6ee1\u8db3\u4ed6\u7684\u8d4c\u763e\u3002", "tts_mp3": "http://res-tts.iciba.com/tts_dj/6/0/1/60132fd148a6ad2a0e78db141236a58e.mp3", "tts_size": "15K"}, {"ex": "I discovered an addiction to housework which I had never felt before.", "tran": "\u6211\u53d1\u73b0\u81ea\u5df1\u8ff7\u4e0a\u4e86\u505a\u5bb6\u52a1\uff0c\u4e4b\u524d\u6211\u4ece\u6ca1\u6709\u8fd9\u79cd\u611f\u89c9\u3002", "tts_mp3": "http://res-tts.iciba.com/tts_dj/6/f/5/6f5f9d67ed1ef039ea76f68896906ca8.mp3", "tts_size": "19K"}]}], "collins_star": "2", "frequency_count": 9331004, "frequency_rank": 6511}