{"ph_en": "\u0259\u02c8d\u026akt\u026av", "ph_am": "\u0259\u02c8d\u026akt\u026av", "ph_en_mp3": "http://res.iciba.com/resource/amp3/oxford/0/4d/10/4d10a7e9f7a321d88b1c4380016554c5.mp3", "ph_am_mp3": "http://res.iciba.com/resource/amp3/1/0/1d/39/1d39f9b5b36b764b6c61f4dc4a106095.mp3", "parts": [{"part": "adj.", "means": ["\u4f7f\u6210\u763e\u7684", "\u4e0a\u763e\u7684", "\u6613\u4ee4\u4eba\u6c89\u6eba\u7684"]}], "collins": [{"posp": "ADJ-GRADED", "tran": "\u4f7f\u4eba\u6210\u763e\u7684", "def": "If a drug is addictive, people who take it cannot stop taking it.", "example": [{"ex": "Cigarettes are highly addictive...", "tran": "\u9999\u70df\u5f88\u5bb9\u6613\u4f7f\u4eba\u4e0a\u763e\u3002", "tts_mp3": "http://res-tts.iciba.com/tts_dj/7/9/7/7973c0605be3db6d28f7dc7f070ab526.mp3", "tts_size": "10K"}, {"ex": "Crack is the most addictive drug on the market.", "tran": "\u5f3a\u6548\u7eaf\u53ef\u5361\u56e0\u662f\u5e02\u9762\u4e0a\u6700\u5bb9\u6613\u8ba9\u4eba\u4e0a\u763e\u7684\u6bd2\u54c1\u3002", "tts_mp3": "http://res-tts.iciba.com/tts_dj/9/3/2/932d00ffcbdbb6d8b439efbd24372a8d.mp3", "tts_size": "13K"}]}, {"posp": "ADJ-GRADED", "tran": "\u4f7f\u4eba\u7740\u8ff7\u7684", "def": "Something that is addictive is so enjoyable that it makes you want to do it or have it a lot.", "example": [{"ex": "Video movie-making can quickly become addictive.", "tran": "\u5236\u4f5c\u89c6\u9891\u7535\u5f71\u80fd\u5f88\u5feb\u8ba9\u4eba\u5165\u8ff7\u3002", "tts_mp3": "http://res-tts.iciba.com/tts_dj/3/2/f/32f1e408af810e530b0be6fb60928950.mp3", "tts_size": "14K"}]}, {"posp": "ADJ-GRADED", "tran": "\u6613\u7740\u8ff7\u7684\uff1b\u6613\u4e0a\u763e\u7684", "def": "If someone has an addictive personality, they easily become addicted to something.", "example": [{"ex": "I have an eating disorder and an addictive personality.", "tran": "\u6211\u996e\u98df\u6ca1\u6709\u89c4\u5f8b\uff0c\u800c\u4e14\u6027\u683c\u4e0a\u5bb9\u6613\u6c89\u8ff7\u67d0\u4e8b\u3002", "tts_mp3": "http://res-tts.iciba.com/tts_dj/4/3/e/43e73516657ca69be4e834e4dd76fc56.mp3", "tts_size": "17K"}]}], "collins_star": "1", "frequency_count": 2309956, "frequency_rank": 16084}