{"ph_en": "\u0259\u02c8d\u026a\u0283\u0259nl", "ph_am": "\u0259'd\u026a\u0283\u0259nl", "ph_en_mp3": "http://res.iciba.com/resource/amp3/oxford/0/65/de/65defe88ea4dd44e9601c716932e40c4.mp3", "ph_am_mp3": "http://res.iciba.com/resource/amp3/1/0/15/61/15610cc2660e28558e4b5db089797908.mp3", "parts": [{"part": "adj.", "means": ["\u989d\u5916\u7684\uff0c\u9644\u52a0\u7684", "\u53e6\u5916\u7684\uff0c\u8ffd\u52a0\u7684", "\u8865\u5145", "\u5916\u52a0"]}], "collins": [{"posp": "ADJ", "tran": "\u989d\u5916\u7684;\u9644\u52a0\u7684;\u6dfb\u52a0\u7684", "def": "Additional things are extra things apart from the ones already present.", "example": [{"ex": "The US is sending additional troops to the region...", "tran": "\u7f8e\u56fd\u6b63\u5411\u8be5\u5730\u533a\u589e\u5175\u3002", "tts_mp3": "http://res-tts.iciba.com/tts_dj/d/3/e/d3ecbf91e957f121567a839db7a18036.mp3", "tts_size": "15K"}, {"ex": "The insurer will also have to pay the additional costs of the trial.", "tran": "\u4fdd\u9669\u516c\u53f8\u5c06\u4e0d\u5f97\u4e0d\u652f\u4ed8\u5ba1\u5224\u7684\u989d\u5916\u8d39\u7528\u3002", "tts_mp3": "http://res-tts.iciba.com/tts_dj/7/5/e/75ee115140d59af58409ab97dd04475b.mp3", "tts_size": "19K"}]}], "collins_star": "3", "frequency_count": 132187702, "frequency_rank": 585}