{"ph_en": "\u0259\u02c8dres", "ph_am": "\u02c8\u00e6dres", "ph_en_mp3": "http://res.iciba.com/resource/amp3/0/0/88/4d/884d9804999fc47a3c2694e49ad2536a.mp3", "ph_am_mp3": "http://res.iciba.com/resource/amp3/1/0/88/4d/884d9804999fc47a3c2694e49ad2536a.mp3", "parts": [{"part": "n.", "means": ["\u5730\u5740", "\u901a\u4fe1\u5904", "\u6f14\u8bf4", "\u79f0\u547c"]}, {"part": "v.", "means": ["\u5199\u59d3\u540d\u5730\u5740", "\u6f14\u8bf4", "\u5411\u2026\u8bf4\u8bdd", "\u79f0\u547c"]}], "collins": [{"posp": "N-COUNT", "tran": "\u4f4f\u5740\uff1b\u5730\u5740", "def": "Your address is the number of the house, flat, or apartment and the name of the street and the town where you live or work.", "example": [{"ex": "The address is 2025 M Street, Northwest, Washington, DC, 20036...", "tran": "\u5730\u5740\u4e3a\u534e\u76db\u987f\u7279\u533a\uff0c\u897f\u5317\u533a\uff0cM\u5927\u88572025\u53f7\uff0c\u90ae\u653f\u7f16\u780120036\u3002", "tts_mp3": "http://res-tts.iciba.com/tts_dj/9/6/0/96078d162ebaa7079d52f8b850da07e3.mp3", "tts_size": "33K"}, {"ex": "We require details of your name and address.", "tran": "\u6211\u4eec\u9700\u8981\u4f60\u7684\u59d3\u540d\u548c\u5730\u5740\u7684\u8be6\u7ec6\u4fe1\u606f\u3002", "tts_mp3": "http://res-tts.iciba.com/tts_dj/0/e/a/0ea413cfb5f5d501f00539ae842dbdef.mp3", "tts_size": "13K"}]}, {"posp": "VERB", "tran": "\u5bc4\u5f80;\u5bc4\u7ed9", "def": "If a letter, envelope, or parcel is addressed to you, your name and address have been written on it.", "example": [{"ex": "Applications should be addressed to: The business affairs editor.", "tran": "\u7533\u8bf7\u8868\u5e94\u5bc4\u7ed9;\u5546\u52a1\u7f16\u8f91\u3002", "tts_mp3": "http://res-tts.iciba.com/tts_dj/e/5/b/e5bf9f41eae95796ee295ecc77b22f0f.mp3", "tts_size": "20K"}]}, {"posp": "N-COUNT", "tran": "\u7f51\u5740", "def": "The address of a website is its location on the Internet, for example http://www.cobuild.collins.co.uk.", "example": [{"ex": "Internet addresses are also known as URLs.", "tran": "\u7f51\u5740\u4e5f\u88ab\u79f0\u4f5cURL\u3002", "tts_mp3": "http://res-tts.iciba.com/tts_dj/f/3/c/f3c5361324adbb8c8fa27de98f39e84e.mp3", "tts_size": "15K"}]}, {"posp": "N-COUNT", "tran": "\uff08\u7535\u5b50\u8868\u683c\u4e2d\u67d0\u4e2a\u5355\u5143\u683c\u7684\uff09\u4f4d\u7f6e", "def": "The address of a cell on a computer spreadsheet refers to the particular row and column number where it is located, for example 'C2' or 'N63'.", "example": []}, {"posp": "VERB", "tran": "\u5411\u2026\u4f5c\u6b63\u5f0f\u8bb2\u8bdd;\u5bf9\u2026\u53d1\u8868\u6f14\u8bf4", "def": "If you address a group of people, you give a speech to them.", "example": [{"ex": "He is due to address a conference on human rights next week.", "tran": "\u4ed6\u4e0b\u661f\u671f\u5c06\u5728\u4e00\u4e2a\u5927\u4f1a\u4e0a\u53d1\u8868\u5173\u4e8e\u4eba\u6743\u7684\u6f14\u8bf4\u3002", "tts_mp3": "http://res-tts.iciba.com/tts_dj/9/0/d/90dd925a49cf7f624700958f1caab71a.mp3", "tts_size": "18K"}]}, {"posp": "VERB", "tran": "\u5411\u2026\u8bf4\u8bdd", "def": "If you address someone or address a remark to them, you say something to them.", "example": [{"ex": "The two foreign ministers did not address each other directly when they last met...", "tran": "\u8fd9\u4e24\u4f4d\u5916\u4ea4\u90e8\u957f\u5728\u4e0a\u6b21\u4f1a\u9762\u65f6\u5e76\u6ca1\u6709\u76f4\u63a5\u7684\u8a00\u8bed\u4ea4\u6d41\u3002", "tts_mp3": "http://res-tts.iciba.com/tts_dj/4/a/1/4a16096ca1a5b01271c9bf01eac50194.mp3", "tts_size": "21K"}, {"ex": "He addressed his remarks to Eleanor, ignoring Maria.", "tran": "\u4ed6\u548c\u57c3\u8389\u8bfa\u804a\u4e86\u804a\uff0c\u800c\u6ca1\u642d\u7406\u739b\u4e3d\u4e9a\u3002", "tts_mp3": "http://res-tts.iciba.com/tts_dj/5/4/d/54d1d543ed1886d781e57789677f917a.mp3", "tts_size": "17K"}]}, {"posp": "VERB", "tran": "\u79f0\u547c\uff08\u67d0\u4eba\uff09\uff1b\u7ed9\u2026\u51a0\u4ee5\uff08\u67d0\u79cd\u79f0\u547c\uff09", "def": "If you address someone by a name or a title such as 'sir', you call them that name or title when you talk or write to them.", "example": [{"ex": "I heard him address her as darling...", "tran": "\u6211\u542c\u89c1\u4ed6\u79f0\u5979\u4e3a\u201c\u4eb2\u7231\u7684\u201d\u3002", "tts_mp3": "http://res-tts.iciba.com/tts_dj/7/8/7/78776fad3d785f9973854887d22bb4fd.mp3", "tts_size": "11K"}, {"ex": "The Duchess should be addressed as Your Grace.", "tran": "\u516c\u7235\u592b\u4eba\u5e94\u88ab\u79f0\u4e3a\u201c\u5927\u4eba\u201d\u3002", "tts_mp3": "http://res-tts.iciba.com/tts_dj/8/5/2/85274c721c7f8a0b17e0e6c51584e934.mp3", "tts_size": "14K"}]}, {"posp": "VERB", "tran": "\u5bf9\u4ed8\uff1b\u5904\u7406\uff1b\u8bbe\u6cd5\u4e86\u89e3\u5e76\u89e3\u51b3", "def": "If you address a problem or task or if you address yourself to it, you try to understand it or deal with it.", "example": [{"ex": "Mr King sought to address those fears when he spoke at the meeting...", "tran": "\u91d1\u5148\u751f\u5728\u4f1a\u4e0a\u8bb2\u8bdd\u65f6\u8bd5\u56fe\u6d88\u9664\u90a3\u4e9b\u6050\u60e7\u3002", "tts_mp3": "http://res-tts.iciba.com/tts_dj/4/a/4/4a4120eff8f34d54344cfd2e0b9e2efd.mp3", "tts_size": "18K"}, {"ex": "Throughout the book we have addressed ourselves to the problem of ethics.", "tran": "\u6574\u672c\u4e66\u4e2d\u6211\u4eec\u90fd\u5728\u63a2\u8ba8\u4f26\u7406\u89c2\u7684\u95ee\u9898\u3002", "tts_mp3": "http://res-tts.iciba.com/tts_dj/1/4/f/14f5ff6403c85eb5bcfc16569d628a40.mp3", "tts_size": "18K"}]}], "collins_star": "4", "frequency_count": 261872866, "frequency_rank": 249}