{"ph_en": "\u0259\u02c8dept", "ph_am": "\u0259\u02c8d\u025bpt", "ph_en_mp3": "http://res.iciba.com/resource/amp3/oxford/0/1b/a9/1ba92018039d6064cbe3334f61ee8861.mp3", "ph_am_mp3": "http://res.iciba.com/resource/amp3/1/0/1f/e5/1fe538d226cf8f5200895c1962a85861.mp3", "parts": [{"part": "adj.", "means": ["\u7cbe\u4e8e\u2026\u7684\uff0c\u64c5\u957f\u4e8e\u2026\u7684", "\u5de7\u5999\u7684"]}], "collins": [{"posp": "ADJ-GRADED", "tran": "\u719f\u7ec3\u7684\uff1b\u64c5\u957f\u7684\uff1b\u5185\u884c\u7684", "def": "Someone who is adept at something can do it skilfully.", "example": [{"ex": "He's usually very adept at keeping his private life out of the media...", "tran": "\u4ed6\u901a\u5e38\u5f88\u5584\u4e8e\u4f7f\u81ea\u5df1\u7684\u79c1\u751f\u6d3b\u907f\u5f00\u5a92\u4f53\u7684\u5173\u6ce8\u3002", "tts_mp3": "http://res-tts.iciba.com/tts_dj/3/8/6/3869f2fae100c3c7cf87f2d50f1b0575.mp3", "tts_size": "18K"}, {"ex": "He is an adept guitar player.", "tran": "\u4ed6\u662f\u4e2a\u5409\u4ed6\u9ad8\u624b\u3002", "tts_mp3": "http://res-tts.iciba.com/tts_dj/4/0/f/40fe0c4418d2b1569f586ab794d4ff3d.mp3", "tts_size": "9K"}]}], "collins_star": "1", "frequency_count": 1595303, "frequency_rank": 20064}