{"ph_en": "\u02c8\u00e6d\u026akw\u0259t", "ph_am": "\u02c8\u00e6d\u026akw\u026at", "ph_en_mp3": "http://res.iciba.com/resource/amp3/oxford/0/08/a8/08a8471d588d8508ab4f8e61ca317406.mp3", "ph_am_mp3": "http://res.iciba.com/resource/amp3/1/0/84/54/8454e7eea03ed6fb4b9b9fd8289cf589.mp3", "parts": [{"part": "adj.", "means": ["\u8db3\u591f\u7684", "\u9002\u5f53\u7684\uff0c\u6070\u5f53\u7684", "\u5dee\u5f3a\u4eba\u610f\u7684", "\u80dc\u4efb\u7684"]}], "collins": [{"posp": "ADJ-GRADED", "tran": "\u8db3\u591f\u7684\uff1b\u5408\u683c\u7684\uff1b\u53ef\u7528\u7684", "def": "If something is adequate, there is enough of it or it is good enough to be used or accepted.", "example": [{"ex": "One in four people worldwide are without adequate homes...", "tran": "\u5168\u4e16\u754c\u67091/4\u7684\u4eba\u6ca1\u6709\u4e2a\u50cf\u6837\u7684\u5bb6\u3002", "tts_mp3": "http://res-tts.iciba.com/tts_dj/b/6/b/b6b665c064433b1ec77108343609867f.mp3", "tts_size": "17K"}, {"ex": "The old methods weren't adequate to meet current needs...", "tran": "\u8001\u4e00\u5957\u65b9\u6cd5\u5df2\u4e0d\u8db3\u4ee5\u6ee1\u8db3\u5f53\u524d\u7684\u9700\u8981\u3002", "tts_mp3": "http://res-tts.iciba.com/tts_dj/b/5/f/b5f49832bb94c7a9dc38e8371df569b0.mp3", "tts_size": "15K"}]}], "collins_star": "3", "frequency_count": 15023940, "frequency_rank": 4555}