{"ph_en": "\u0259d\u02c8h\u026a\u0259(r)", "ph_am": "\u0259d\u02c8h\u026ar", "ph_en_mp3": "http://res.iciba.com/resource/amp3/0/0/e2/32/e2325955c56e3af895605a187bfcc3ba.mp3", "ph_am_mp3": "http://res.iciba.com/resource/amp3/1/0/e2/32/e2325955c56e3af895605a187bfcc3ba.mp3", "parts": [{"part": "vi.", "means": ["\u9ecf\u9644", "\u9644\u7740", "\u575a\u6301", "\u8ffd\u968f"]}, {"part": "vt.", "means": ["\u4f7f\u7c98\u9644", "\u9075\u5faa\uff0c\u575a\u6301", "\u8ffd\u968f\uff0c\u4f9d\u9644"]}], "collins": [{"posp": "VERB", "tran": "\u9075\u5b88\uff0c\u9075\u5faa\uff08\u89c4\u5b9a\u6216\u534f\u8bae\uff09", "def": "If you adhere to a rule or agreement, you act in the way that it says you should.", "example": [{"ex": "All members of the association adhere to a strict code of practice...", "tran": "\u534f\u4f1a\u7684\u6240\u6709\u6210\u5458\u90fd\u9075\u5b88\u4e00\u5957\u4e25\u683c\u7684\u884c\u4e3a\u89c4\u8303\u3002", "tts_mp3": "http://res-tts.iciba.com/tts_dj/e/4/3/e43abdc4a821e8e807e18f70c15971ff.mp3", "tts_size": "19K"}, {"ex": "She adhered to the strict Islamic dress code.", "tran": "\u5979\u606a\u5b88\u4f0a\u65af\u5170\u6559\u4e25\u683c\u7684\u7740\u88c5\u89c4\u5b9a\u3002", "tts_mp3": "http://res-tts.iciba.com/tts_dj/e/e/6/ee653987de5fbbce358e94eab501d3e9.mp3", "tts_size": "13K"}]}, {"posp": "VERB", "tran": "\u652f\u6301\uff0c\u62e5\u62a4\uff0c\u6301\u6709\uff08\u89c2\u70b9\u6216\u4fe1\u4ef0\uff09", "def": "If you adhere to an opinion or belief, you support or hold it.", "example": [{"ex": "He urged them to adhere to the values of Islam which defend the dignity of man.", "tran": "\u4ed6\u9f13\u52b1\u4ed6\u4eec\u575a\u5b88\u4f0a\u65af\u5170\u6559\u7ef4\u62a4\u4eba\u7c7b\u5c0a\u4e25\u7684\u4ef7\u503c\u89c2\u3002", "tts_mp3": "http://res-tts.iciba.com/tts_dj/c/e/a/cea6340ef9487eb710b0216ad61d3175.mp3", "tts_size": "23K"}]}, {"posp": "VERB", "tran": "\u9ecf\u9644\uff1b\u9644\u7740", "def": "If something adheres to something else, it sticks firmly to it.", "example": [{"ex": "Small particles adhere to the seed...", "tran": "\u5c0f\u9897\u7c92\u7262\u7262\u9644\u7740\u5728\u79cd\u5b50\u4e0a\u3002", "tts_mp3": "http://res-tts.iciba.com/tts_dj/c/e/c/cec26d183f211808e18a2dc981c4c0e7.mp3", "tts_size": "12K"}, {"ex": "This sticky compound adheres well on this surface.", "tran": "\u8fd9\u79cd\u9ecf\u6027\u7684\u5316\u5408\u7269\u80fd\u7262\u7262\u5730\u7c98\u5728\u8fd9\u4e2a\u8868\u9762\u4e0a\u3002", "tts_mp3": "http://res-tts.iciba.com/tts_dj/8/b/2/8b25cfdd8cb339c17f06af0f163ba0f3.mp3", "tts_size": "16K"}]}], "collins_star": "1", "frequency_count": 2655276, "frequency_rank": 14841}