{"ph_en": "\u0259d\u02c8hi:s\u026av", "ph_am": "\u00e6d\u02c8his\u026av, -z\u026av", "ph_en_mp3": "http://res.iciba.com/resource/amp3/oxford/0/69/c9/69c923087dc0f61d4aa7d5a5d6ab86b4.mp3", "ph_am_mp3": "http://res.iciba.com/resource/amp3/1/0/4b/42/4b427b9686cf5554ab0925cff7fc03f5.mp3", "parts": [{"part": "n.", "means": ["\u9ecf\u5408\u5242\uff0c\u7c98\u7740\u5242"]}, {"part": "adj.", "means": ["\u53ef\u9ecf\u7740\u7684\uff0c\u9ecf\u6027\u7684"]}], "collins": [{"posp": "N-MASS", "tran": "\u9ecf\u5408\u5242;\u80f6\u9ecf\u5242", "def": "An adhesive is a substance such as glue, which is used to make things stick firmly together.", "example": [{"ex": "Glue the mirror in with a strong adhesive.", "tran": "\u7528\u5f3a\u529b\u80f6\u5c06\u955c\u5b50\u56fa\u5b9a\u5230\u4f4d\u3002", "tts_mp3": "http://res-tts.iciba.com/tts_dj/c/9/f/c9fa18fac206312a8ce497d4dd768a0c.mp3", "tts_size": "12K"}]}, {"posp": "ADJ-GRADED", "tran": "\u9ecf\u5408\u7684\uff1b\u9ecf\u7740\u7684\uff1b\u6709\u9644\u7740\u529b\u7684", "def": "An adhesive substance is able to stick firmly to something else.", "example": [{"ex": "...adhesive tape.", "tran": "\u80f6\u5e26", "tts_mp3": "http://res-tts.iciba.com/tts_dj/a/3/5/a3533358784619a24e3e7cfa46d81a7a.mp3", "tts_size": "6K"}]}], "collins_star": "1", "frequency_count": 4585279, "frequency_rank": 10643}