{"ph_en": "\u0259d\u02c8h\u026a\u0259r\u0259ns", "ph_am": "\u0259d\u02c8h\u026ar\u0259ns", "ph_en_mp3": "http://res.iciba.com/resource/amp3/oxford/0/8b/30/8b30ed99a72055f1c1975d9c438d85f7.mp3", "ph_am_mp3": "http://res.iciba.com/resource/amp3/1/0/c1/2d/c12deff8310d6be9f198d6cf3e1eabc3.mp3", "parts": [{"part": "n.", "means": ["\u4f9d\u9644", "\u575a\u6301", "\u5fe0\u8bda", "\u5bc6\u7740"]}], "collins": [{"posp": "N-UNCOUNT", "tran": "\u575a\u6301\uff1b\u9075\u5b88\uff1b\u9075\u5faa", "def": "Adherence is the fact of adhering to a particular rule, agreement, or belief.", "example": [{"ex": "...strict adherence to the constitution.", "tran": "\u4e25\u683c\u9075\u5b88\u5baa\u6cd5", "tts_mp3": "http://res-tts.iciba.com/tts_dj/e/0/6/e06f0f0dc384c8f54c7cc1cf638f0c40.mp3", "tts_size": "12K"}]}], "collins_star": "1", "frequency_count": 1889709, "frequency_rank": 18143}