{"ph_en": "\u0259\u02c8d\u0292e\u026asnt", "ph_am": "\u0259\u02c8d\u0292es\u0259nt", "ph_en_mp3": "http://res.iciba.com/resource/amp3/oxford/0/dd/80/dd8095547d78fddb16bed61fc0616bad.mp3", "ph_am_mp3": "http://res.iciba.com/resource/amp3/1/0/b3/67/b367c0426f1719ac592a56ff58f8f348.mp3", "parts": [{"part": "adj.", "means": ["\u90bb\u8fd1\u7684\uff0c\u6bd7\u90bb\u7684", "\uff08\u65f6\u95f4\u4e0a\uff09\u7d27\u63a5\u7740\u7684", "\u76f8\u90bb"]}], "collins": [{"posp": "ADJ", "tran": "\u90bb\u8fd1\u7684\uff1b\u6bd7\u8fde\u7684", "def": "If one thing is adjacent to another, the two things are next to each other.", "example": [{"ex": "He sat in an adjacent room and waited...", "tran": "\u4ed6\u5750\u5728\u9694\u58c1\u623f\u95f4\u91cc\u7b49\u5019\u3002", "tts_mp3": "http://res-tts.iciba.com/tts_dj/d/e/a/dea90bfc627c2ac9673b4bcf78a8351f.mp3", "tts_size": "12K"}, {"ex": "The schools were adjacent but there were separate doors.", "tran": "\u8fd9\u4e9b\u5b66\u6821\u7d27\u6328\u7740\uff0c\u4f46\u5404\u81ea\u72ec\u95e8\u72ec\u6237\u3002", "tts_mp3": "http://res-tts.iciba.com/tts_dj/4/3/7/43724179d4e5c3f6ac06a915bec2669b.mp3", "tts_size": "15K"}]}], "collins_star": "1", "frequency_count": 9869232, "frequency_rank": 6247}