{"ph_en": "\u02c8\u00e6d\u0292\u026akt\u026av", "ph_am": "\u02c8\u00e6d\u0292\u026akt\u026av", "ph_en_mp3": "http://res.iciba.com/resource/amp3/oxford/0/d8/2d/d82d89fc15cbe94c60e7c000a855cc71.mp3", "ph_am_mp3": "http://res.iciba.com/resource/amp3/1/0/d8/07/d807ae6a52090d45e3499bc2d862a6c0.mp3", "parts": [{"part": "n.", "means": ["\u5f62\u5bb9\u8bcd"]}, {"part": "adj.", "means": ["\u5f62\u5bb9\u8bcd\u7684", "\u9644\u5c5e\u7684\uff0c\u4e0d\u72ec\u7acb\u7684", "[\u6cd5]\u6709\u5173\u7a0b\u5e8f\u7684"]}], "collins": [{"posp": "N-COUNT", "tran": "\u5f62\u5bb9\u8bcd", "def": "An adjective is a word such as 'big', 'dead', or 'financial' that describes a person or thing, or gives extra information about them. Adjectives usually come before nouns or after link verbs.", "example": []}], "collins_star": "1", "frequency_count": 1177613, "frequency_rank": 23913}