{"ph_en": "\u0259\u02c8d\u0292\u025c:n", "ph_am": "\u0259\u02c8d\u0292\u025crn", "ph_en_mp3": "http://res.iciba.com/resource/amp3/0/0/6d/fe/6dfec71e2b2502048331240d966f05a5.mp3", "ph_am_mp3": "http://res.iciba.com/resource/amp3/1/0/6d/fe/6dfec71e2b2502048331240d966f05a5.mp3", "parts": [{"part": "vt.& vi.", "means": ["\uff08\u4f7f\uff09\u4f11\u4f1a\uff0c\uff08\u4f7f\uff09\u4f11\u5ead"]}], "collins": [{"posp": "V-ERG", "tran": "\u4f11\uff08\u4f1a\uff09\uff1b\u4f11\uff08\u5ead\uff09", "def": "If a meeting or trial is adjourned or if it adjourns, it is stopped for a short time.", "example": [{"ex": "The proceedings have now been adjourned until next week...", "tran": "\u4f1a\u8bae\u4f11\u4f1a\u81f3\u4e0b\u5468\u91cd\u5f00\u3002", "tts_mp3": "http://res-tts.iciba.com/tts_dj/2/6/2/262c761ef63c6a071fb05cdb6659fa68.mp3", "tts_size": "15K"}, {"ex": "I am afraid the court may not adjourn until three or even later.", "tran": "\u6211\u62c5\u5fc3\u6cd5\u5ead\u8981\u52303\u70b9\u6216\u66f4\u665a\u65f6\u624d\u4f1a\u4f11\u5ead\u3002", "tts_mp3": "http://res-tts.iciba.com/tts_dj/f/f/6/ff60ba67b6e5310d2f9c49f90dae6812.mp3", "tts_size": "18K"}]}], "collins_star": "1", "frequency_count": 957864, "frequency_rank": 26952}