{"ph_en": "\u0259\u02c8d\u0292\u0254\u026an", "ph_am": "\u0259\u02c8d\u0292\u0254\u026an", "ph_en_mp3": "http://res.iciba.com/resource/amp3/oxford/0/f9/32/f9327d0798fce9881e1ba2516cbe937a.mp3", "ph_am_mp3": "http://res.iciba.com/resource/amp3/1/0/6f/0d/6f0d8df96254f11fee62f8fd35f1095b.mp3", "parts": [{"part": "vt.& vi.", "means": ["\u90bb\u8fd1\uff0c\u6bd7\u8fde", "\u63a5\uff0c\u8d34\u8fde", "\u9644\u52a0\uff0c\u4f7f\u7ed3\u5408"]}], "collins": [{"posp": "VERB", "tran": "\u7d27\u6328\uff1b\u90bb\u63a5\uff1b\u6bd7\u8fde", "def": "If one room, place, or object adjoins another, they are next to each other.", "example": [{"ex": "Fields adjoined the garden and there were no neighbours...", "tran": "\u7530\u56ed\u76f8\u8fde\uff0c\u56db\u4e0b\u65e0\u90bb\u3002", "tts_mp3": "http://res-tts.iciba.com/tts_dj/e/a/1/ea10279bff41b2885d2fc61a36d9d965.mp3", "tts_size": "14K"}, {"ex": "We waited in an adjoining office.", "tran": "\u6211\u4eec\u5728\u65c1\u8fb9\u7684\u529e\u516c\u5ba4\u91cc\u7b49\u5019\u3002", "tts_mp3": "http://res-tts.iciba.com/tts_dj/5/1/6/51615ea1ed30bf23fc8b5e8c1c21dfc8.mp3", "tts_size": "10K"}]}], "collins_star": "1", "frequency_count": 0, "frequency_rank": 0}