{"ph_en": "\u0259\u02c8d\u0292\u028cst", "ph_am": "\u0259\u02c8d\u0292\u028cst", "ph_en_mp3": "http://res.iciba.com/resource/amp3/oxford/0/d2/05/d2056a6a7b73c9c3d43c78c27680c403.mp3", "ph_am_mp3": "http://res.iciba.com/resource/amp3/1/0/3b/77/3b7770f7743e8f01f0fd807f304a21d0.mp3", "parts": [{"part": "vt.& vi.", "means": ["\uff08\u6539\u53d8\u2026\u4ee5\uff09\u9002\u5e94\uff0c\u8c03\u6574\uff0c\u6821\u6b63", "\u8c03\u51c6\uff08\u671b\u8fdc\u955c\u7b49\uff09\uff0c\u5bf9\u51c6\uff0c\u6821\u6b63\uff0c\u6821\u51c6\uff08\u673a\u68b0\u7b49\uff09", "\u6838\u7b97\uff08\u76c8\u4e8f\uff09", "[\u4fdd]\u8bc4\u5b9a\uff08\u8d54\u507f\u8981\u6c42\uff09"]}], "collins": [{"posp": "VERB", "tran": "\u6539\u53d8\uff08\u884c\u4e3a\u6216\u89c2\u70b9\uff09\u4ee5\u9002\u5e94;\u8c03\u8282;\u4e60\u60ef", "def": "When you adjust to a new situation, you get used to it by changing your behaviour or your ideas.", "example": [{"ex": "We have been preparing our fighters to adjust themselves to civil society...", "tran": "\u6211\u4eec\u4e00\u76f4\u5728\u57f9\u8bad\u6211\u4eec\u7684\u6218\u58eb\uff0c\u4ee5\u4f7f\u4ed6\u4eec\u9002\u5e94\u666e\u901a\u7684\u793e\u4f1a\u751f\u6d3b\u3002", "tts_mp3": "http://res-tts.iciba.com/tts_dj/e/0/9/e0934184da8fd1429ecc146963f1b2c2.mp3", "tts_size": "21K"}, {"ex": "I felt I had adjusted to the idea of being a mother very well...", "tran": "\u6211\u611f\u5230\u81ea\u5df1\u5df2\u7ecf\u5b8c\u5168\u63a5\u53d7\u4e86\u5f53\u5988\u5988\u7684\u60f3\u6cd5\u3002", "tts_mp3": "http://res-tts.iciba.com/tts_dj/3/c/a/3ca2fd89a1db4a634686aee1e39cdbcc.mp3", "tts_size": "19K"}]}, {"posp": "VERB", "tran": "\u8c03\u6574\uff1b\u8c03\u8282", "def": "If you adjust something, you change it so that it is more effective or appropriate.", "example": [{"ex": "To attract investors, Panama has adjusted its tax and labour laws.", "tran": "\u4e3a\u5438\u5f15\u6295\u8d44\u8005\uff0c\u5df4\u62ff\u9a6c\u8c03\u6574\u4e86\u7a0e\u6cd5\u548c\u52b3\u52a8\u6cd5\u3002", "tts_mp3": "http://res-tts.iciba.com/tts_dj/8/6/2/8628731598479587eded5aa2de3594ff.mp3", "tts_size": "23K"}]}, {"posp": "VERB", "tran": "\u6574\u7406\uff08\u8863\u670d\uff09\uff1b\u6821\u6b63\uff0c\u6821\u51c6\uff08\u673a\u5668\uff09", "def": "If you adjust something such as your clothing or a machine, you correct or alter its position or setting.", "example": [{"ex": "She adjusted her head scarf fussily...", "tran": "\u5979\u5c0f\u9898\u5927\u505a\u5730\u6574\u4e86\u6574\u5934\u5dfe\u3002", "tts_mp3": "http://res-tts.iciba.com/tts_dj/a/3/3/a33b99a3236890642915a1d8d1d9ea91.mp3", "tts_size": "11K"}, {"ex": "Liz adjusted her mirror and then edged the car out of its parking bay.", "tran": "\u8389\u5179\u8c03\u4e86\u8c03\u540e\u89c6\u955c\uff0c\u5c06\u8f66\u5b50\u632a\u51fa\u4e86\u505c\u8f66\u4f4d\u3002", "tts_mp3": "http://res-tts.iciba.com/tts_dj/1/0/9/10989d22dfd3f93d05821761141f5d73.mp3", "tts_size": "19K"}]}, {"posp": "V-ERG", "tran": "\uff08\u4f7f\uff09\u9002\u5e94\uff08\u5149\u7ebf\u53d8\u5316\uff09", "def": "If you adjust your vision or if your vision adjusts, the muscles of your eye or the pupils alter to cope with changes in light or distance.", "example": [{"ex": "He stopped to try to adjust his vision to the faint starlight...", "tran": "\u4ed6\u505c\u4e0b\u811a\u6b65\u8bd5\u7740\u8ba9\u773c\u775b\u9002\u5e94\u5fae\u5f31\u7684\u661f\u5149\u3002", "tts_mp3": "http://res-tts.iciba.com/tts_dj/c/2/d/c2d87f3dc8c800f8ffbdefdb0ba3c0f0.mp3", "tts_size": "16K"}, {"ex": "We stood in the doorway until our eyes adjusted...", "tran": "\u6211\u4eec\u7ad9\u5728\u95e8\u53e3\u76f4\u5230\u773c\u775b\u9002\u5e94\u4e86\u5149\u7ebf\u7684\u53d8\u5316\u3002", "tts_mp3": "http://res-tts.iciba.com/tts_dj/d/9/2/d9295c7d9118d8da8eba4fc74e56c057.mp3", "tts_size": "14K"}]}], "collins_star": "3", "frequency_count": 9115016, "frequency_rank": 6635}