{"ph_en": "\u0259\u02c8d\u0292\u028cstm\u0259nt", "ph_am": "\u0259\u02c8d\u0292\u028cstm\u0259nt", "ph_en_mp3": "http://res.iciba.com/resource/amp3/oxford/0/21/b7/21b78604d528de832ba5021d7ddd7429.mp3", "ph_am_mp3": "http://res.iciba.com/resource/amp3/1/0/0e/91/0e914cc98cda08103685107f54ecd01c.mp3", "parts": [{"part": "n.", "means": ["\u8c03\u89e3\uff0c\u8c03\u6574", "\u8c03\u8282\u5668", "\u8c03\u89e3\uff0c\u8c03\u505c", "\uff08\u8d54\u507f\u635f\u5931\u7684\uff09\u6e05\u7b97"]}], "collins": [{"posp": "N-COUNT", "tran": "\u8c03\u6574\uff1b\u6821\u6b63\uff1b\u6821\u51c6", "def": "An adjustment is a small change that is made to something such as a machine or a way of doing something.", "example": [{"ex": "Compensation could be made by adjustments to taxation...", "tran": "\u901a\u8fc7\u8c03\u6574\u7a0e\u6536\u53ef\u4ee5\u4f5c\u51fa\u8865\u507f\u3002", "tts_mp3": "http://res-tts.iciba.com/tts_dj/6/7/c/67cc03d7693965233e4a20903ad37a9b.mp3", "tts_size": "18K"}, {"ex": "Investment is up by 5.7% after adjustment for inflation.", "tran": "\u9488\u5bf9\u901a\u8d27\u81a8\u80c0\u4f5c\u51fa\u8c03\u6574\u4e4b\u540e\u6295\u8d44\u4e0a\u5347\u4e865.7%\u3002", "tts_mp3": "http://res-tts.iciba.com/tts_dj/b/e/4/be4782691790ee35437409f5ec714497.mp3", "tts_size": "24K"}]}, {"posp": "N-COUNT", "tran": "\uff08\u884c\u4e3a\u6216\u601d\u60f3\u7684\uff09\u8c03\u6574\uff0c\u8f6c\u53d8", "def": "An adjustment is a change in a person's behaviour or thinking.", "example": [{"ex": "He will have to make major adjustments to his thinking if he is to survive in office.", "tran": "\u8981\u60f3\u4fdd\u4f4f\u8fd9\u4efd\u5de5\u4f5c\uff0c\u4ed6\u5c31\u5fc5\u987b\u5728\u89c2\u5ff5\u4e0a\u4f5c\u51fa\u91cd\u5927\u7684\u8f6c\u53d8\u3002", "tts_mp3": "http://res-tts.iciba.com/tts_dj/4/0/f/40f121e66ea0908318642bae3634efc2.mp3", "tts_size": "22K"}]}], "collins_star": "2", "frequency_count": 12343670, "frequency_rank": 5293}