{"ph_en": "\u0259\u02c8d\u0292\u028cst\u0259bl", "ph_am": "\u0259'd\u0292\u028cst\u0259bl\u0323", "ph_en_mp3": "http://res.iciba.com/resource/amp3/oxford/0/94/f7/94f7cd5abd642ae143fdfaa410271a7d.mp3", "ph_am_mp3": "http://res.iciba.com/resource/amp3/1/0/e3/83/e383f291730b7c9fd0f4e83edfb26c6b.mp3", "parts": [{"part": "adj.", "means": ["\u53ef\u8c03\u6574\u7684\uff0c\u53ef\u8c03\u8282\u7684"]}], "collins": [{"posp": "ADJ", "tran": "\uff08\u4f4d\u7f6e\u6216\u5927\u5c0f\uff09\u53ef\u8c03\u6574\u7684", "def": "If something is adjustable, it can be changed to different positions or sizes.", "example": [{"ex": "The bags have adjustable shoulder straps...", "tran": "\u8fd9\u4e9b\u5305\u7684\u80a9\u5e26\u53ef\u4ee5\u8c03\u6574\u3002", "tts_mp3": "http://res-tts.iciba.com/tts_dj/5/4/3/543de16c667311dad486e92b34f8ab31.mp3", "tts_size": "13K"}, {"ex": "The seats are fully adjustable.", "tran": "\u5ea7\u4f4d\u53ef\u4ee5\u5168\u65b9\u4f4d\u8c03\u8282\u3002", "tts_mp3": "http://res-tts.iciba.com/tts_dj/a/9/6/a9646103a5de9e14acaa948e04bab4ed.mp3", "tts_size": "10K"}]}], "collins_star": "1", "frequency_count": 11757528, "frequency_rank": 5487}