{"ph_en": "\u02cc\u00e6dm\u0259\u02c8re\u026a\u0283n", "ph_am": "\u02cc\u00e6dm\u0259\u02c8re\u0283\u0259n", "ph_en_mp3": "http://res.iciba.com/resource/amp3/oxford/0/79/3d/793d2940dc9fd33da3e0300390f70287.mp3", "ph_am_mp3": "http://res.iciba.com/resource/amp3/1/0/26/68/26689c5f2aa286281008cd08429c364a.mp3", "parts": [{"part": "n.", "means": ["\u94a6\u4f69\uff0c\u8d5e\u7f8e", "\u5f15\u4eba\u8d5e\u7f8e\u7684\u4eba\u6216\u7269", "\u6000\u7740\u5bf9\u2026\u7684\u8d5e\u7f8e"]}], "collins": [{"posp": "N-UNCOUNT", "tran": "\u94a6\u4f69\uff1b\u7fa1\u6155\uff1b\u8d5e\u8d4f", "def": "Admiration is a feeling of great liking and respect for a person or thing.", "example": [{"ex": "I have always had the greatest admiration for him...", "tran": "\u6211\u59cb\u7ec8\u5bf9\u4ed6\u6700\u4e3a\u94a6\u4f69\u3002", "tts_mp3": "http://res-tts.iciba.com/tts_dj/3/2/c/32c6b2d6019d20baa3cdd5cb4e31ea38.mp3", "tts_size": "15K"}, {"ex": "Meg's eyes widened in admiration.", "tran": "\u6885\u683c\u7fa1\u6155\u5730\u7741\u5927\u4e86\u53cc\u773c\u3002", "tts_mp3": "http://res-tts.iciba.com/tts_dj/2/b/9/2b9904ec190786618a786b48a80e13a9.mp3", "tts_size": "12K"}]}], "collins_star": "2", "frequency_count": 1255669, "frequency_rank": 23032}