{"ph_en": "\u0259d\u02c8m\u026a\u0283n", "ph_am": "\u00e6d\u02c8m\u026a\u0283\u0259n", "ph_en_mp3": "http://res.iciba.com/resource/amp3/oxford/0/ad/a5/ada5e440ce8b72b9f95841422217d678.mp3", "ph_am_mp3": "http://res.iciba.com/resource/amp3/1/0/28/1e/281edb7c3cf81e3b67aaa09df4e313f5.mp3", "parts": [{"part": "n.", "means": ["\u51c6\u8bb8\u8fdb\u5165", "\u627f\u8ba4", "\u5766\u767d", "\u5165\u573a\u8d39"]}], "collins": [{"posp": "N-VAR", "tran": "\u51c6\u8bb8\u8fdb\u5165\uff1b\u51c6\u8bb8\u52a0\u5165\uff1b\u8fdb\u5165\uff1b\u52a0\u5165", "def": "Admission is permission given to a person to enter a place, or permission given to a country to enter an organization. Admission is also the act of entering a place.", "example": [{"ex": "Students apply for admission to a particular college...", "tran": "\u5b66\u751f\u4eec\u7533\u8bf7\u4e0a\u67d0\u6240\u5927\u5b66\u3002", "tts_mp3": "http://res-tts.iciba.com/tts_dj/5/1/9/519fdca7943a5c4407ea80a54cb5728e.mp3", "tts_size": "16K"}, {"ex": "Poland and Czechoslovakia have vigorously pursued admission to the European Community...", "tran": "\u6ce2\u5170\u548c\u6377\u514b\u65af\u6d1b\u4f10\u514b\u5df2\u7ecf\u79ef\u6781\u5bfb\u6c42\u52a0\u5165\u6b27\u5171\u4f53\u3002", "tts_mp3": "http://res-tts.iciba.com/tts_dj/0/1/b/01bdccc08aa218305da8087ae762bb44.mp3", "tts_size": "25K"}]}, {"posp": "N-PLURAL", "tran": "\u83b7\u51c6\u5165\u5b66\u8005", "def": "Admissions to a place such as a school or university are the people who are allowed to enter or join it.", "example": [{"ex": "Each school sets its own admissions policy.", "tran": "\u6bcf\u6240\u5b66\u6821\u5236\u5b9a\u5404\u81ea\u7684\u5f55\u53d6\u653f\u7b56\u3002", "tts_mp3": "http://res-tts.iciba.com/tts_dj/f/a/2/fa2d672dc64425c031adfdc6cb55c350.mp3", "tts_size": "14K"}]}, {"posp": "N-UNCOUNT", "tran": "\u5165\u573a\u8d39\uff1b\u95e8\u7968\u8d39", "def": "Admission at a park, museum, or other place is the amount of money that you pay to enter it.", "example": [{"ex": "Gates open at 10.30am and admission is free.", "tran": "\u65e9\u4e0a10:30\u5f00\u95e8\uff0c\u514d\u8d39\u5165\u573a\u3002", "tts_mp3": "http://res-tts.iciba.com/tts_dj/0/d/3/0d3445a5854f88a0eda6ae52cce2edf0.mp3", "tts_size": "18K"}]}, {"posp": "N-VAR", "tran": "\uff08\u5bf9\u8fc7\u9519\u7b49\u7684\uff09\u627f\u8ba4\uff0c\u4f9b\u8ba4", "def": "An admission is a statement that something bad, unpleasant, or embarrassing is true.", "example": [{"ex": "By his own admission, he is not playing well...", "tran": "\u4ed6\u81ea\u5df1\u627f\u8ba4\u8868\u73b0\u6b20\u4f73\u3002", "tts_mp3": "http://res-tts.iciba.com/tts_dj/d/c/f/dcf5b90b49b005d3ff926a4d498bda31.mp3", "tts_size": "15K"}, {"ex": "She wanted some admission of guilt from her father.", "tran": "\u5979\u671f\u5f85\u5979\u7236\u4eb2\u80fd\u591f\u8ba4\u7f6a\u3002", "tts_mp3": "http://res-tts.iciba.com/tts_dj/a/8/3/a8306d8f46b36fc7ecc4d314e4345290.mp3", "tts_size": "14K"}]}], "collins_star": "2", "frequency_count": 16356727, "frequency_rank": 4272}