{"ph_en": "\u0259d\u02c8ma\u026a\u0259r\u0259(r)", "ph_am": "\u0259d\u02c8ma\u026a\u0259r\u0259r", "ph_en_mp3": "http://res.iciba.com/resource/amp3/oxford/0/c3/e1/c3e1420cd41441e75887f6d8082c7ee1.mp3", "ph_am_mp3": "http://res.iciba.com/resource/amp3/1/0/17/38/17381a989ad09c0997d5e7117488f9a9.mp3", "parts": [{"part": "n.", "means": ["\u8d5e\u8d4f\u8005", "\u7fa1\u6155\u8005", "\u5d07\u62dc\u8005", "\uff08\u5973\u5b50\u7684\uff09\u7231\u6155\u8005"]}], "collins": [{"posp": "N-COUNT", "tran": "\u94a6\u4f69\u8005\uff1b\u6b23\u8d4f\u8005", "def": "If you are an admirer of someone, you like and respect them or their work very much.", "example": [{"ex": "He was an admirer of her grandfather's paintings.", "tran": "\u4ed6\u975e\u5e38\u6b23\u8d4f\u5979\u7956\u7236\u7684\u753b\u4f5c\u3002", "tts_mp3": "http://res-tts.iciba.com/tts_dj/3/4/a/34a1fc8e522cfc61edf07d647dccff67.mp3", "tts_size": "14K"}]}, {"posp": "N-COUNT", "tran": "\uff08\u5973\u4eba\u7684\uff09\u8ffd\u6c42\u8005,\u7231\u6155\u8005", "def": "A woman's admirers are the men who are attracted to her.", "example": [{"ex": "Johnny was the most persistent and most harmless of her admirers.", "tran": "\u7ea6\u7ff0\u5c3c\u662f\u8ffd\u5979\u7684\u4eba\u4e2d\u6700\u75f4\u5fc3\u3001\u6700\u6ca1\u6709\u5fc3\u673a\u7684\u4e00\u4e2a\u3002", "tts_mp3": "http://res-tts.iciba.com/tts_dj/8/5/4/85452965673f39c249ba18a793f0fb82.mp3", "tts_size": "20K"}]}], "collins_star": "1", "frequency_count": 372023, "frequency_rank": 46836}