{"ph_en": "\u0259d\u02c8m\u026an\u026astr\u0259t\u026av", "ph_am": "\u0259d\u02c8m\u026an\u026astre\u026at\u026av", "ph_en_mp3": "http://res.iciba.com/resource/amp3/oxford/0/14/70/1470a5fa592a8766b352f4aba57ea10d.mp3", "ph_am_mp3": "http://res.iciba.com/resource/amp3/1/0/09/70/09707f5ba4ef21bcd3baa99ed5c10d12.mp3", "parts": [{"part": "adj.", "means": ["\u7ba1\u7406\u7684\uff0c\u884c\u653f\u7684", "\u884c\u653f\u804c\u4f4d", "\u975e\u6218\u6597\u6027\u884c\u653f\u52e4\u52a1\u7684"]}], "collins": [{"posp": "ADJ", "tran": "\u7ecf\u8425\u7684\uff1b\u7ba1\u7406\u7684\uff1b\u884c\u653f\u7684", "def": "Administrative work involves organizing and supervising an organization or institution.", "example": [{"ex": "Other industries have had to sack managers to reduce administrative costs...", "tran": "\u5176\u4ed6\u884c\u4e1a\u53ea\u5f97\u7cbe\u7b80\u7ba1\u7406\u4eba\u5458\u4ee5\u51cf\u5c11\u884c\u653f\u5f00\u652f\u3002", "tts_mp3": "http://res-tts.iciba.com/tts_dj/3/1/5/31579275aee0d581b82d1f5c96bde12c.mp3", "tts_size": "22K"}, {"ex": "The project will have an administrative staff of 12.", "tran": "\u9879\u76ee\u5c06\u5305\u62ec\u4e00\u4e2a12\u4eba\u7ec4\u6210\u7684\u7ba1\u7406\u5c0f\u7ec4\u3002", "tts_mp3": "http://res-tts.iciba.com/tts_dj/3/f/1/3f1888147b5395376c65947d916033c2.mp3", "tts_size": "16K"}]}], "collins_star": "2", "frequency_count": 38339299, "frequency_rank": 2106}