{"ph_en": "\u0259d\u02c8m\u026an\u026astre\u026at\u0259(r)", "ph_am": "\u00e6d\u02c8m\u026an\u026a\u02ccstret\u025a", "ph_en_mp3": "http://res.iciba.com/resource/amp3/oxford/0/23/28/2328e5bb617f022c5d353800a07051b2.mp3", "ph_am_mp3": "http://res.iciba.com/resource/amp3/1/0/20/0c/200ceb26807d6bf99fd6f4f0d1ca54d4.mp3", "parts": [{"part": "n.", "means": ["\u7ba1\u7406\u8005", "\u6709\u7ba1\u7406\uff08\u6216\u884c\u653f\uff09\u624d\u80fd\u7684\u4eba", "[\u6cd5]\uff08\u7531\u9057\u5631\u68c0\u9a8c\u6cd5\u5ead\u6307\u5b9a\u7684\uff09\u9057\u4ea7\u7ba1\u7406\u4eba", "\u5730\u4ea7\u7ba1\u7406\u4eba"]}], "collins": [{"posp": "N-COUNT", "tran": "\u7ecf\u8425\u8005\uff1b\u7ba1\u7406\u8005\uff1b\u76d1\u7763\u8005", "def": "An administrator is a person whose job involves helping to organize and supervise the way that an organization or institution functions.", "example": []}], "collins_star": "2", "frequency_count": 29589707, "frequency_rank": 2697}