{"ph_en": "\u02c8\u00e6dm\u0259r\u0259l", "ph_am": "\u02c8\u00e6dm\u0259r\u0259l", "ph_en_mp3": "http://res.iciba.com/resource/amp3/oxford/0/ac/52/ac5299142a6c820e937e21ba0b4a32ae.mp3", "ph_am_mp3": "http://res.iciba.com/resource/amp3/1/0/fb/f6/fbf65f0ee1cefca87d627b620f19a037.mp3", "parts": [{"part": "n.", "means": ["\u6d77\u519b\u5c06\u9886", "\u8230\u961f\u53f8\u4ee4", "\u65d7\u8230", "\u6e14\u8239\u961f\u957f\uff0c\u5546\u8239\u961f\u957f"]}], "collins": [{"posp": "N-COUNT; N-TITLE", "tran": "\u6d77\u519b\u4e0a\u5c06;\u6d77\u519b\u5c06\u519b;\u8230\u961f\u53f8\u4ee4", "def": "An admiral is a very senior officer who commands a navy.", "example": [{"ex": "...Admiral Hodges.", "tran": "\u6d77\u519b\u4e0a\u5c06\u970d\u5947\u65af", "tts_mp3": "http://res-tts.iciba.com/tts_dj/0/5/9/05967c6bed532be7a24a6c6a8bddca7f.mp3", "tts_size": "7K"}]}], "collins_star": "2", "frequency_count": 2894800, "frequency_rank": 14120}