{"ph_en": "\u0259d\u02c8m\u026at", "ph_am": "\u00e6d\u02c8m\u026at", "ph_en_mp3": "http://res.iciba.com/resource/amp3/oxford/0/85/8a/858a05a05ec9e183eb1cd7d5864bc89d.mp3", "ph_am_mp3": "http://res.iciba.com/resource/amp3/1/0/8d/8b/8d8bfbd10b5f6d48eb9691bb4871de62.mp3", "parts": [{"part": "vt.& vi.", "means": ["\u8bb8\u53ef\u8fdb\u5165", "\u627f\u8ba4\uff0c\u4f9b\u8ba4"]}, {"part": "vt.", "means": ["\u5141\u8bb8", "\u786e\u8ba4"]}, {"part": "vi.", "means": ["\u627f\u8ba4", "\u5141\u8bb8"]}], "collins": [{"posp": "VERB", "tran": "\uff08\u5e38\u6307\u4e0d\u60c5\u613f\u5730\uff09\u627f\u8ba4\uff0c\u4f9b\u8ba4", "def": "If you admit that something bad, unpleasant, or embarrassing is true, you agree, often unwillingly, that it is true.", "example": [{"ex": "I am willing to admit that I do make mistakes...", "tran": "\u6211\u613f\u610f\u627f\u8ba4\u6211\u786e\u5b9e\u4f1a\u72af\u9519\u3002", "tts_mp3": "http://res-tts.iciba.com/tts_dj/d/8/6/d866a8ac5229bb9acf0ce00ff80fb8db.mp3", "tts_size": "14K"}, {"ex": "Up to two thirds of 14 to 16 year olds admit to buying drink illegally...", "tran": "14\u523016\u5c81\u7684\u9752\u5c11\u5e74\u4e2d\u591a\u8fbe2/3\u7684\u4eba\u627f\u8ba4\u975e\u6cd5\u4e70\u8fc7\u9152\u3002", "tts_mp3": "http://res-tts.iciba.com/tts_dj/6/b/e/6be694cb56ae8937e4427a5912fda157.mp3", "tts_size": "22K"}]}, {"posp": "VERB", "tran": "\u63a5\u53d7\uff08\u5165\u9662\uff09\uff1b\u6536\u6cbb", "def": "If someone is admitted to hospital, they are taken into hospital for treatment and kept there until they are well enough to go home.", "example": [{"ex": "She was admitted to hospital with a soaring temperature...", "tran": "\u5979\u56e0\u53d1\u9ad8\u70e7\u88ab\u9001\u8fdb\u533b\u9662\u3002", "tts_mp3": "http://res-tts.iciba.com/tts_dj/2/9/2/292e2b71f76865ae248683524d17891e.mp3", "tts_size": "15K"}, {"ex": "He was admitted yesterday for treatment of blood clots in his lungs.", "tran": "\u4ed6\u6628\u5929\u5165\u9662\u6cbb\u7597\u80ba\u90e8\u7684\u8840\u5757\u3002", "tts_mp3": "http://res-tts.iciba.com/tts_dj/9/2/4/924aa3279dbdb3d60fa1636bf790d11d.mp3", "tts_size": "19K"}]}, {"posp": "VERB", "tran": "\u51c6\u8bb8\u2026\u52a0\u5165\uff1b\u63a5\u7eb3\uff1b\u62db\u6536", "def": "If someone is admitted to an organization or group, they are allowed to join it.", "example": [{"ex": "He was admitted to the Academie Culinaire de France...", "tran": "\u4ed6\u83b7\u51c6\u52a0\u5165\u6cd5\u5170\u897f\u53a8\u827a\u5b66\u4f1a\u3002", "tts_mp3": "http://res-tts.iciba.com/tts_dj/a/0/0/a00c6433a5b4dfdc8fc8bebedd32b03f.mp3", "tts_size": "15K"}, {"ex": "The Parachute Regiment could be forced to admit women.", "tran": "\u4f1e\u5175\u56e2\u53ef\u80fd\u4f1a\u88ab\u8feb\u62db\u6536\u5973\u6027\u3002", "tts_mp3": "http://res-tts.iciba.com/tts_dj/c/6/3/c632603c2e2ca6059a8dedd5ed8b7e34.mp3", "tts_size": "15K"}]}, {"posp": "VERB", "tran": "\u51c6\u8bb8\u2026\u8fdb\u5165", "def": "To admit someone to a place means to allow them to enter it.", "example": [{"ex": "Embassy security personnel refused to admit him or his wife...", "tran": "\u4f7f\u9986\u4fdd\u5b89\u4eba\u5458\u4e0d\u5141\u8bb8\u4ed6\u548c\u592b\u4eba\u8fdb\u5165\u3002", "tts_mp3": "http://res-tts.iciba.com/tts_dj/f/7/e/f7e1c932e370e15b778bd6ed50654ea9.mp3", "tts_size": "18K"}, {"ex": "Journalists are rarely admitted to the region.", "tran": "\u65b0\u95fb\u8bb0\u8005\u5f88\u5c11\u83b7\u51c6\u8fdb\u5165\u8be5\u5730\u533a\u3002", "tts_mp3": "http://res-tts.iciba.com/tts_dj/4/5/6/4567a75a88e6fc76d6fde79c5322cbdb.mp3", "tts_size": "12K"}]}], "collins_star": "4", "frequency_count": 8780656, "frequency_rank": 6821}