{"ph_en": "\u0259d\u02c8m\u026at\u026adli", "ph_am": "\u00e6d\u02c8m\u026at\u026adli", "ph_en_mp3": "http://res.iciba.com/resource/amp3/oxford/0/66/96/6696d250ef6f6d3ced6a0c8c0d572448.mp3", "ph_am_mp3": "http://res.iciba.com/resource/amp3/1/0/42/32/4232f389fab49d8311c869c958deee2f.mp3", "parts": [{"part": "adv.", "means": ["\u516c\u8ba4\u5730"]}], "collins": [{"posp": "ADV", "tran": "\u8bda\u7136\uff1b\u65e0\u53ef\u5426\u8ba4", "def": "You use admittedly when you are saying something which weakens the importance or force of your statement.", "example": [{"ex": "It's only a theory, admittedly, but the pieces fit together...", "tran": "\u8bda\u7136\uff0c\u8fd9\u53ea\u662f\u4e00\u79cd\u7406\u8bba\uff0c\u4f46\u5404\u90e8\u5206\u4e92\u76f8\u543b\u5408\u3002", "tts_mp3": "http://res-tts.iciba.com/tts_dj/9/f/e/9feefe9a90374da5f1716fff7246f35f.mp3", "tts_size": "20K"}, {"ex": "Sometimes, avoidance of one particular food will have this beneficial effect, though admittedly rarely.", "tran": "\u6709\u65f6\uff0c\u5bf9\u67d0\u4e00\u98df\u7269\u7684\u5fcc\u53e3\u80fd\u5e26\u6765\u8fd9\u79cd\u597d\u5904\uff0c\u5c3d\u7ba1\u4e0d\u53ef\u5426\u8ba4\u8fd9\u79cd\u60c5\u51b5\u6781\u4e3a\u5c11\u89c1\u3002", "tts_mp3": "http://res-tts.iciba.com/tts_dj/1/3/9/139a2ddb12234e8dd8cec20bc00e4291.mp3", "tts_size": "31K"}]}], "collins_star": "1", "frequency_count": 1233033, "frequency_rank": 23274}