{"ph_en": "\u0259d\u02ccm\u026an\u026a\u02c8stre\u026a\u0283n", "ph_am": " \u00e6d\u02ccm\u026an\u026a\u02c8stre\u0283\u0259n", "ph_en_mp3": "http://res.iciba.com/resource/amp3/oxford/0/ab/22/ab225929c4137ef505034d3dfb398871.mp3", "ph_am_mp3": "http://res.iciba.com/resource/amp3/1/0/e5/2e/e52e7ce4ac2458867d05eaad577560db.mp3", "parts": [{"part": "n.", "means": ["\u7ba1\u7406", "\u5b9e\u884c", "\uff08\u653f\u5e9c\uff09\u884c\u653f\u673a\u5173", "\uff08\u6cd5\u5f8b\u3001\u5904\u7f5a\u7b49\u7684\uff09\u65bd\u884c"]}], "collins": [{"posp": "N-UNCOUNT", "tran": "\u7ba1\u7406;\u7ecf\u8425;\u884c\u653f\u4e8b\u52a1", "def": "Administration is the range of activities connected with organizing and supervising the way that an organization or institution functions.", "example": [{"ex": "Too much time is spent on administration.", "tran": "\u5728\u7ba1\u7406\u4e0a\u82b1\u8d39\u4e86\u592a\u591a\u65f6\u95f4\u3002", "tts_mp3": "http://res-tts.iciba.com/tts_dj/5/3/a/53aca2c1eadf194e6f18bf69c4feeea3.mp3", "tts_size": "13K"}, {"ex": "...a master's degree in business administration.", "tran": "\u5de5\u5546\u7ba1\u7406\u7684\u7855\u58eb\u5b66\u4f4d", "tts_mp3": "http://res-tts.iciba.com/tts_dj/2/7/c/27c146ab5c0c9954cf0b1f9bb3768079.mp3", "tts_size": "14K"}]}, {"posp": "N-UNCOUNT", "tran": "\u5b9e\u65bd;\u6267\u884c;\u76d1\u7ba1", "def": "The administration of something is the process of organizing and supervising it.", "example": [{"ex": "Standards in the administration of justice have degenerated...", "tran": "\u6267\u6cd5\u6807\u51c6\u4e0b\u964d\u4e86\u3002", "tts_mp3": "http://res-tts.iciba.com/tts_dj/4/8/2/48288722492e4aaf71c1fe5669322f80.mp3", "tts_size": "17K"}, {"ex": "The cost of administration is around \u00a3500.", "tran": "\u76d1\u7ba1\u8d39\u7ea6\u4e3a500\u82f1\u9551\u3002", "tts_mp3": "http://res-tts.iciba.com/tts_dj/f/e/e/fee821480c6ee96b26fc9149a6e7396b.mp3", "tts_size": "18K"}]}, {"posp": "N-SING", "tran": "\uff08\u516c\u53f8\u6216\u673a\u6784\u7684\uff09\u7ba1\u7406\u90e8\u95e8\uff0c\u884c\u653f\u90e8\u95e8", "def": "The administration of a company or institution is the group of people who organize and supervise it.", "example": [{"ex": "... a member of the college administration.", "tran": "\u5b66\u9662\u884c\u653f\u90e8\u95e8\u7684\u6210\u5458", "tts_mp3": "http://res-tts.iciba.com/tts_dj/7/1/1/71117b67df1b9767e4fbbae7c91df1e6.mp3", "tts_size": "12K"}]}, {"posp": "N-COUNT", "tran": "\uff08\u5c24\u6307\u7f8e\u56fd\uff09\u653f\u5e9c", "def": "You can refer to a country's government as the administration; used especially in the United States.", "example": [{"ex": "O'Leary served in federal energy posts in both the Ford and Carter administrations...", "tran": "\u5728\u798f\u7279\u548c\u5361\u7279\u4e24\u5c4a\u653f\u5e9c\u6267\u653f\u671f\u95f4\uff0c\u5965\u5229\u91cc\u90fd\u5728\u8054\u90a6\u80fd\u6e90\u673a\u6784\u4e2d\u4efb\u804c\u3002", "tts_mp3": "http://res-tts.iciba.com/tts_dj/7/2/7/727e3455a125fabf9abb3f88974480ee.mp3", "tts_size": "25K"}, {"ex": "He urged the administration and Congress to come up with a credible package to reduce the budget deficit.", "tran": "\u4ed6\u6566\u4fc3\u653f\u5e9c\u548c\u56fd\u4f1a\u51fa\u53f0\u4e00\u6574\u5957\u5207\u5b9e\u53ef\u884c\u7684\u65b9\u6848\uff0c\u4ee5\u7f29\u51cf\u9884\u7b97\u8d64\u5b57\u3002", "tts_mp3": "http://res-tts.iciba.com/tts_dj/b/4/0/b40ea0b436212d94385854e8ed105a2d.mp3", "tts_size": "28K"}]}], "collins_star": "4", "frequency_count": 77515175, "frequency_rank": 1041}