{"ph_en": "\u02c8\u00e6dm\u0259r\u0259bl", "ph_am": "\u02c8\u00e6dm\u0259r\u0259b\u0259l", "ph_en_mp3": "http://res.iciba.com/resource/amp3/oxford/0/47/41/4741ad9d967f7ea2144ceac9bb3c0898.mp3", "ph_am_mp3": "http://res.iciba.com/resource/amp3/1/0/cc/e7/cce734a6aa343a7633a080c7eb1ee05b.mp3", "parts": [{"part": "adj.", "means": ["\u4ee4\u4eba\u94a6\u4f69\u7684", "\u6781\u597d\u7684\uff0c\u7edd\u5999\u7684", "\u503c\u5f97\u8d5e\u626c\u7684", "\u53ef\u8d35"]}], "collins": [{"posp": "ADJ-GRADED", "tran": "\u4ee4\u4eba\u94a6\u4f69\u7684\uff1b\u503c\u5f97\u8d5e\u8d4f\u7684", "def": "An admirable quality or action is one that deserves to be praised and admired.", "example": [{"ex": "Beyton is an admirable character...", "tran": "\u8d1d\u987f\u662f\u4e2a\u4ee4\u4eba\u94a6\u4f69\u7684\u4eba\u7269\u3002", "tts_mp3": "http://res-tts.iciba.com/tts_dj/3/8/4/3840f042490400b84dc6ba7f4d9f579e.mp3", "tts_size": "10K"}, {"ex": "The film tells its story with admirable economy.", "tran": "\u8fd9\u90e8\u7535\u5f71\u53d9\u4e8b\u7b80\u7ec3\uff0c\u4ee4\u4eba\u53f9\u670d\u3002", "tts_mp3": "http://res-tts.iciba.com/tts_dj/d/a/3/da3e555304d65569eaf0720f1497c597.mp3", "tts_size": "14K"}]}], "collins_star": "2", "frequency_count": 881910, "frequency_rank": 28267}