{"ph_en": "\u0259d\u02c8m\u026an\u026ast\u0259(r)", "ph_am": "\u00e6d\u02c8m\u026an\u026ast\u025a", "ph_en_mp3": "http://res.iciba.com/resource/amp3/oxford/0/08/f2/08f2ece20ba70e227a951fc20cea1204.mp3", "ph_am_mp3": "http://res.iciba.com/resource/amp3/1/0/5a/69/5a69888814ba29b9c047c759c1469be7.mp3", "parts": [{"part": "vt.", "means": ["\u7ba1\u7406", "\u6cbb\u7406\uff08\u56fd\u5bb6\uff09", "\u7ed9\u4e88", "\u6267\u884c"]}, {"part": "vi.", "means": ["\u6267\u884c\u9057\u4ea7\u7ba1\u7406\u4eba\u7684\u804c\u8d23", "\u7ed9\u4e88\u5e2e\u52a9", "\u62c5\u5f53\u7ba1\u7406\u4eba"]}], "collins": [{"posp": "VERB", "tran": "\u6cbb\u7406\uff0c\u7ba1\u7406\uff08\u56fd\u5bb6\u7b49\uff09\uff1b\u65bd\u884c\uff0c\u5b9e\u65bd\uff08\u6cd5\u5f8b\u3001\u8003\u6838\u7b49\uff09", "def": "If someone administers something such as a country, the law, or a test, they take responsibility for organizing and supervising it.", "example": [{"ex": "The plan calls for the UN to administer the country until elections can be held...", "tran": "\u8be5\u65b9\u6848\u547c\u5401\u8054\u5408\u56fd\u6765\u7ba1\u7406\u8be5\u56fd\uff0c\u76f4\u5230\u80fd\u8fdb\u884c\u9009\u4e3e\u4e3a\u6b62\u3002", "tts_mp3": "http://res-tts.iciba.com/tts_dj/5/f/9/5f929540a9a0035edb971fa90abdb0f3.mp3", "tts_size": "23K"}, {"ex": "We hope that they're going to administer justice impartially...", "tran": "\u6211\u4eec\u5e0c\u671b\u4ed6\u4eec\u80fd\u4e3b\u6301\u6b63\u4e49\uff0c\u4e0d\u504f\u4e0d\u501a\u3002", "tts_mp3": "http://res-tts.iciba.com/tts_dj/1/b/9/1b9c1112bfcd78693181735f62009fb8.mp3", "tts_size": "16K"}]}, {"posp": "VERB", "tran": "\u7ed9\u4e88\uff08\u75c5\u4eba\u836f\u7269\uff09", "def": "If a doctor or a nurse administers a drug, they give it to a patient.", "example": [{"ex": "Paramedics are trained to administer certain drugs.", "tran": "\u62a4\u7406\u4eba\u5458\u4eec\u63a5\u53d7\u4e86\u914d\u53d1\u67d0\u4e9b\u836f\u7269\u7684\u57f9\u8bad\u3002", "tts_mp3": "http://res-tts.iciba.com/tts_dj/2/3/3/233b471644af52b1b12c2dbaa51bb852.mp3", "tts_size": "16K"}]}, {"posp": "VERB", "tran": "\u7ed9\u4ee5\uff08\u4e00\u62f3\u6216\u4e00\u811a\uff09", "def": "If someone administers a punch or a kick, they punch or kick someone.", "example": [{"ex": "He is shown in the tape of the beating as administering most of the blows.", "tran": "\u5f55\u50cf\u663e\u793a\u5728\u6597\u6bb4\u4e2d\u4ed6\u6253\u5f97\u6700\u51f6\u3002", "tts_mp3": "http://res-tts.iciba.com/tts_dj/7/0/7/707934991b77334108f2c2127779e1ea.mp3", "tts_size": "20K"}]}], "collins_star": "2", "frequency_count": 3754648, "frequency_rank": 12036}