{"ph_en": "\u0259d\u02c8ma\u026a\u0259(r)", "ph_am": "\u00e6d\u02c8ma\u026ar", "ph_en_mp3": "http://res.iciba.com/resource/amp3/oxford/0/db/b4/dbb45437d08234a7f9ec44039f378090.mp3", "ph_am_mp3": "http://res.iciba.com/resource/amp3/1/0/44/b2/44b2e6d950b2b6b1b6c81463c03b94fd.mp3", "parts": [{"part": "vt.", "means": ["\u8d5e\u8d4f", "\u79f0\u8d5e", "\u6b23\u8d4f", "<\u7f8e\u53e3>\u60f3\u8981"]}], "collins": [{"posp": "VERB", "tran": "\u94a6\u4f69\uff1b\u6b23\u8d4f\uff1b\u7fa1\u6155", "def": "If you admire someone or something, you like and respect them very much.", "example": [{"ex": "I admired her when I first met her and I still think she's marvellous...", "tran": "\u521d\u6b21\u89c1\u9762\u65f6\uff0c\u6211\u5c31\u975e\u5e38\u4f69\u670d\u5979\uff0c\u65f6\u81f3\u4eca\u65e5\u6211\u4ecd\u7136\u8ba4\u4e3a\u5979\u5f88\u51fa\u8272\u3002", "tts_mp3": "http://res-tts.iciba.com/tts_dj/9/e/4/9e4182bf3f44f2346228bf455607c8e8.mp3", "tts_size": "19K"}, {"ex": "He admired the way she had coped with life...", "tran": "\u4ed6\u6b23\u8d4f\u5979\u5904\u4e16\u7684\u65b9\u5f0f\u3002", "tts_mp3": "http://res-tts.iciba.com/tts_dj/3/7/f/37f1443f8f6e1a2e11958e1e23a4ae2c.mp3", "tts_size": "12K"}]}, {"posp": "VERB", "tran": "\u6b23\u8d4f\uff1b\u89c2\u8d4f", "def": "If you admire someone or something, you look at them with pleasure.", "example": [{"ex": "We took time to stop and admire the view.", "tran": "\u6211\u4eec\u7279\u610f\u9a7b\u8db3\u6b23\u8d4f\u98ce\u666f\u3002", "tts_mp3": "http://res-tts.iciba.com/tts_dj/7/b/7/7b7fcafc6aa7c66e94588c0b62ea6c46.mp3", "tts_size": "12K"}]}], "collins_star": "3", "frequency_count": 2196307, "frequency_rank": 16605}