{"ph_en": "\u02cc\u00e6d\u0259\u02c8lesnt", "ph_am": "\u02cc\u00e6d\u0259'lesnt", "ph_en_mp3": "http://res.iciba.com/resource/amp3/oxford/0/e8/4f/e84f2d202a3400d82ad28a12c72e3d44.mp3", "ph_am_mp3": "http://res.iciba.com/resource/amp3/1/0/20/b6/20b6f6d20a459ff729df0d3bd197d49f.mp3", "parts": [{"part": "n.", "means": ["\u5c11\u5e74\uff0c\u5c11\u5973"]}, {"part": "adj.", "means": ["\u9752\u6625\u671f\u7684", "\u9752\u5c11\u5e74\u7684", "\u672a\u6210\u719f\u7684"]}], "collins": [{"posp": "ADJ", "tran": "\u9752\u5c11\u5e74\u7684;\u9752\u6625\u671f\u7684", "def": "Adolescent is used to describe young people who are no longer children but who have not yet become adults. It also refers to their behaviour.", "example": [{"ex": "It is important that an adolescent boy should have an adult in whom he can confide...", "tran": "\u5173\u952e\u662f\uff0c\u9752\u6625\u671f\u7684\u7537\u5b69\u8eab\u8fb9\u5e94\u8be5\u6709\u4e00\u4e2a\u53ef\u4ee5\u4ea4\u5fc3\u7684\u6210\u5e74\u4eba\u3002", "tts_mp3": "http://res-tts.iciba.com/tts_dj/a/5/2/a52d340339660eb0a6763e1f2847c3bb.mp3", "tts_size": "22K"}, {"ex": "He spent his adolescent years playing guitar in the church band.", "tran": "\u4ed6\u5728\u6559\u5802\u7684\u4e50\u961f\u91cc\u5f39\u5409\u4ed6\uff0c\u5ea6\u8fc7\u4e86\u4ed6\u7684\u9752\u5c11\u5e74\u65f6\u671f\u3002", "tts_mp3": "http://res-tts.iciba.com/tts_dj/9/4/0/94078a0d901671d98465b16ec28e6d55.mp3", "tts_size": "19K"}]}], "collins_star": "2", "frequency_count": 5577666, "frequency_rank": 9386}