{"ph_en": "\u02cc\u00e6d\u0259\u02c8lesns", "ph_am": "\u02cc\u00e6dl\u02c8\u025bs\u0259ns", "ph_en_mp3": "http://res.iciba.com/resource/amp3/oxford/0/bc/5d/bc5d612f6d9e41166070a289fd2d150d.mp3", "ph_am_mp3": "http://res.iciba.com/resource/amp3/1/0/30/3e/303e029e7c45270cd9b6e6cab4cd78f2.mp3", "parts": [{"part": "n.", "means": ["\u9752\u6625\u671f", "\u9752\u5e74\u671f"]}], "collins": [{"posp": "N-UNCOUNT", "tran": "\u9752\u6625\u671f", "def": "Adolescence is the period of your life in which you develop from being a child into being an adult.", "example": [{"ex": "Some people become very self-conscious in adolescence.", "tran": "\u6709\u4e9b\u4eba\u5728\u9752\u6625\u671f\u4f1a\u53d8\u5f97\u5f02\u5e38\u5bb3\u7f9e\u3002", "tts_mp3": "http://res-tts.iciba.com/tts_dj/f/1/9/f199753478add4311f9c33d89ce31861.mp3", "tts_size": "17K"}]}], "collins_star": "1", "frequency_count": 1550535, "frequency_rank": 20393}