{"ph_en": "\u0259\u02c8d\u0252pt", "ph_am": "\u0259\u02c8d\u0251pt", "ph_en_mp3": "http://res.iciba.com/resource/amp3/0/0/8d/0b/8d0b67176348f44964d3344848c95208.mp3", "ph_am_mp3": "http://res.iciba.com/resource/amp3/1/0/8d/0b/8d0b67176348f44964d3344848c95208.mp3", "parts": [{"part": "vt.", "means": ["\u91c7\u7528\uff0c\u91c7\u53d6\uff0c\u91c7\u7eb3", "\u6536\u517b", "\u6b63\u5f0f\u63a5\u53d7\uff0c\u63a5\u53d7", "\u6279\u51c6"]}], "collins": [{"posp": "VERB", "tran": "\u91c7\u53d6\uff1b\u91c7\u7eb3\uff1b\u91c7\u7528", "def": "If you adopt a new attitude, plan, or way of behaving, you begin to have it.", "example": [{"ex": "Parliament adopted a resolution calling for the complete withdrawal of troops...", "tran": "\u8bae\u4f1a\u91c7\u7eb3\u4e86\u8981\u6c42\u5168\u90e8\u64a4\u519b\u7684\u51b3\u8bae\u3002", "tts_mp3": "http://res-tts.iciba.com/tts_dj/3/e/8/3e839ea5d0efb1c27da2ea49e4bb7415.mp3", "tts_size": "22K"}, {"ex": "Pupils should be helped to adopt a positive approach to the environment.", "tran": "\u5e94\u5e2e\u52a9\u5b66\u751f\u5bf9\u73af\u5883\u91c7\u53d6\u79ef\u6781\u7684\u6001\u5ea6\u3002", "tts_mp3": "http://res-tts.iciba.com/tts_dj/c/5/4/c54567938c7b96cf576d1eef9d055ea5.mp3", "tts_size": "19K"}]}, {"posp": "VERB", "tran": "\u6536\u517b;\u9886\u517b", "def": "If you adopt someone else's child, you take it into your own family and make it legally your son or daughter.", "example": [{"ex": "There are hundreds of people desperate to adopt a child...", "tran": "\u6709\u6570\u4ee5\u767e\u8ba1\u7684\u4eba\u6e34\u671b\u9886\u517b\u5b69\u5b50\u3002", "tts_mp3": "http://res-tts.iciba.com/tts_dj/5/2/5/525929bbb57768ac87fecabe759d9230.mp3", "tts_size": "15K"}, {"ex": "The adopted child has the right to see his birth certificate.", "tran": "\u88ab\u6536\u517b\u7684\u5b69\u5b50\u6709\u6743\u770b\u81ea\u5df1\u7684\u51fa\u751f\u8bc1\u660e\u3002", "tts_mp3": "http://res-tts.iciba.com/tts_dj/6/b/7/6b72a3f03a41f8e1bda8ed96a1c9d715.mp3", "tts_size": "17K"}]}, {"posp": "VERB", "tran": "\u91c7\u7528\uff0c\u4fdd\u6301\uff08\u59ff\u52bf\uff09", "def": "If you adopt a physical position, you move yourself into it.", "example": [{"ex": "I tried to adopt a curled-up position to avoid damaging my limbs.", "tran": "\u6211\u52aa\u529b\u4fdd\u6301\u8737\u66f2\u7684\u59ff\u52bf\u4ee5\u514d\u56db\u80a2\u53d7\u4f24\u3002", "tts_mp3": "http://res-tts.iciba.com/tts_dj/e/c/b/ecb3a1fcf29ff3deb2794086d795d7a9.mp3", "tts_size": "19K"}]}, {"posp": "VERB", "tran": "\u79fb\u5c45\uff08\u67d0\u56fd\uff09;\u9009\u62e9\uff08\u67d0\u56fd\uff09\u5b9a\u5c45", "def": "If you adopt a country, you choose it as a place to live.", "example": [{"ex": "Podulski had joined the U.S. Navy as an aviator, adopting a new country and a new profession.", "tran": "\u6ce2\u5ea6\u5c14\u65af\u57fa\u52a0\u5165\u7f8e\u56fd\u6d77\u519b\u5f53\u4e0a\u4e86\u98de\u884c\u5458\uff0c\u4e0d\u4ec5\u6539\u4e86\u56fd\u7c4d\u8fd8\u6362\u4e86\u884c\u5f53\u3002", "tts_mp3": "http://res-tts.iciba.com/tts_dj/1/c/a/1cacd898fe1bfbe3c04a03ef7d198d21.mp3", "tts_size": "29K"}, {"ex": "...their adopted home in England.", "tran": "\u4ed6\u4eec\u79fb\u5c45\u82f1\u56fd\u7684\u5bb6", "tts_mp3": "http://res-tts.iciba.com/tts_dj/6/2/7/627dae14d92efdd24e2b87a6f1aa41ec.mp3", "tts_size": "10K"}]}, {"posp": "VERB", "tran": "\u91c7\u7528\uff08\u8bed\u6c14\u3001\u53e3\u97f3\u7b49\uff09", "def": "If you adopt an accent or a particular tone of voice, you speak differently from normal, especially to create an effect in a particular situation.", "example": [{"ex": "He has adopted the accent of a Second World War newscaster...", "tran": "\u4ed6\u627f\u88ad\u4e86\u4e8c\u6218\u65f6\u671f\u64ad\u97f3\u5458\u7684\u53e3\u97f3\u3002", "tts_mp3": "http://res-tts.iciba.com/tts_dj/b/c/1/bc14126102fe7a95ee32143c9d484f19.mp3", "tts_size": "18K"}, {"ex": "The girl was uncertain what to do, or what tone of voice to adopt.", "tran": "\u5973\u5b69\u4e0d\u77e5\u9053\u8be5\u505a\u4ec0\u4e48\uff0c\u4e5f\u4e0d\u77e5\u9053\u8be5\u7528\u4ec0\u4e48\u53e3\u6c14\u8bf4\u3002", "tts_mp3": "http://res-tts.iciba.com/tts_dj/5/f/b/5fbee8fce6b4fb382f999dfe511810b9.mp3", "tts_size": "19K"}]}], "collins_star": "4", "frequency_count": 11272339, "frequency_rank": 5639}