{"ph_en": "\u0259\u02c8d\u0254:(r)", "ph_am": "\u0259\u02c8d\u0254r, \u0259\u02c8dor", "ph_en_mp3": "http://res.iciba.com/resource/amp3/oxford/0/d2/3f/d23f38625650dfb30db3c0c13e2841bb.mp3", "ph_am_mp3": "http://res.iciba.com/resource/amp3/1/0/33/33/3333c68f2910d11d85c10a82dc6c0989.mp3", "parts": [{"part": "vt.", "means": ["\u7231\u6155", "\u5d07\u62dc", "\u975e\u5e38\u559c\u6b22", "\u656c\u4f69"]}, {"part": "vi.", "means": ["\u5d07\u62dc", "\u7231\u6155"]}], "collins": [{"posp": "VERB", "tran": "\u70ed\u7231\uff1b\u7231\u6155\uff1b\u656c\u6155\uff1b\u5d07\u62dc", "def": "If you adore someone, you feel great love and admiration for them.", "example": [{"ex": "She adored her parents and would do anything to please them.", "tran": "\u5979\u5f88\u7231\u81ea\u5df1\u7684\u7236\u6bcd\uff0c\u4e3a\u8ba9\u4ed6\u4eec\u9ad8\u5174\u613f\u610f\u505a\u4efb\u4f55\u4e8b\u3002", "tts_mp3": "http://res-tts.iciba.com/tts_dj/d/d/7/dd75e18ae9fa2b2c2ced1f6dde5f63bb.mp3", "tts_size": "16K"}]}, {"posp": "VERB", "tran": "\u70ed\u7231\uff0c\u559c\u7231(\u67d0\u4e8b\u7269\uff09", "def": "If you adore something, you like it very much.", "example": [{"ex": "My mother adores bananas and eats two a day...", "tran": "\u6211\u5988\u5988\u975e\u5e38\u559c\u6b22\u5403\u9999\u8549\uff0c\u6bcf\u5929\u8981\u5403\u4e24\u6839\u3002", "tts_mp3": "http://res-tts.iciba.com/tts_dj/d/d/0/dd0c91c6106272ad9ce41759a4b7e1f8.mp3", "tts_size": "14K"}, {"ex": "I adore good books and the theatre.", "tran": "\u6211\u7231\u8bfb\u597d\u4e66\uff0c\u4e5f\u559c\u6b22\u770b\u620f\u3002", "tts_mp3": "http://res-tts.iciba.com/tts_dj/f/0/8/f08a4511b03f872f400abc14e45834d6.mp3", "tts_size": "10K"}]}], "collins_star": "1", "frequency_count": 1176240, "frequency_rank": 23934}