{"ph_en": "\u0259\u02c8d\u0254:r\u0259bl", "ph_am": "\u0259\u02c8d\u0254r\u0259b\u0259l,\u0259\u02c8dor-", "ph_en_mp3": "http://res.iciba.com/resource/amp3/oxford/0/73/84/738428cd8df8b323c31ce99832cd4dd3.mp3", "ph_am_mp3": "http://res.iciba.com/resource/amp3/1/0/08/b3/08b38d4e516e1c00f1da3450bb329486.mp3", "parts": [{"part": "adj.", "means": ["\u503c\u5f97\u5d07\u62dc\u7684\uff0c\u53ef\u656c\u91cd\u7684", "\u53ef\u7231\u7684\uff0c\u8ba8\u4eba\u559c\u6b22\u7684"]}], "collins": [{"posp": "ADJ-GRADED", "tran": "\u53ef\u7231\u7684\uff1b\u8ba8\u4eba\u559c\u7231\u7684", "def": "If you say that someone or something is adorable, you are emphasizing that they are very attractive and you feel great affection for them.", "example": [{"ex": "We have three adorable children.", "tran": "\u6211\u4eec\u67093\u4e2a\u53ef\u7231\u7684\u5b69\u5b50\u3002", "tts_mp3": "http://res-tts.iciba.com/tts_dj/3/6/9/3699d969a88fd0a3f5b6101c3a674e1f.mp3", "tts_size": "10K"}]}], "collins_star": "1", "frequency_count": 2592855, "frequency_rank": 15030}