{"ph_en": "\u0259\u02c8d\u0254:r\u026a\u014b", "ph_am": "", "ph_en_mp3": "http://res.iciba.com/resource/amp3/oxford/0/87/b9/87b9242d54ff4feefe1a2134bd0941b7.mp3", "ph_am_mp3": "", "parts": [{"part": "adj.", "means": ["\u5d07\u62dc\u7684", "\u656c\u6155\u7684", "\u7231\u6155\u7684"]}, {"part": "v.", "means": ["\u7231\u6155(adore\u7684\u73b0\u5728\u5206\u8bcd)", "\u5d07\u62dc"]}], "collins": [{"posp": "ADJ-GRADED", "tran": "\u70ed\u7231\u7684\uff1b\u7231\u6155\u7684\uff1b\u656c\u6155\u7684\uff1b\u5d07\u62dc\u7684", "def": "An adoring person is someone who loves and admires another person very much.", "example": [{"ex": "She can still pull in adoring audiences.", "tran": "\u5979\u4ecd\u7136\u80fd\u5438\u5f15\u7231\u6155\u7684\u89c2\u4f17\u3002", "tts_mp3": "http://res-tts.iciba.com/tts_dj/7/e/7/7e72703fd0bbb75a2b8ad00109b63554.mp3", "tts_size": "13K"}]}], "collins_star": "1", "frequency_count": 215653, "frequency_rank": 64271}