{"ph_en": "\u0259\u02c8d\u0254:n", "ph_am": "\u0259\u02c8d\u0254rn", "ph_en_mp3": "http://res.iciba.com/resource/amp3/0/0/4d/03/4d03e7e5a92c5f56488651ea717cf464.mp3", "ph_am_mp3": "http://res.iciba.com/resource/amp3/1/0/4d/03/4d03e7e5a92c5f56488651ea717cf464.mp3", "parts": [{"part": "vt.", "means": ["\u88c5\u9970\uff0c\u4fee\u9970", "\u4f69\u6234", "\u4f7f\u751f\u8272"]}], "collins": [{"posp": "VERB", "tran": "\u88c5\u9970\uff1b\u88c5\u626e", "def": "If something adorns a place or an object, it makes it look more beautiful.", "example": [{"ex": "His watercolour designs adorn a wide range of books...", "tran": "\u4ed6\u7684\u6c34\u5f69\u8bbe\u8ba1\u4f7f\u8bb8\u591a\u56fe\u4e66\u5927\u4e3a\u751f\u8272\u3002", "tts_mp3": "http://res-tts.iciba.com/tts_dj/6/2/4/6244f45ad43f5274a43f5154ca2c53de.mp3", "tts_size": "15K"}, {"ex": "Several magnificent oil paintings adorn the walls.", "tran": "\u51e0\u5e45\u6062\u5b8f\u7684\u6cb9\u753b\u88c5\u70b9\u7740\u5899\u9762\u3002", "tts_mp3": "http://res-tts.iciba.com/tts_dj/f/2/1/f210431f8e8f3c157e24081023d2c987.mp3", "tts_size": "15K"}]}], "collins_star": "1", "frequency_count": 464591, "frequency_rank": 41179}