{"ph_en": "\u0259\u02c8dren\u0259l\u026an", "ph_am": "\u0259\u02c8dr\u025bn\u0259l\u026an", "ph_en_mp3": "http://res.iciba.com/resource/amp3/oxford/0/ad/dd/adddf7289fe70febc95ad3618e7f24ed.mp3", "ph_am_mp3": "http://res.iciba.com/resource/amp3/1/0/b6/08/b6086d9323ca26226a4ec4c8c8918c34.mp3", "parts": [{"part": "n.", "means": ["\u80be\u4e0a\u817a\u7d20", "\u201cadrenaline\u201d\u7684\u53d8\u4f53"]}], "collins": [{"posp": "N-UNCOUNT", "tran": "\u80be\u4e0a\u817a\u7d20\uff08\u60c5\u7eea\u6fc0\u52a8\u65f6\u80be\u4e0a\u817a\u5206\u6ccc\u7684\u4e00\u79cd\u5316\u5b66\u7269\u8d28\uff0c\u80fd\u52a0\u5feb\u5fc3\u8df3\u53ca\u4ea7\u751f\u66f4\u591a\u80fd\u91cf\uff09", "def": "Adrenalin is a substance which your body produces when you are angry, scared, or excited. It makes your heart beat faster and gives you more energy.", "example": [{"ex": "Seeing the crowd really got my adrenalin pumping.", "tran": "\u770b\u89c1\u8fd9\u4e48\u591a\u4eba\u786e\u5b9e\u8ba9\u6211\u70ed\u8840\u6cb8\u817e\u3002", "tts_mp3": "http://res-tts.iciba.com/tts_dj/e/a/5/ea588b9063b42e82fd6fb2f525677ed5.mp3", "tts_size": "14K"}]}], "collins_star": "1", "frequency_count": 460317, "frequency_rank": 41389}