{"ph_en": "\u0259\u02c8dr\u026aft", "ph_am": "\u0259\u02c8dr\u026aft", "ph_en_mp3": "http://res.iciba.com/resource/amp3/oxford/0/a6/58/a658e3b42029d5b14fb2193420fd09cf.mp3", "ph_am_mp3": "http://res.iciba.com/resource/amp3/1/0/8a/3f/8a3fd5be41bff93b2015c23170ae25a1.mp3", "parts": [{"part": "adj.", "means": ["\u6f02\u6cca\u7684", "\u6f02\u6d6e\u7740\u7684", "\u968f\u6ce2\u9010\u6d41\u7684"]}, {"part": "adv.", "means": ["\u968f\u6ce2\u9010\u6d41\u5730", "\u6f02\u6d41\u65e0\u5b9a", "<\u6bd4\u55bb>\u65e0\u5b9a\u804c", "<\u53e3>\u5b64\u964b\u5be1\u95fb"]}], "collins": [{"posp": "ADJ", "tran": "\u6f02\u6d6e\u7740\u7684;\u6f02\u6d41\u7740\u7684", "def": "If a boat is adrift, it is floating on the water and is not tied to anything or controlled by anyone.", "example": [{"ex": "They were spotted after three hours adrift in a dinghy.", "tran": "\u4ed6\u4eec\u5728\u5c0f\u8222\u677f\u4e0a\u6f02\u6d6e\u4e863\u4e2a\u5c0f\u65f6\u540e\u624d\u88ab\u53d1\u73b0\u3002", "tts_mp3": "http://res-tts.iciba.com/tts_dj/2/7/8/278bc8620e56ee877a5afcd78199d4a4.mp3", "tts_size": "15K"}]}, {"posp": "ADJ-GRADED", "tran": "\u832b\u7136\u7684\uff1b\u65e0\u6240\u9002\u4ece\u7684", "def": "If someone is adrift, they feel alone with no clear idea of what they should do.", "example": [{"ex": "Amy had the growing sense that she was adrift and isolated.", "tran": "\u57c3\u7c73\u6108\u53d1\u611f\u5230\u81ea\u5df1\u5b64\u7acb\u65e0\u63f4\uff0c\u5b51\u7136\u4e00\u8eab\u3002", "tts_mp3": "http://res-tts.iciba.com/tts_dj/d/c/b/dcbc07a9b8fbf00e8dcb72cd5f887482.mp3", "tts_size": "15K"}]}, {"posp": "ADJ", "tran": "\u8131\u843d\u7684\uff1b\u8131\u5f00\u7684", "def": "If something comes adrift, it is no longer attached to an object that it should be part of.", "example": [{"ex": "Three insulating panels had come adrift from the base of the vehicle.", "tran": "\u8f66\u5b50\u5e95\u76d8\u76843\u5757\u9694\u70ed\u677f\u5df2\u7ecf\u8131\u843d\u4e86\u3002", "tts_mp3": "http://res-tts.iciba.com/tts_dj/5/1/7/517ebdd7e9d0214fc292f504ae5eae3a.mp3", "tts_size": "17K"}]}, {"posp": "ADJ-GRADED", "tran": "\u5206\u6570\u843d\u540e\u7684;\u6392\u540d\u5728\u540e\u7684", "def": "In sporting competitions, if a team or a player is adrift of their rivals, they are behind them, usually by a specified number of points or by a specified distance.", "example": [{"ex": "Aberdeen are nine points adrift of Rangers at the top of the Scottish League.", "tran": "\u5728\u82cf\u683c\u5170\u8db3\u7403\u8054\u8d5b\u4e2d\uff0c\u4e9a\u4f2f\u4e01\u961f\u6bd4\u6392\u5728\u9996\u4f4d\u7684\u6d41\u6d6a\u8005\u961f\u843d\u540e9\u5206\u3002", "tts_mp3": "http://res-tts.iciba.com/tts_dj/0/1/a/01a33daf9bd556bdb620fbd9e11e220b.mp3", "tts_size": "21K"}]}, {"posp": "ADJ-GRADED", "tran": "\u51fa\u4e86\u95ee\u9898\u7684", "def": "If something has gone adrift, it is no longer happening in the way that was intended.", "example": [{"ex": "We have seen this as an attempt to place the blame for a policy that has gone adrift.", "tran": "\u6211\u4eec\u5df2\u7ecf\u8ba4\u8bc6\u5230\uff0c\u8fd9\u662f\u628a\u8d23\u4efb\u5f52\u548e\u4e8e\u4e00\u9879\u5df2\u504f\u79bb\u65b9\u5411\u7684\u653f\u7b56\u7684\u4e00\u79cd\u4f01\u56fe\u3002", "tts_mp3": "http://res-tts.iciba.com/tts_dj/8/a/6/8a6330427be75f1756fa9fdea9ccfe94.mp3", "tts_size": "22K"}]}], "collins_star": "1", "frequency_count": 418628, "frequency_rank": 43713}