{"ph_en": "\u02c8\u00e6d\u028clth\u028ad", "ph_am": "'\u00e6d\u028clth\u028ad", "ph_en_mp3": "http://res.iciba.com/resource/amp3/oxford/0/f5/93/f593185c15271dd77076539914975f6c.mp3", "ph_am_mp3": "http://res.iciba.com/resource/amp3/1/0/a7/4a/a74a293d82e6a352f388df93b6c49e3a.mp3", "parts": [{"part": "n.", "means": ["\u6210\u5e74", "\u6210\u4eba\u671f", "\u201cadult\u201d\u7684\u6d3e\u751f"]}], "collins": [{"posp": "N-UNCOUNT", "tran": "\u6210\u5e74", "def": "Adulthood is the state of being an adult.", "example": [{"ex": "Few people nowadays are able to maintain friendships into adulthood.", "tran": "\u5982\u4eca\u5f88\u5c11\u6709\u4eba\u80fd\u5c06\u53cb\u8c0a\u7ef4\u6301\u5230\u6210\u5e74\u3002", "tts_mp3": "http://res-tts.iciba.com/tts_dj/5/b/7/5b79f7d71697b2654730829248237cf4.mp3", "tts_size": "19K"}]}], "collins_star": "1", "frequency_count": 1187666, "frequency_rank": 23791}