{"ph_en": "\u0259\u02c8d\u028clt\u0259ri", "ph_am": "\u0259\u02c8d\u028clt\u0259ri,-tri", "ph_en_mp3": "http://res.iciba.com/resource/amp3/oxford/0/46/40/4640b78326df67e491d75154da3a99c7.mp3", "ph_am_mp3": "http://res.iciba.com/resource/amp3/1/0/29/c7/29c7b2634d15aa7e821e48168938fb05.mp3", "parts": [{"part": "n.", "means": ["\u901a\u5978\uff0c\u79c1\u901a", "\u901a\u5978\u884c\u4e3a"]}], "collins": [{"posp": "N-UNCOUNT", "tran": "\u901a\u5978\uff1b\u5a5a\u5916\u6027\u884c\u4e3a", "def": "If a married person commits adultery, they have sex with someone that they are not married to.", "example": [{"ex": "She is going to divorce him on the grounds of adultery.", "tran": "\u5979\u4ee5\u4e08\u592b\u641e\u5a5a\u5916\u60c5\u4e3a\u7531\u8981\u6c42\u79bb\u5a5a\u3002", "tts_mp3": "http://res-tts.iciba.com/tts_dj/6/8/1/6811288584309134827219a6647c793d.mp3", "tts_size": "15K"}]}], "collins_star": "1", "frequency_count": 976493, "frequency_rank": 26675}