{"ph_en": "\u02c8\u00e6d\u028clt", "ph_am": " \u0259\u02c8d\u028clt, \u02c8\u00e6d\u028clt", "ph_en_mp3": "http://res.iciba.com/resource/amp3/oxford/0/8b/aa/8baa9f0152b6617f1cdd6ea4a390f95d.mp3", "ph_am_mp3": "http://res.iciba.com/resource/amp3/1/0/2e/85/2e85a22d0ffa063c211acd8f34952360.mp3", "parts": [{"part": "adj.", "means": ["\u6210\u719f\u7684", "\uff08\u667a\u529b\u3001\u601d\u60f3\u3001\u884c\u4e3a\uff09\u6210\u719f\u7684", "\u6210\u5e74\u4eba\u7684", "\u6210\u5e74\u7684"]}, {"part": "n.", "means": ["\u6210\u5e74\u7684\u4eba\u6216\u52a8\u7269"]}], "collins": [{"posp": "N-COUNT", "tran": "\uff08\u6cd5\u5f8b\u610f\u4e49\u4e0a\u7684\uff09\u6210\u5e74\u4eba", "def": "An adult is a mature, fully developed person. An adult has reached the age when they are legally responsible for their actions.", "example": [{"ex": "Becoming a father signified that he was now an adult...", "tran": "\u5f53\u4e86\u7236\u4eb2\u610f\u5473\u7740\u4ed6\u5df2\u662f\u4e2a\u6210\u5e74\u4eba\u4e86\u3002", "tts_mp3": "http://res-tts.iciba.com/tts_dj/f/5/e/f5e08c52ce1dbc54ea0025af3194e2c7.mp3", "tts_size": "16K"}, {"ex": "Children under 14 must be accompanied by an adult.", "tran": "14\u5c81\u4ee5\u4e0b\u7684\u513f\u7ae5\u5fc5\u987b\u7531\u6210\u4eba\u966a\u540c\u3002", "tts_mp3": "http://res-tts.iciba.com/tts_dj/b/3/c/b3ce86453e61eff9899b41ec6d8beec4.mp3", "tts_size": "16K"}]}, {"posp": "N-COUNT", "tran": "\u6210\u5e74\u52a8\u7269", "def": "An adult is a fully developed animal.", "example": [{"ex": "...a pair of adult birds.", "tran": "\u4e00\u5bf9\u6210\u5e74\u9e1f", "tts_mp3": "http://res-tts.iciba.com/tts_dj/6/6/7/667d54687344f6e9de049551bf80aeb9.mp3", "tts_size": "8K"}]}, {"posp": "ADJ", "tran": "\u6210\u5e74\u7684\uff1b\u5c5e\u4e8e\u6210\u4eba\u7684", "def": "Adult means relating to the time when you are an adult, or typical of adult people.", "example": [{"ex": "I've lived most of my adult life in London.", "tran": "\u6211\u6210\u5e74\u4e4b\u540e\u7684\u5927\u90e8\u5206\u65f6\u95f4\u90fd\u662f\u5728\u4f26\u6566\u5ea6\u8fc7\u7684\u3002", "tts_mp3": "http://res-tts.iciba.com/tts_dj/e/0/6/e0677acbc877164d87532a2402d70b08.mp3", "tts_size": "13K"}]}, {"posp": "ADJ-GRADED", "tran": "\u6210\u719f\u7684\uff1b\u8001\u6210\u7684", "def": "If you say that someone is adult about something, you think that they act in a mature, intelligent way, especially when faced with a difficult situation.", "example": [{"ex": "We were very adult about it. We discussed it rationally over a drink.", "tran": "\u5728\u8fd9\u4ef6\u4e8b\u4e0a\u6211\u4eec\u8868\u73b0\u5f97\u5f88\u6210\u719f\u3002\u6211\u4eec\u4e00\u8fb9\u559d\u9152\u4e00\u8fb9\u5fc3\u5e73\u6c14\u548c\u5730\u8c08\u4e86\u8c08\u3002", "tts_mp3": "http://res-tts.iciba.com/tts_dj/1/a/a/1aaf68d94dbfe0ebdc17d5681f52c3fd.mp3", "tts_size": "22K"}, {"ex": "...dealing with emerging sexuality in an adult way.", "tran": "\u5e73\u9759\u5bf9\u5f85\u51fa\u73b0\u7684\u6027\u5f81", "tts_mp3": "http://res-tts.iciba.com/tts_dj/2/b/3/2b38eb30a5a8881a1b7788ced9396900.mp3", "tts_size": "16K"}]}, {"posp": "ADJ", "tran": "\uff08\u6d89\u53ca\u6027\u5185\u5bb9\u7684\u7535\u5f71\u6216\u4e66\u7c4d\uff09\u4ec5\u9650\u4e8e\u6210\u4eba\u7684", "def": "You can describe things such as films or books as adult when they deal with sex in a very clear and open way.", "example": [{"ex": "...an adult movie.", "tran": "\u6210\u4eba\u7535\u5f71", "tts_mp3": "http://res-tts.iciba.com/tts_dj/b/a/a/baabd26e26f9c1a53f2806663b24fe08.mp3", "tts_size": "6K"}]}], "collins_star": "4", "frequency_count": 97583096, "frequency_rank": 821}