{"ph_en": "\u0259d\u02c8v\u0251:ns", "ph_am": "\u0259d\u02c8v\u00e6ns", "ph_en_mp3": "http://res.iciba.com/resource/amp3/oxford/0/3e/b8/3eb8e9bc858f8ce74d34f2761839b388.mp3", "ph_am_mp3": "http://res.iciba.com/resource/amp3/1/0/e0/bd/e0bd4e89620ec924b27166975a2dda57.mp3", "parts": [{"part": "vt.", "means": ["\uff08\u4f7f\uff09\u524d\u8fdb", "\u5c06\u2026\u63d0\u524d", "\u9884\u4ed8", "\u63d0\u51fa"]}, {"part": "vi.", "means": ["\uff08\u6570\u91cf\u7b49\uff09\u589e\u52a0", "\u5411\u524d\u63a8\uff08\u81f3\u4e0b\u4e00\u6b65\uff09", "\u4e0a\u6da8"]}, {"part": "n.", "means": ["\u589e\u957f", "\u501f\u6b3e", "\uff08\u4ef7\u683c\u3001\u4ef7\u503c\u7684\uff09\u4e0a\u6da8", "\u9884\u4ed8\u6b3e"]}, {"part": "adj.", "means": ["\u9884\u5148\u7684", "\u5148\u884c\u7684"]}], "collins": [{"posp": "VERB", "tran": "\uff08\u5e38\u6307\u4e3a\u653b\u51fb\u800c\uff09\u524d\u8fdb\uff0c\u63a8\u8fdb", "def": "To advance means to move forward, often in order to attack someone.", "example": [{"ex": "Reports from Chad suggest that rebel forces are advancing on the capital...", "tran": "\u6765\u81ea\u4e4d\u5f97\u7684\u62a5\u544a\u663e\u793a\u53db\u519b\u6b63\u5411\u9996\u90fd\u63a8\u8fdb\u3002", "tts_mp3": "http://res-tts.iciba.com/tts_dj/0/a/5/0a5ed98a2d41573cad6ff3ec796f30cf.mp3", "tts_size": "22K"}, {"ex": "The water is advancing at a rate of 5cm a day...", "tran": "\u6c34\u4f4d\u6b63\u4ee5\u6bcf\u59295\u5398\u7c73\u7684\u901f\u5ea6\u4e0a\u5347\u3002", "tts_mp3": "http://res-tts.iciba.com/tts_dj/1/5/b/15baf6794624975d2481fc24ef9ad3f2.mp3", "tts_size": "17K"}]}, {"posp": "VERB", "tran": "\uff08\u5c24\u6307\u77e5\u8bc6\uff09\u53d1\u5c55\uff0c\u8fdb\u6b65", "def": "To advance means to make progress, especially in your knowledge of something.", "example": [{"ex": "Medical technology has advanced considerably...", "tran": "\u533b\u5b66\u6280\u672f\u7a81\u98de\u731b\u8fdb\u3002", "tts_mp3": "http://res-tts.iciba.com/tts_dj/6/d/6/6d6ca1f90bda5f9e4e04179eb48d8d19.mp3", "tts_size": "14K"}, {"ex": "Japan has advanced from a rural, feudal society to an urban, industrial power.", "tran": "\u65e5\u672c\u5df2\u4ece\u5c01\u5efa\u519c\u4e1a\u793e\u4f1a\u53d1\u5c55\u6210\u4e00\u4e2a\u57ce\u5e02\u5316\u5de5\u4e1a\u5f3a\u56fd\u3002", "tts_mp3": "http://res-tts.iciba.com/tts_dj/c/1/e/c1e4b648b9c70b6770c24361352f45b9.mp3", "tts_size": "26K"}]}, {"posp": "VERB", "tran": "\u8d37\u7ed9\uff1b\u9884\u4ed8\uff1b\u9884\u652f", "def": "If you advance someone a sum of money, you lend it to them, or pay it to them earlier than arranged.", "example": [{"ex": "I advanced him some money, which he would repay on our way home...", "tran": "\u6211\u5148\u501f\u7ed9\u4ed6\u4e00\u4e9b\u94b1\uff0c\u5728\u6211\u4eec\u56de\u5bb6\u7684\u8def\u4e0a\u4ed6\u4f1a\u8fd8\u7ed9\u6211\u7684\u3002", "tts_mp3": "http://res-tts.iciba.com/tts_dj/d/f/8/df89f16b541f5d160641bf459cc60a10.mp3", "tts_size": "18K"}, {"ex": "The bank advanced $1.2 billion to help the country with debt repayments.", "tran": "\u94f6\u884c\u9884\u652f12\u4ebf\u7f8e\u5143\u5e2e\u52a9\u8be5\u56fd\u507f\u8fd8\u503a\u52a1\u3002", "tts_mp3": "http://res-tts.iciba.com/tts_dj/7/8/2/782b9c1a0e297163888feaf64bc0bfdc.mp3", "tts_size": "24K"}]}, {"posp": "N-COUNT", "tran": "\u8d37\u6b3e;\u9884\u4ed8\u6b3e", "def": "An advance is money which is lent or paid to someone before they would normally receive it.", "example": [{"ex": "She was paid a \u00a3100,000 advance for her next two novels.", "tran": "\u5979\u63a5\u4e0b\u6765\u7684\u4e24\u90e8\u5c0f\u8bf4\u5f97\u5230\u4e8610\u4e07\u82f1\u9551\u7684\u9884\u4ed8\u7a3f\u8d39\u3002", "tts_mp3": "http://res-tts.iciba.com/tts_dj/6/e/e/6eef37c9c8658a3d6602509e273623fd.mp3", "tts_size": "24K"}]}, {"posp": "VERB", "tran": "\u63d0\u524d\uff08\u672a\u6765\u4e8b\u4ef6\u7684\u65e5\u671f\uff09\uff1b\u4f7f\uff08\u672a\u6765\u4e8b\u4ef6\uff09\u63d0\u524d\u53d1\u751f", "def": "To advance an event, or the time or date of an event, means to bring it forward to an earlier time or date.", "example": [{"ex": "Too much protein in the diet may advance the ageing process...", "tran": "\u996e\u98df\u4e2d\u6444\u5165\u8fc7\u91cf\u86cb\u767d\u8d28\u53ef\u80fd\u4f1a\u52a0\u901f\u8870\u8001\u3002", "tts_mp3": "http://res-tts.iciba.com/tts_dj/a/9/0/a90994475cfa643d74ef8c6cf832e455.mp3", "tts_size": "18K"}, {"ex": "The country's election commission has advanced the date of parliamentary elections by three days.", "tran": "\u8be5\u56fd\u7684\u9009\u4e3e\u59d4\u5458\u4f1a\u5c06\u8bae\u4f1a\u9009\u4e3e\u65e5\u671f\u63d0\u524d\u4e863\u5929\u3002", "tts_mp3": "http://res-tts.iciba.com/tts_dj/2/5/2/252bbcc359ff53a8f1338464ea75d7a3.mp3", "tts_size": "26K"}]}, {"posp": "VERB", "tran": "\u4fc3\u8fdb\uff0c\u63a8\u52a8\uff08\u4e8b\u4e1a\u3001\u5229\u76ca\u6216\u4e3b\u5f20\uff09\uff1b\u4f7f\u52a0\u901f", "def": "If you advance a cause, interest, or claim, you support it and help to make it successful.", "example": [{"ex": "When not producing art of his own, Oliver was busy advancing the work of others.", "tran": "\u5965\u5229\u5f17\u5728\u4e0d\u641e\u81ea\u5df1\u7684\u827a\u672f\u521b\u4f5c\u65f6\uff0c\u5c31\u4f1a\u5fd9\u7740\u5e2e\u52a9\u522b\u4eba\u5b8c\u6210\u4f5c\u54c1\u3002", "tts_mp3": "http://res-tts.iciba.com/tts_dj/8/d/2/8d220688f12b219ffc993ed05c1b7ad3.mp3", "tts_size": "24K"}]}, {"posp": "VERB", "tran": "\u63d0\u51fa\uff08\u7406\u8bba\u3001\u8bba\u70b9\uff09", "def": "When a theory or argument is advanced, it is put forward for discussion.", "example": [{"ex": "Many theories have been advanced as to why some women suffer from depression...", "tran": "\u5c31\u4e00\u4e9b\u5973\u6027\u60a3\u6291\u90c1\u75c7\u7684\u539f\u56e0\uff0c\u5404\u79cd\u8bf4\u6cd5\u7eb7\u81f3\u6c93\u6765\u3002", "tts_mp3": "http://res-tts.iciba.com/tts_dj/7/e/9/7e92811af669c375795a0f795011dc1c.mp3", "tts_size": "21K"}, {"ex": "An important set of ideas have been advanced by the biologist Rupert Sheldrake.", "tran": "\u751f\u7269\u5b66\u5bb6\u9c81\u73c0\u7279\u00b7\u8c22\u5c14\u5fb7\u96f7\u514b\u5df2\u63d0\u51fa\u4e86\u4e00\u6574\u5957\u91cd\u8981\u7684\u89c2\u70b9\u3002", "tts_mp3": "http://res-tts.iciba.com/tts_dj/9/d/b/9dbb3b0541b4ac8a59acfbe7f584c815.mp3", "tts_size": "24K"}]}, {"posp": "N-VAR", "tran": "\uff08\u5e38\u6307\u519b\u4e8b\u884c\u52a8\u4e2d\u7684\uff09\u524d\u8fdb\uff0c\u884c\u8fdb\uff0c\u63a8\u8fdb", "def": "An advance is a forward movement of people or vehicles, usually as part of a military operation.", "example": [{"ex": "...an advance on enemy positions...", "tran": "\u5411\u654c\u65b9\u9635\u5730\u63a8\u8fdb", "tts_mp3": "http://res-tts.iciba.com/tts_dj/f/b/e/fbe22b6375bb7f70154eb15d4be2287e.mp3", "tts_size": "11K"}, {"ex": "The defences are intended to obstruct any advance by tanks and other vehicles.", "tran": "\u8fd9\u4e9b\u9632\u5fa1\u5de5\u4e8b\u7528\u4e8e\u963b\u6b62\u5766\u514b\u7b49\u8f66\u8f86\u524d\u8fdb\u3002", "tts_mp3": "http://res-tts.iciba.com/tts_dj/f/8/8/f88637e8d48cc109454ad72814b1b90d.mp3", "tts_size": "23K"}]}, {"posp": "N-PLURAL", "tran": "\u6311\u9017\uff1b\u52fe\u5f15", "def": "If you make advances to someone, you try to start a sexual relationship with them.", "example": [{"ex": "Mark had for some time been making advances towards her...", "tran": "\u9a6c\u514b\u8ffd\u5979\u5df2\u7ecf\u6709\u4e00\u6bb5\u65f6\u95f4\u4e86\u3002", "tts_mp3": "http://res-tts.iciba.com/tts_dj/c/b/8/cb87ea519e6dbb2c72779e5742b22a48.mp3", "tts_size": "16K"}, {"ex": "She rejected his advances during the trip to Cannes.", "tran": "\u5728\u53bb\u5f80\u621b\u7eb3\u7684\u9014\u4e2d\uff0c\u5979\u62d2\u7edd\u4e86\u4ed6\u7684\u6311\u9017\u3002", "tts_mp3": "http://res-tts.iciba.com/tts_dj/a/f/0/af0e6b99cadad0d05b537d1e1de8390c.mp3", "tts_size": "14K"}]}, {"posp": "N-VAR", "tran": "\u8fdb\u6b65\uff1b\u8fdb\u5c55", "def": "An advance in a particular subject or activity is progress in understanding it or in doing it well.", "example": [{"ex": "Air safety has not improved since the dramatic advances of the 1970s...", "tran": "\u822a\u7a7a\u5b89\u5168\u81ea\u4ece20\u4e16\u7eaa70\u5e74\u4ee3\u5f97\u5230\u663e\u8457\u63d0\u9ad8\u4e4b\u540e\uff0c\u81f3\u4eca\u518d\u6ca1\u6709\u4efb\u4f55\u6539\u5584\u3002", "tts_mp3": "http://res-tts.iciba.com/tts_dj/a/5/f/a5ff564a0f96c6fdc90db630a4d611c8.mp3", "tts_size": "23K"}, {"ex": "Their progress at work was mirrored by their children's educational advance.", "tran": "\u5b50\u5973\u5728\u5b66\u4e1a\u4e0a\u6709\u6240\u8fdb\u6b65\uff0c\u4ed6\u4eec\u5728\u5de5\u4f5c\u4e0a\u4e5f\u5c31\u4f1a\u6709\u6240\u8d77\u8272\u3002", "tts_mp3": "http://res-tts.iciba.com/tts_dj/4/3/3/433742353c2c7044a8d868a3af63dc2b.mp3", "tts_size": "21K"}]}, {"posp": "N-SING", "tran": "\u6539\u8fdb\uff1b\u6539\u5584", "def": "If something is an advance on what was previously available or done, it is better in some way.", "example": [{"ex": "This could be an advance on the present situation.", "tran": "\u8fd9\u6837\u53ef\u80fd\u4f1a\u6539\u5584\u5f53\u524d\u72b6\u51b5\u3002", "tts_mp3": "http://res-tts.iciba.com/tts_dj/7/d/3/7d3cbe1692620ab70208c8fe8c226a4e.mp3", "tts_size": "15K"}]}, {"posp": "ADJ", "tran": "\u9884\u5148\u7684\uff1b\u4e8b\u5148\u7684", "def": "Advance booking, notice, or warning is done or given before an event happens.", "example": [{"ex": "They don't normally give any advance notice about which building they're going to inspect...", "tran": "\u4ed6\u4eec\u4e00\u822c\u4e0d\u4f1a\u9884\u5148\u901a\u77e5\u68c0\u67e5\u54ea\u5ea7\u5927\u697c\u3002", "tts_mp3": "http://res-tts.iciba.com/tts_dj/6/f/0/6f0e05cb098a4e9836bc962e2bbb06fb.mp3", "tts_size": "23K"}, {"ex": "The event received little advance publicity.", "tran": "\u5173\u4e8e\u8be5\u4e8b\u4ef6\u4e8b\u5148\u51e0\u4e4e\u6ca1\u6709\u62a5\u9053\u3002", "tts_mp3": "http://res-tts.iciba.com/tts_dj/c/e/5/ce50f16da219a4c2c88f3b5591bb300d.mp3", "tts_size": "12K"}]}, {"posp": "ADJ", "tran": "\u5148\u884c\u7684\uff1b\u5148\u9063\u7684", "def": "An advance party or group is a small group of people who go on ahead of the main group.", "example": [{"ex": "The 20-strong advance party will be followed by another 600 soldiers as part of UN relief efforts.", "tran": "\u4f5c\u4e3a\u8054\u5408\u56fd\u6551\u63f4\u884c\u52a8\u7684\u4e00\u90e8\u5206\uff0c\u5728\u8fd9\u652f\u753120\u591a\u4eba\u7ec4\u6210\u7684\u5148\u5934\u90e8\u961f\u4e4b\u540e\u8fd8\u5c06\u589e\u6d3e600\u540d\u58eb\u5175\u3002", "tts_mp3": "http://res-tts.iciba.com/tts_dj/0/5/7/0578d50bd737fed7e45f965be040fdee.mp3", "tts_size": "29K"}]}, {"posp": "PREP-PHRASE", "tran": "\u5728\u2026\u7684\u524d\u9762\uff1b\u5728\u2026\u4e4b\u524d", "def": "If one thing happens or is done in advance of another, it happens or is done before the other thing.", "example": [{"ex": "I had asked everyone to submit questions in advance of the meeting.", "tran": "\u6211\u5df2\u8bf7\u6bcf\u4e2a\u4eba\u5728\u4f1a\u8bae\u4e4b\u524d\u63d0\u4ea4\u95ee\u9898\u3002", "tts_mp3": "http://res-tts.iciba.com/tts_dj/9/c/0/9c08da50041652cea8c54009e3d61b16.mp3", "tts_size": "19K"}]}, {"posp": "PHRASE", "tran": "\u63d0\u524d;\u4e8b\u5148", "def": "If you do something in advance, you do it before a particular date or event.", "example": [{"ex": "The subject of the talk is announced a week in advance.", "tran": "\u4f1a\u8c08\u7684\u4e3b\u9898\u5df2\u63d0\u524d\u4e00\u5468\u5ba3\u5e03\u3002", "tts_mp3": "http://res-tts.iciba.com/tts_dj/3/2/8/328f7434439f494220bec6dacd93bdd0.mp3", "tts_size": "14K"}]}], "collins_star": "4", "frequency_count": 44738913, "frequency_rank": 1837}