{"ph_en": "\u0259d\u02c8v\u0251:nst", "ph_am": "\u0259d\u02c8v\u00e6nst", "ph_en_mp3": "", "ph_am_mp3": "http://res.iciba.com/resource/amp3/1/0/37/c3/37c3450b6618a349e4890dcafff6b505.mp3", "parts": [{"part": "adj.", "means": ["\u5148\u8fdb\u7684", "\u9ad8\u7b49\u7684\uff0c\u9ad8\u6df1\u7684", "\u5e74\u8001\u7684", "\u665a\u671f\u7684"]}, {"part": "v.", "means": ["\u524d\u8fdb(advance\u7684\u8fc7\u53bb\u5f0f\u548c\u8fc7\u53bb\u5206\u8bcd)", "\u589e\u52a0", "\u4e0a\u6da8"]}], "collins": [{"posp": "ADJ-GRADED", "tran": "\uff08\u5236\u5ea6\u3001\u65b9\u6cd5\u6216\u8bbe\u8ba1\uff09\u5148\u8fdb\u7684", "def": "An advanced system, method, or design is modern and has been developed from an earlier version of the same thing.", "example": [{"ex": "Without more training or advanced technical skills, they'll lose their jobs.", "tran": "\u6ca1\u6709\u8fdb\u4e00\u6b65\u7684\u57f9\u8bad\u6216\u9ad8\u7ea7\u6280\u80fd\u7684\u8bdd\uff0c\u4ed6\u4eec\u5c31\u4f1a\u4e22\u6389\u5de5\u4f5c\u3002", "tts_mp3": "http://res-tts.iciba.com/tts_dj/5/b/5/5b538309b1ccee02024fa9645a190751.mp3", "tts_size": "22K"}, {"ex": "...the most advanced optical telescope in the world.", "tran": "\u4e16\u754c\u4e0a\u6700\u5148\u8fdb\u7684\u5149\u5b66\u671b\u8fdc\u955c", "tts_mp3": "http://res-tts.iciba.com/tts_dj/d/1/9/d19663f4fc6b47f2755cf7ec09fd06c2.mp3", "tts_size": "15K"}]}, {"posp": "ADJ-GRADED", "tran": "\uff08\u56fd\u5bb6\uff09\u5148\u8fdb\u7684\uff0c\u53d1\u8fbe\u7684", "def": "A country that is advanced has reached a high level of industrial or technological development.", "example": [{"ex": "...a technologically advanced society.", "tran": "\u79d1\u6280\u53d1\u8fbe\u7684\u793e\u4f1a", "tts_mp3": "http://res-tts.iciba.com/tts_dj/1/a/3/1a31bfe72d4ecef2505ab7c724262d34.mp3", "tts_size": "12K"}]}, {"posp": "ADJ-GRADED", "tran": "\uff08\u5b66\u751f\uff09\u7a0b\u5ea6\u9ad8\u7684\uff1b\uff08\u8bfe\u7a0b\uff09\u9ad8\u7ea7\u7684\uff0c\u9ad8\u7b49\u7684", "def": "An advanced student has already learned the basic facts of a subject and is doing more difficult work. An advanced course of study is designed for such students.", "example": [{"ex": "The course is suitable for beginners and advanced students...", "tran": "\u672c\u8bfe\u7a0b\u9002\u5408\u521d\u5b66\u8005\u53ca\u7a0b\u5ea6\u8f83\u9ad8\u8005\u3002", "tts_mp3": "http://res-tts.iciba.com/tts_dj/8/b/d/8bd53e860225deba1668906a0b221499.mp3", "tts_size": "18K"}, {"ex": "The lab has recently been updated to allow for more advanced courses.", "tran": "\u5b9e\u9a8c\u5ba4\u6700\u8fd1\u7ecf\u8fc7\u66f4\u65b0\uff0c\u53ef\u4ee5\u4e0a\u66f4\u9ad8\u9636\u7684\u8bfe\u7a0b\u4e86\u3002", "tts_mp3": "http://res-tts.iciba.com/tts_dj/c/a/e/cae60a56c317bebbc42a401c1ced93bc.mp3", "tts_size": "20K"}]}, {"posp": "ADJ-GRADED", "tran": "\u665a\u671f\u7684\uff1b\u540e\u671f\u7684", "def": "Something that is at an advanced stage or level is at a late stage of development.", "example": [{"ex": "'Medicare' is available to victims of advanced kidney disease...", "tran": "\u8001\u5e74\u533b\u7597\u4fdd\u9669\u4e5f\u9002\u7528\u4e8e\u80be\u75c5\u665a\u671f\u60a3\u8005\u3002", "tts_mp3": "http://res-tts.iciba.com/tts_dj/1/8/b/18b50d8da38ce19ec7ab17ad1b8425b6.mp3", "tts_size": "19K"}, {"ex": "His ideas should be more advanced by the time the Committee meets in Edinburgh in October.", "tran": "\u5230\u59d4\u5458\u4f1a10\u6708\u4efd\u5728\u7231\u4e01\u5821\u5f00\u4f1a\u65f6\uff0c\u4ed6\u7684\u89c2\u70b9\u5e94\u8be5\u66f4\u4e3a\u6210\u719f\u4e86\u3002", "tts_mp3": "http://res-tts.iciba.com/tts_dj/0/7/5/075c0717518980ba0a5c65a34e1a0811.mp3", "tts_size": "25K"}]}, {"posp": "ADJ-GRADED", "tran": "\u9ad8\u9f84\u7684\uff1b\u5e74\u4e8b\u5df2\u9ad8\u7684", "def": "If you say that someone is of advanced years or is advanced in age, you are saying in a polite way that they are old.", "example": [{"ex": "The gentleman, despite his advanced years, helped Kathryn back to her seat.", "tran": "\u8fd9\u4f4d\u7ec5\u58eb\uff0c\u5c3d\u7ba1\u5e74\u4e8b\u5df2\u9ad8\uff0c\u4ecd\u7136\u5e2e\u7740\u51ef\u745f\u7433\u56de\u5230\u5ea7\u4f4d\u4e0a\u3002", "tts_mp3": "http://res-tts.iciba.com/tts_dj/a/3/f/a3fb5b4a3a141080a37b6252baf5c4c5.mp3", "tts_size": "24K"}]}], "collins_star": "3", "frequency_count": 173422161, "frequency_rank": 443}