{"ph_en": "\u0259d\u02c8v\u0251:nsm\u0259nt", "ph_am": "\u0259d\u02c8v\u00e6nsm\u0259nt", "ph_en_mp3": "http://res.iciba.com/resource/amp3/oxford/0/cb/61/cb61d6b5c88a2fd3095869f2ffba89b8.mp3", "ph_am_mp3": "http://res.iciba.com/resource/amp3/1/0/1a/5c/1a5c1f880f2b371fe7f59c6394a78f89.mp3", "parts": [{"part": "n.", "means": ["\u524d\u8fdb\uff0c\u8fdb\u6b65", "\u63d0\u5347\uff0c\u5347\u7ea7", "\u9884\u4ed8"]}], "collins": [{"posp": "N-UNCOUNT", "tran": "\u63d0\u5347\uff1b\u664b\u5347", "def": "Advancement is progress in your job or in your social position.", "example": [{"ex": "He cared little for social advancement.", "tran": "\u4ed6\u4e0d\u592a\u5728\u610f\u793e\u4f1a\u5730\u4f4d\u7684\u63d0\u5347\u3002", "tts_mp3": "http://res-tts.iciba.com/tts_dj/1/d/f/1df328421834ac061f4c30c2ed218044.mp3", "tts_size": "12K"}]}, {"posp": "N-VAR", "tran": "\u4fc3\u8fdb;\u63a8\u52a8", "def": "The advancement of something is the process of helping it to progress or the result of its progress.", "example": [{"ex": "..her work for the advancement of the status of women.", "tran": "\u5979\u4e3a\u63d0\u9ad8\u5987\u5973\u5730\u4f4d\u6240\u4f5c\u7684\u5de5\u4f5c", "tts_mp3": "http://res-tts.iciba.com/tts_dj/1/d/d/1dd48020f8fb35a9d22e8d7ceecf9ae0.mp3", "tts_size": "14K"}]}], "collins_star": "1", "frequency_count": 5205341, "frequency_rank": 9793}