{"ph_en": "\u0259d\u02c8v\u0251:nt\u026ad\u0292", "ph_am": "\u0259d\u02c8v\u00e6nt\u026ad\u0292", "ph_en_mp3": "http://res.iciba.com/resource/amp3/oxford/0/1d/83/1d83b818447bc2ee4a6de245176ebb75.mp3", "ph_am_mp3": "http://res.iciba.com/resource/amp3/1/0/22/90/2290dc931ca9f51d5e44b6d6dba081d7.mp3", "parts": [{"part": "n.", "means": ["\u6709\u5229\u6761\u4ef6", "\u76ca\u5904", "\u4f18\u8d8a\uff08\u6027\uff09", "\u5904\u4e8e\u652f\u914d\u5730\u4f4d"]}, {"part": "vt.", "means": ["\u6709\u5229\u4e8e", "\u6709\u76ca\u4e8e", "\u4fc3\u8fdb", "\u4f7f\u5904\u4e8e\u6709\u5229\u5730\u4f4d"]}, {"part": "vi.", "means": ["\u5f97\u76ca\uff0c\u83b7\u5229"]}], "collins": [{"posp": "N-COUNT", "tran": "\u6709\u5229\u6761\u4ef6\uff1b\u6709\u5229\u56e0\u7d20\uff1b\u4f18\u52bf", "def": "An advantage is something that puts you in a better position than other people.", "example": [{"ex": "They are deliberately flouting the law in order to obtain an advantage over their competitors...", "tran": "\u4ed6\u4eec\u4e3a\u4e86\u548c\u7ade\u4e89\u5bf9\u624b\u62a2\u593a\u5148\u673a\u800c\u516c\u7136\u65e0\u89c6\u6cd5\u5f8b\u3002", "tts_mp3": "http://res-tts.iciba.com/tts_dj/a/2/3/a235716fd14a47201b974e39a1e3928d.mp3", "tts_size": "24K"}, {"ex": "A good crowd will be a definite advantage to me and the rest of the team.", "tran": "\u5927\u6279\u89c2\u4f17\u65e0\u7591\u5c06\u6210\u4e3a\u6211\u548c\u5176\u4ed6\u961f\u5458\u7684\u4e00\u5927\u4f18\u52bf\u3002", "tts_mp3": "http://res-tts.iciba.com/tts_dj/2/0/1/201a1534bf4fe36f3d58204eda3a3d85.mp3", "tts_size": "19K"}]}, {"posp": "N-UNCOUNT", "tran": "\u4f18\u52bf\uff1b\u6709\u5229\u5730\u4f4d", "def": "Advantage is the state of being in a better position than others who are competing against you.", "example": [{"ex": "Men have created a social and economic position of advantage for themselves over women.", "tran": "\u7537\u6027\u5df2\u7ecf\u4e3a\u81ea\u5df1\u521b\u9020\u4e86\u4f18\u4e8e\u5973\u6027\u7684\u793e\u4f1a\u548c\u7ecf\u6d4e\u4e0a\u7684\u6709\u5229\u5730\u4f4d\u3002", "tts_mp3": "http://res-tts.iciba.com/tts_dj/d/b/e/dbecee02657c87bfd683ab814a42757a.mp3", "tts_size": "26K"}]}, {"posp": "N-COUNT", "tran": "\u597d\u5904\uff1b\u76ca\u5904\uff1b\u4f18\u70b9", "def": "An advantage is a way in which one thing is better than another.", "example": [{"ex": "The great advantage of home-grown oranges is their magnificent flavour...", "tran": "\u5bb6\u4ea7\u67d1\u6a58\u7684\u4e00\u5927\u597d\u5904\u662f\u53e3\u611f\u6781\u4f73\u3002", "tts_mp3": "http://res-tts.iciba.com/tts_dj/c/1/2/c12b03d70eca32fd87f1e495a215aae2.mp3", "tts_size": "20K"}, {"ex": "This custom-built kitchen has many advantages over a standard one.", "tran": "\u8fd9\u95f4\u5b9a\u5236\u7684\u53a8\u623f\u4e0e\u6807\u51c6\u53a8\u623f\u76f8\u6bd4\u5b58\u5728\u8bf8\u591a\u4f18\u70b9\u3002", "tts_mp3": "http://res-tts.iciba.com/tts_dj/4/4/9/449fea44366a04f6f585b8f7a1e90d7d.mp3", "tts_size": "21K"}]}, {"posp": "PHRASE", "tran": "\u5229\u7528", "def": "If you take advantage of something, you make good use of it while you can.", "example": [{"ex": "I intend to take full advantage of this trip to buy the things we need.", "tran": "\u6211\u6253\u7b97\u5145\u5206\u5229\u7528\u8fd9\u6b21\u65c5\u884c\u6765\u8d2d\u4e70\u6211\u4eec\u6240\u9700\u7684\u7269\u54c1\u3002", "tts_mp3": "http://res-tts.iciba.com/tts_dj/7/f/c/7fcf4572a9405329914bb598c733ee25.mp3", "tts_size": "19K"}]}, {"posp": "PHRASE", "tran": "\u5360\u2026\u7684\u4fbf\u5b9c\uff1b\u6b3a\u9a97\uff1b\u6349\u5f04", "def": "If someone takes advantage of you, they treat you unfairly for their own benefit, especially when you are trying to be kind or to help them.", "example": [{"ex": "She took advantage of him even after they were divorced.", "tran": "\u751a\u81f3\u5728\u4ed6\u4eec\u79bb\u5a5a\u540e\uff0c\u5979\u8fd8\u5728\u5360\u4ed6\u7684\u4fbf\u5b9c\u3002", "tts_mp3": "http://res-tts.iciba.com/tts_dj/d/4/0/d40650ff9765a560d7e0204c9fcaf01e.mp3", "tts_size": "15K"}]}, {"posp": "PHRASE", "tran": "\uff08\u5c24\u6307\u8f6c\u53d8\u4e0d\u5229\u60c5\u51b5\u4f7f\u4e4b\uff09\u5bf9\u2026\u6709\u5229", "def": "If you use or turn something to your advantage, you use it in order to benefit from it, especially when it might be expected to harm or damage you.", "example": [{"ex": "The government have not been able to turn today's demonstration to their advantage.", "tran": "\u653f\u5e9c\u672a\u80fd\u628a\u4eca\u5929\u7684\u6e38\u884c\u793a\u5a01\u8f6c\u4e3a\u5df1\u7528\u3002", "tts_mp3": "http://res-tts.iciba.com/tts_dj/2/b/9/2b9a57f87abf7de028bd03777417c0ed.mp3", "tts_size": "22K"}]}, {"posp": "PHRASE", "tran": "\u6700\u6709\u5229\u5730\uff1b\u6700\u6709\u6548\u5730\uff1b\u4f7f\u4f18\u70b9\u7a81\u51fa", "def": "If something is shown to good advantage or to best advantage, it is shown in a way that reveals its best features.", "example": [{"ex": "The walls were painted in muted tones to show the pictures to good advantage.", "tran": "\u5899\u9762\u88ab\u6f06\u6210\u4e86\u6de1\u8272\u8c03\uff0c\u4ee5\u7a81\u51fa\u7167\u7247\u3002", "tts_mp3": "http://res-tts.iciba.com/tts_dj/6/c/5/6c5005f45ad074b8129af2c670128e97.mp3", "tts_size": "21K"}]}], "collins_star": "4", "frequency_count": 32963469, "frequency_rank": 2419}