{"ph_en": "\u02cc\u00e6dv\u0259n\u02c8te\u026ad\u0292\u0259s", "ph_am": "\u02cc\u00e6dv\u00e6n\u02c8ted\u0292\u0259s, -v\u0259n-", "ph_en_mp3": "http://res.iciba.com/resource/amp3/oxford/0/6a/11/6a11960e3d604fb84cd65f3fa38deb95.mp3", "ph_am_mp3": "http://res.iciba.com/resource/amp3/1/0/53/37/53379c98c6f9a4276dd2fbcaa50fd87c.mp3", "parts": [{"part": "adj.", "means": ["\u6709\u5229\u7684", "\u4f18\u8d8a"]}], "collins": [{"posp": "ADJ-GRADED", "tran": "\u6709\u5229\u7684\uff1b\u6709\u52a9\u7684\uff1b\u6709\u76ca\u7684", "def": "If something is advantageous to you, it is likely to benefit you.", "example": [{"ex": "Free exchange of goods was advantageous to all.", "tran": "\u5546\u54c1\u81ea\u7531\u4ea4\u6362\u60e0\u6cfd\u516b\u65b9\u3002", "tts_mp3": "http://res-tts.iciba.com/tts_dj/f/9/7/f978026df5381711bc4f097ebc64f4b7.mp3", "tts_size": "15K"}, {"ex": "...an opportunity to purchase a set of tools at very advantageous prices.", "tran": "\u4ee5\u975e\u5e38\u4f18\u60e0\u7684\u4ef7\u683c\u8d2d\u4e70\u4e00\u5957\u5de5\u5177\u7684\u673a\u4f1a", "tts_mp3": "http://res-tts.iciba.com/tts_dj/2/1/6/21665ef9eb9f0440185d7562db30a65e.mp3", "tts_size": "22K"}]}], "collins_star": "1", "frequency_count": 1238029, "frequency_rank": 23212}