{"ph_en": "\u0259d\u02c8vent\u0283\u0259(r)", "ph_am": "\u00e6d\u02c8v\u025bnt\u0283\u025a", "ph_en_mp3": "http://res.iciba.com/resource/amp3/oxford/0/44/33/44330626a0a2696379d3c8ff1f594f68.mp3", "ph_am_mp3": "http://res.iciba.com/resource/amp3/1/0/7c/b4/7cb4872d414053539d11f7c1270eafdc.mp3", "parts": [{"part": "n.", "means": ["\u5192\u9669\u6d3b\u52a8", "\u5192\u9669\u7ecf\u5386", "\u5947\u9047"]}], "collins": [{"posp": "N-COUNT", "tran": "\u5192\u9669\uff1b\u5192\u9669\u7ecf\u5386\uff1b\u5947\u9047", "def": "If someone has an adventure, they become involved in an unusual, exciting, and rather dangerous journey or series of events.", "example": [{"ex": "I set off for a new adventure in the United States on the first day of the new year.", "tran": "\u65b0\u5e74\u7b2c\u4e00\u5929\uff0c\u6211\u5728\u7f8e\u56fd\u5f00\u59cb\u4e86\u4e00\u6b21\u65b0\u7684\u5192\u9669\u3002", "tts_mp3": "http://res-tts.iciba.com/tts_dj/4/5/e/45e94ea9d66587892ea4480a7c523a7f.mp3", "tts_size": "23K"}]}, {"posp": "N-UNCOUNT", "tran": "\u5192\u9669\u7684\u523a\u6fc0\uff1b\u5927\u80c6\u7684\u5f00\u62d3\uff1b\u52c7\u6562\u7684\u95ef\u8361", "def": "Adventure is excitement and willingness to do new, unusual, or rather dangerous things.", "example": [{"ex": "Their cultural backgrounds gave them a spirit of adventure.", "tran": "\u4ed6\u4eec\u7684\u6587\u5316\u80cc\u666f\u8d4b\u4e88\u4e86\u4ed6\u4eec\u4e00\u79cd\u5192\u9669\u7cbe\u795e\u3002", "tts_mp3": "http://res-tts.iciba.com/tts_dj/7/a/e/7ae24e19b1597b0f468e12ec808ffa9d.mp3", "tts_size": "15K"}, {"ex": "...a feeling of adventure and excitement.", "tran": "\u60ca\u9669\u523a\u6fc0\u7684\u611f\u89c9", "tts_mp3": "http://res-tts.iciba.com/tts_dj/8/3/4/83469e6e948044ad10a6bb987b1cb5b1.mp3", "tts_size": "11K"}]}, {"posp": "VERB", "tran": "\u53bb\uff08\u67d0\u5730\uff09\u63a2\u9669", "def": "If you adventure somewhere, you go somewhere new, unusual, and exciting.", "example": [{"ex": "The group has adventured as far as the Austrian alps.", "tran": "\u8be5\u961f\u4f0d\u7684\u63a2\u9669\u4e4b\u65c5\u8fdc\u81f3\u5965\u5730\u5229\u7684\u963f\u5c14\u5351\u65af\u5c71\u3002", "tts_mp3": "http://res-tts.iciba.com/tts_dj/4/e/1/4e1e97b24ad2947c2d70452a7555d8ac.mp3", "tts_size": "16K"}]}], "collins_star": "2", "frequency_count": 34807033, "frequency_rank": 2310}