{"ph_en": "\u02c8\u00e6dv\u025c:t", "ph_am": "\u02c8\u00e6dv\u025crt", "ph_en_mp3": "http://res.iciba.com/resource/amp3/oxford/0/4a/3b/4a3b55b608e3d4c7f2be6aa8104c6eab.mp3", "ph_am_mp3": "http://res.iciba.com/resource/amp3/1/0/e0/93/e09377547186b1e96b7847d526f27945.mp3", "parts": [{"part": "n.", "means": ["\u3008\u82f1\u53e3\u3009\u540c\u201cadvertisement\u201d"]}, {"part": "vi.", "means": ["\u5f15\u8d77\u6ce8\u610f", "\u63d0\u5230"]}], "collins": [{"posp": "N-COUNT", "tran": "\u5e7f\u544a", "def": "An advert is an announcement in a newspaper, on television, or on a poster about something such as a product, event, or job.", "example": [{"ex": "I saw an advert for a job with a large engineering company...", "tran": "\u6211\u770b\u89c1\u4e00\u5bb6\u5927\u578b\u5de5\u7a0b\u516c\u53f8\u7684\u62db\u8058\u5e7f\u544a\u3002", "tts_mp3": "http://res-tts.iciba.com/tts_dj/1/e/1/1e105b0b69afe9da56c2a786849b8aff.mp3", "tts_size": "17K"}, {"ex": "Many caravans are let by private individuals through adverts in papers or shop windows.", "tran": "\u8bb8\u591a\u65c5\u884c\u62d6\u8f66\u7531\u79c1\u4eba\u901a\u8fc7\u5728\u62a5\u7eb8\u6216\u5546\u5e97\u6a71\u7a97\u4e0a\u505a\u5e7f\u544a\u51fa\u79df\u3002", "tts_mp3": "http://res-tts.iciba.com/tts_dj/3/6/7/367ab90565116b481ec071bdf3ddd9bd.mp3", "tts_size": "26K"}]}, {"posp": "N-COUNT", "tran": "\u5e7f\u544a\uff1b\u5ba3\u4f20", "def": "If you say that an example of something is an advert for that thing in general, you mean that it shows how good that thing is.", "example": [{"ex": "This courtroom battle has been a poor advert for English justice.", "tran": "\u8fd9\u573a\u6cd5\u5ead\u4e0a\u7684\u4e89\u8bba\u4e3a\u82f1\u683c\u5170\u7684\u53f8\u6cd5\u5236\u5ea6\u505a\u4e86\u4e00\u6b21\u62d9\u52a3\u7684\u5e7f\u544a\u3002", "tts_mp3": "http://res-tts.iciba.com/tts_dj/8/3/e/83e2b56bb37d79f7b2626a5b99faac05.mp3", "tts_size": "19K"}]}, {"posp": "N-PLURAL", "tran": "\uff08\u7535\u89c6\u4e0a\u7684\uff09\u5e7f\u544a\u65f6\u95f4", "def": "You can use the adverts to refer to the interval in a commercial television programme, or between programmes, during which advertisements are shown.", "example": [{"ex": "After the adverts, the presenter tried to pretend that everything was back to normal.", "tran": "\u5e7f\u544a\u8fc7\u540e\uff0c\u4e3b\u6301\u4eba\u52aa\u529b\u5047\u88c5\u4e00\u5207\u6062\u590d\u6b63\u5e38\u3002", "tts_mp3": "http://res-tts.iciba.com/tts_dj/c/b/b/cbba88923a4d2f6f3bd57661696a1611.mp3", "tts_size": "23K"}]}], "collins_star": "2", "frequency_count": 5431594, "frequency_rank": 9541}