{"ph_en": "\u0259d\u02c8vent\u0283\u0259r\u0259s", "ph_am": "\u00e6d\u02c8v\u025bnt\u0283\u0259r\u0259s", "ph_en_mp3": "http://res.iciba.com/resource/amp3/oxford/0/30/f8/30f8b73c216f259ff8e9154c7ce79a0c.mp3", "ph_am_mp3": "http://res.iciba.com/resource/amp3/1/0/16/d2/16d268106de0ef01acc23d6a502d2c12.mp3", "parts": [{"part": "adj.", "means": ["\u7231\u5192\u9669\u7684", "\u5927\u80c6\u7684", "\u5371\u9669\u7684"]}], "collins": [{"posp": "ADJ-GRADED", "tran": "\u52c7\u4e8e\u5192\u9669\u7684\uff1b\u6562\u4e8e\u521b\u65b0\u7684\uff1b\u65b0\u5947\u7684", "def": "Someone who is adventurous is willing to take risks and to try new methods. Something that is adventurous involves new things or ideas.", "example": [{"ex": "Warren was an adventurous businessman...", "tran": "\u6c83\u4f26\u662f\u4e2a\u6562\u4e8e\u5192\u9669\u7684\u5546\u4eba\u3002", "tts_mp3": "http://res-tts.iciba.com/tts_dj/7/6/f/76f3dd129b7a446ed371b6830d188ccf.mp3", "tts_size": "11K"}, {"ex": "The menu could have been more adventurous.", "tran": "\u83dc\u5355\u672c\u53ef\u4ee5\u505a\u5f97\u66f4\u6709\u65b0\u610f\u3002", "tts_mp3": "http://res-tts.iciba.com/tts_dj/3/2/3/323bb172fd097b133c5e330eaed5b88a.mp3", "tts_size": "11K"}]}, {"posp": "ADJ-GRADED", "tran": "\u7231\u5192\u9669\u7684;\u7231\u730e\u5947\u7684", "def": "Someone who is adventurous is eager to visit new places and have new experiences.", "example": [{"ex": "He had always wanted an adventurous life in the tropics.", "tran": "\u4ed6\u4e00\u76f4\u60f3\u5230\u70ed\u5e26\u5730\u533a\u8fc7\u5192\u9669\u7684\u751f\u6d3b\u3002", "tts_mp3": "http://res-tts.iciba.com/tts_dj/5/9/0/5907b79ac53184758d994661635d8b5e.mp3", "tts_size": "17K"}]}], "collins_star": "1", "frequency_count": 1398567, "frequency_rank": 21619}