{"ph_en": "\u0259d\u02c8vent\u0283\u0259r\u0259(r)", "ph_am": "\u00e6d\u02c8v\u025bnt\u0283\u0259\u025a", "ph_en_mp3": "http://res.iciba.com/resource/amp3/oxford/0/e1/78/e178e59c39c6a09fb7215230ad0ef71c.mp3", "ph_am_mp3": "http://res.iciba.com/resource/amp3/1/0/52/1e/521e749d2ac014592f7a160b4be5c62b.mp3", "parts": [{"part": "n.", "means": ["\u63a2\u9669\u5bb6\uff0c\u5192\u9669\u5bb6", "\u6295\u673a\u5546\u4eba"]}], "collins": [{"posp": "N-COUNT", "tran": "\u5192\u9669\u8005\uff1b\u5192\u9669\u5bb6", "def": "An adventurer is a person who enjoys going to new, unusual, and exciting places.", "example": []}, {"posp": "N-COUNT", "tran": "\u6295\u673a\u53d6\u5de7\u8005\uff1b\u7528\u4e0d\u6b63\u5f53\u624b\u6bb5\u8c0b\u6c42\u94b1\u8d22\uff08\u6216\u6743\u5229\uff09\u8005", "def": "If you describe someone as an adventurer, you disapprove of them because they are using dishonest or immoral methods to gain money or power.", "example": [{"ex": "...unprincipled opportunists and ambitious political adventurers.", "tran": "\u4e0d\u62e9\u624b\u6bb5\u7684\u673a\u4f1a\u4e3b\u4e49\u8005\u548c\u91ce\u5fc3\u52c3\u52c3\u7684\u653f\u6cbb\u6295\u673a\u8005", "tts_mp3": "http://res-tts.iciba.com/tts_dj/f/a/a/faa20fb8805ff1a382235a8187070509.mp3", "tts_size": "20K"}]}], "collins_star": "1", "frequency_count": 696132, "frequency_rank": 32524}