{"ph_en": "\u02c8\u00e6dv\u0259s\u0259ri", "ph_am": "\u02c8\u00e6dv\u0259rseri", "ph_en_mp3": "http://res.iciba.com/resource/amp3/oxford/0/18/f5/18f5edbc01eaa45e5ebdb55835fd7940.mp3", "ph_am_mp3": "http://res.iciba.com/resource/amp3/1/0/30/f4/30f4656a496df335f5d2f90fe5d5c2bf.mp3", "parts": [{"part": "n.", "means": ["\u5bf9\u624b\uff0c\u654c\u624b", "\u9b54\u9b3c"]}], "collins": [{"posp": "N-COUNT", "tran": "\u654c\u624b\uff1b\u5bf9\u624b", "def": "Your adversary is someone you are competing with, or arguing or fighting against.", "example": [{"ex": "Elliott crossed the finish line just half a second behind his adversary...", "tran": "\u57c3\u5229\u5965\u7279\u8de8\u8fc7\u7ec8\u70b9\u7ebf\u65f6\u4ec5\u6bd4\u5bf9\u624b\u843d\u540e\u534a\u79d2\u949f\u3002", "tts_mp3": "http://res-tts.iciba.com/tts_dj/6/7/c/67cfd32185640a69231bb01503651c49.mp3", "tts_size": "20K"}, {"ex": "His political adversaries were creating a certain amount of trouble for him.", "tran": "\u4ed6\u7684\u653f\u654c\u6b63\u5728\u7ed9\u4ed6\u5236\u9020\u4e00\u4e9b\u9ebb\u70e6\u3002", "tts_mp3": "http://res-tts.iciba.com/tts_dj/c/3/f/c3f0e300a2a89418d79fb955f7ac8b3e.mp3", "tts_size": "20K"}]}], "collins_star": "1", "frequency_count": 1103245, "frequency_rank": 24833}