{"ph_en": "\u02c8\u00e6dv\u0259ta\u026az", "ph_am": "\u02c8\u00e6dv\u0259rta\u026az", "ph_en_mp3": "http://res.iciba.com/resource/amp3/oxford/0/19/7c/197cee85e257cecc335f16c7da90a1c9.mp3", "ph_am_mp3": "http://res.iciba.com/resource/amp3/1/0/91/b7/91b7834deae78bbc46757130a1282886.mp3", "parts": [{"part": "vt.", "means": ["\u505a\u5e7f\u544a\uff0c\u505a\u5ba3\u4f20", "\u901a\u544a\uff0c\u901a\u77e5", "\u5ba3\u626c"]}, {"part": "vi.", "means": ["\u767b\u5e7f\u544a\uff0c\u505a\u5e7f\u544a", "\u505a\u5ba3\u4f20"]}], "collins": [{"posp": "VERB", "tran": "\u4e3a\u2026\u505a\u5e7f\u544a;\u5ba3\u4f20", "def": "If you advertise something such as a product, an event, or a job, you tell people about it in newspapers, on television, or on posters in order to encourage them to buy the product, go to the event, or apply for the job.", "example": [{"ex": "The players can advertise baked beans, but not rugby boots...", "tran": "\u7403\u5458\u53ef\u4ee5\u7ed9\u70e4\u83dc\u8c46\u505a\u5e7f\u544a\uff0c\u4f46\u4e0d\u80fd\u4ee3\u8a00\u6a44\u6984\u7403\u9774\u3002", "tts_mp3": "http://res-tts.iciba.com/tts_dj/e/b/6/eb6d172892c6cf2db29c902d68ed56e7.mp3", "tts_size": "20K"}, {"ex": "In 1991, the house was advertised for sale at $49,000...", "tran": "1991\u5e74\uff0c\u8fd9\u5ea7\u623f\u5b50\u767b\u5e7f\u544a\u51fa\u552e\uff0c\u552e\u4ef7\u4e3a49,000\u7f8e\u5143\u3002", "tts_mp3": "http://res-tts.iciba.com/tts_dj/3/1/c/31c34dfd3e9c98ae18c823b5d430c383.mp3", "tts_size": "25K"}]}, {"posp": "VERB", "tran": "\uff08\u5728\u62a5\u7eb8\u3001\u7535\u89c6\u3001\u516c\u544a\u680f\u4e0a\uff09\u767b\u5e7f\u544a\u62db\u52df\uff0c\u767b\u5e7f\u544a\u5f81\u6c42", "def": "If you advertise for someone to do something for you, for example to work for you or share your accommodation, you announce it in a newspaper, on television, or on a notice board.", "example": [{"ex": "We advertised for staff in a local newspaper...", "tran": "\u6211\u4eec\u5728\u4e00\u5bb6\u5730\u65b9\u62a5\u7eb8\u4e0a\u520a\u767b\u4e86\u62db\u8058\u5e7f\u544a\u3002", "tts_mp3": "http://res-tts.iciba.com/tts_dj/d/b/1/db152a6800862a7968edc90371693644.mp3", "tts_size": "15K"}, {"ex": "I shall advertise for someone to go with me.", "tran": "\u6211\u5c06\u767b\u5e7f\u544a\u5bfb\u4eba\u548c\u6211\u540c\u53bb\u3002", "tts_mp3": "http://res-tts.iciba.com/tts_dj/5/a/f/5af8a0a4d5c786fd9b4942092e2efb85.mp3", "tts_size": "13K"}]}, {"posp": "VERB", "tran": "\uff08\u901a\u8fc7\u5916\u8868\u6216\u884c\u4e3a\uff09\u663e\u793a\uff08\u67d0\u79cd\u7279\u8d28\uff09\uff1b\u4f7f\u53d8\u5f97\u663e\u773c", "def": "If someone or something advertises a particular quality, they show it in their appearance or behaviour.", "example": [{"ex": "His hard sinewy body advertised his ruthlessness of purpose.", "tran": "\u4ed6\u5065\u7855\u7684\u8eab\u4f53\u4f7f\u4ed6\u663e\u5f97\u610f\u5fd7\u5c24\u4e3a\u575a\u5f3a\u3002", "tts_mp3": "http://res-tts.iciba.com/tts_dj/7/d/2/7d23ee84d7d84fec7a6cc6ec5a192fad.mp3", "tts_size": "19K"}]}, {"posp": "VERB", "tran": "\u5ba3\u626c\uff1b\u5f20\u626c\uff1b\u5f15\u8d77\u5bf9\u2026\u7684\u6ce8\u610f", "def": "If you do not advertise the fact that something is the case, you try not to let other people know about it.", "example": [{"ex": "There is no need to advertise the fact that you are a single woman...", "tran": "\u6ca1\u6709\u5fc5\u8981\u5f20\u626c\u4f60\u662f\u4e00\u4e2a\u5355\u8eab\u5973\u6027\u3002", "tts_mp3": "http://res-tts.iciba.com/tts_dj/f/2/9/f29e55fb5b1dbaea5aa8e69cd84a17af.mp3", "tts_size": "17K"}, {"ex": "I didn't want to advertise the fact that he hadn't driven me to the airport.", "tran": "\u6211\u4e0d\u60f3\u5ba3\u626c\u4ed6\u6ca1\u6709\u5f00\u8f66\u9001\u6211\u53bb\u673a\u573a\u7684\u4e8b\u3002", "tts_mp3": "http://res-tts.iciba.com/tts_dj/3/f/a/3fa597a8d85e6b34dfa2452847f85c53.mp3", "tts_size": "21K"}]}], "collins_star": "3", "frequency_count": 81965610, "frequency_rank": 986}