{"ph_en": "\u02c8\u00e6dv\u0259ta\u026az\u026a\u014b", "ph_am": "\u02c8\u00e6dv\u0259rta\u026az\u026a\u014b", "ph_en_mp3": "http://res.iciba.com/resource/amp3/oxford/0/47/a4/47a404ecbb23e941f0ec63ed848e0546.mp3", "ph_am_mp3": "http://res.iciba.com/resource/amp3/1/0/e5/b0/e5b0ffb160573324c7e5986d88ddde3a.mp3", "parts": [{"part": "n.", "means": ["\u5e7f\u544a", "\u505a\u5e7f\u544a\uff0c\u767b\u5e7f\u544a", "\u5e7f\u544a\u4e1a"]}, {"part": "adj.", "means": ["\u5e7f\u544a\u7684", "\u5e7f\u544a\u4e1a\u7684"]}, {"part": "v.", "means": ["\u516c\u544a", "\u4e3a\u2026\u505a\u5e7f\u544a(advertise\u7684ing\u5f62\u5f0f)"]}], "collins": [{"posp": "N-UNCOUNT", "tran": "\u5e7f\u544a\u6d3b\u52a8;\u505a\u5e7f\u544a", "def": "Advertising is the activity of creating advertisements and making sure people see them.", "example": []}], "collins_star": "2", "frequency_count": 90210309, "frequency_rank": 890}