{"ph_en": "\u02c8\u00e6dv\u025c:s", "ph_am": "\u02c8\u00e6dv\u025crs", "ph_en_mp3": "http://res.iciba.com/resource/amp3/oxford/0/a8/ab/a8ab623dcf6238fd8ac8b83560871878.mp3", "ph_am_mp3": "http://res.iciba.com/resource/amp3/1/0/8a/bd/8abdad3ba6bcf4a7125fa5e6f029ae69.mp3", "parts": [{"part": "adj.", "means": ["\u4e0d\u5229\u7684", "\u6709\u5bb3\u7684", "\u9006\u7684", "\u76f8\u53cd\u7684"]}], "collins": [{"posp": "ADJ-GRADED", "tran": "\u4e0d\u5229\u7684;\u6709\u5bb3\u7684", "def": "Adverse decisions, conditions, or effects are unfavourable to you.", "example": [{"ex": "The police said Mr Hadfield's decision would have no adverse effect on the progress of the investigation...", "tran": "\u8b66\u65b9\u79f0\u54c8\u5fb7\u83f2\u5c14\u5fb7\u5148\u751f\u7684\u51b3\u5b9a\u5c06\u4e0d\u4f1a\u5bf9\u8c03\u67e5\u7684\u8fdb\u5c55\u9020\u6210\u4e0d\u5229\u5f71\u54cd\u3002", "tts_mp3": "http://res-tts.iciba.com/tts_dj/5/2/b/52b0156124a19d1316c80c63ae4dc454.mp3", "tts_size": "30K"}, {"ex": "Despite the adverse conditions, the road was finished in just eight months.", "tran": "\u5c3d\u7ba1\u5b58\u5728\u79cd\u79cd\u4e0d\u5229\u60c5\u51b5\uff0c\u516c\u8def\u8fd8\u662f\u4ec5\u75288\u4e2a\u6708\u5c31\u5b8c\u5de5\u4e86\u3002", "tts_mp3": "http://res-tts.iciba.com/tts_dj/f/b/4/fb43e11a1d1da68af33fc8d30c5bcd53.mp3", "tts_size": "22K"}]}], "collins_star": "2", "frequency_count": 11157534, "frequency_rank": 5680}