{"ph_en": "\u02c8\u00e6dv\u0259ta\u026az\u0259(r)", "ph_am": "\u02c8\u00e6dv\u0259rta\u026az\u0259(r)", "ph_en_mp3": "http://res.iciba.com/resource/amp3/oxford/0/17/33/1733b95f39598198d811141dd432d307.mp3", "ph_am_mp3": "", "parts": [{"part": "n.", "means": ["\u767b\u5e7f\u544a\u7684\u4eba"]}], "collins": [{"posp": "N-COUNT", "tran": "\u767b\u5e7f\u544a\u8005\uff1b\u5e7f\u544a\u5ba2\u6237", "def": "An advertiser is a person or company that pays for a product, event, or job to be advertised in a newspaper, on television, or on a poster.", "example": []}, {"posp": "N-IN-NAMES", "tran": "(\u7528\u4e8e\u67d0\u4e9b\u5730\u65b9\u62a5\u7eb8\u7684\u540d\u79f0\u4e2d)", "def": "Advertiser is used in the name of some local newspapers.", "example": [{"ex": "...the Croydon Advertiser.", "tran": "\u300a\u514b\u7f57\u4f0a\u767b\u5e7f\u544a\u62a5\u300b", "tts_mp3": "http://res-tts.iciba.com/tts_dj/7/a/f/7afb09c1ea37c561a907b61779e91821.mp3", "tts_size": "8K"}]}], "collins_star": "1", "frequency_count": 9111848, "frequency_rank": 6637}