{"ph_en": "\u0259d\u02c8v\u025c:s\u0259ti", "ph_am": "\u0259d\u02c8v\u025crs\u0259ti", "ph_en_mp3": "http://res.iciba.com/resource/amp3/oxford/0/57/45/5745948a5007ef2285848ecb6fd1bbfb.mp3", "ph_am_mp3": "http://res.iciba.com/resource/amp3/1/0/be/b6/beb62c585877d4d234b7b4674b18f642.mp3", "parts": [{"part": "n.", "means": ["\u9006\u5883", "\u4e0d\u5e78", "\u707e\u96be"]}], "collins": [{"posp": "N-VAR", "tran": "\u5384\u8fd0\uff1b\u9006\u5883\uff1b\u56f0\u5883", "def": "Adversity is a very difficult or unfavourable situation.", "example": [{"ex": "He showed courage in adversity.", "tran": "\u4ed6\u5728\u9006\u5883\u4e2d\u8868\u73b0\u51fa\u4e86\u52c7\u6c14\u3002", "tts_mp3": "http://res-tts.iciba.com/tts_dj/c/2/1/c21324abe94d5e918535b73f0ef2a5c7.mp3", "tts_size": "9K"}]}], "collins_star": "1", "frequency_count": 769501, "frequency_rank": 30603}