{"ph_en": "\u0259d\u02c8v\u025c:t\u026asm\u0259nt", "ph_am": "\u02cc\u00e6dv\u0259r\u02c8ta\u026azm\u0259nt", "ph_en_mp3": "http://res.iciba.com/resource/amp3/oxford/0/45/8b/458b052186b401ec5a7fc4c981e3b896.mp3", "ph_am_mp3": "http://res.iciba.com/resource/amp3/1/0/f3/33/f3334ac9ef26166dedebd319a18f9cc7.mp3", "parts": [{"part": "n.", "means": ["\u5e7f\u544a\uff0c\u5ba3\u4f20", "\u516c\u544a", "\u51fa\u516c\u544a\uff0c\u505a\u5e7f\u544a"]}], "collins": [{"posp": "N-COUNT", "tran": "\u5e7f\u544a;\u516c\u544a;\u542f\u4e8b", "def": "An advertisement is an announcement in a newspaper, on television, or on a poster about something such as a product, event, or job.", "example": [{"ex": "Miss Parrish recently placed an advertisement in the local newspaper.", "tran": "\u5e15\u91cc\u4ec0\u5c0f\u59d0\u6700\u8fd1\u5728\u672c\u57e0\u62a5\u7eb8\u4e0a\u767b\u4e86\u4e00\u5219\u5e7f\u544a\u3002", "tts_mp3": "http://res-tts.iciba.com/tts_dj/2/2/9/229f2a242ac1f7d55014e0ab457b6c79.mp3", "tts_size": "21K"}]}, {"posp": "N-COUNT", "tran": "\uff08\u67d0\u4e00\u7c7b\u4e8b\u7269\u7684\uff09\u6d3b\u5e7f\u544a", "def": "If you say that an example of something is an advertisement for that thing in general, you mean that it shows how good that thing is.", "example": [{"ex": "The England team were a poor advertisement for European football tonight...", "tran": "\u82f1\u683c\u5170\u961f\u4eca\u665a\u4e3a\u6b27\u6d32\u8db3\u7403\u505a\u4e86\u4e00\u6b21\u7cdf\u7cd5\u7684\u5ba3\u4f20\u3002", "tts_mp3": "http://res-tts.iciba.com/tts_dj/5/f/b/5fb498878435035fe21233765e5caed7.mp3", "tts_size": "20K"}, {"ex": "That would not be a good advertisement for Hungary's emerging democracy.", "tran": "\u90a3\u5e76\u4e0d\u80fd\u6709\u6548\u5730\u4f53\u73b0\u5308\u7259\u5229\u65b0\u5174\u7684\u6c11\u4e3b\u610f\u8bc6\u3002", "tts_mp3": "http://res-tts.iciba.com/tts_dj/d/b/9/db9845c1dd62b2a074194828bdf17c1d.mp3", "tts_size": "20K"}]}], "collins_star": "2", "frequency_count": 34681267, "frequency_rank": 2322}