{"ph_en": "\u0259d\u02c8va\u026az\u0259(r)", "ph_am": "\u00e6d\u02c8va\u026az\u025a", "ph_en_mp3": "http://res.iciba.com/resource/amp3/oxford/0/42/3a/423aedab0576c12791c66543e4259a12.mp3", "ph_am_mp3": "http://res.iciba.com/resource/amp3/1/0/c0/f7/c0f7bbe14aaee1b771e9ea23dd7883ea.mp3", "parts": [{"part": "n.", "means": ["\u987e\u95ee\uff0c\u529d\u544a\u8005", "\uff08\u7f8e\u5927\u5b66\uff09\u6307\u5bfc\u6559\u6388\uff0c\u5bfc\u5e08"]}], "collins": [{"posp": "N-COUNT", "tran": "\u987e\u95ee\uff1b\u63d0\u4f9b\u610f\u89c1\u8005", "def": "An adviser is an expert whose job is to give advice to another person or to a group of people.", "example": [{"ex": "In Washington, the President and his advisers spent the day in meetings.", "tran": "\u5728\u534e\u76db\u987f\uff0c\u603b\u7edf\u548c\u4ed6\u7684\u987e\u95ee\u4eec\u4e00\u6574\u5929\u90fd\u5728\u5f00\u4f1a\u3002", "tts_mp3": "http://res-tts.iciba.com/tts_dj/d/5/6/d56ad88f54778f44a6959cb7a6f6566c.mp3", "tts_size": "22K"}, {"ex": "...a careers adviser.", "tran": "\u804c\u4e1a\u987e\u95ee", "tts_mp3": "http://res-tts.iciba.com/tts_dj/f/5/c/f5c47f0ba6e30f639524f89ca06bdc6b.mp3", "tts_size": "8K"}]}], "collins_star": "3", "frequency_count": 4911485, "frequency_rank": 10177}