{"ph_en": "\u0259d\u02c8va\u026az\u0259ri", "ph_am": "\u00e6d\u02c8va\u026az\u0259ri", "ph_en_mp3": "http://res.iciba.com/resource/amp3/oxford/0/fb/b9/fbb9327410480fba8019f49096b60466.mp3", "ph_am_mp3": "http://res.iciba.com/resource/amp3/1/0/dd/4d/dd4d5708d7c019ee9203a9bd57c68cd2.mp3", "parts": [{"part": "adj.", "means": ["\u529d\u544a\u7684\uff0c\u5fe0\u544a\u7684", "\u63d0\u4f9b\u54a8\u8be2\u7684", "\u987e\u95ee\u7684"]}, {"part": "n.", "means": ["\u62a5\u544a", "\u516c\u544a"]}], "collins": [{"posp": "ADJ", "tran": "\u987e\u95ee\u7684;\u63d0\u4f9b\u54a8\u8be2\u7684", "def": "An advisory group regularly gives suggestions and help to people or organizations, especially about a particular subject or area of activity.", "example": [{"ex": "...members of the advisory committee on the safety of nuclear installations...", "tran": "\u6838\u8bbe\u65bd\u5b89\u5168\u987e\u95ee\u59d4\u5458\u4f1a\u7684\u6210\u5458", "tts_mp3": "http://res-tts.iciba.com/tts_dj/d/4/b/d4b5a582a1e14bf4e165b6d0e132c65a.mp3", "tts_size": "23K"}, {"ex": "Now my role is strictly advisory.", "tran": "\u73b0\u5728\u6211\u7684\u89d2\u8272\u4ec5\u9650\u4e8e\u987e\u95ee\u3002", "tts_mp3": "http://res-tts.iciba.com/tts_dj/e/1/1/e113e2881781ebb15ead6396748bf269.mp3", "tts_size": "11K"}]}, {"posp": "N-COUNT", "tran": "\uff08\u5173\u4e8e\u5929\u6c14\u3001\u75be\u75c5\u6216\u5176\u4ed6\u5371\u9669\u3001\u95ee\u9898\u7684\uff09\u516c\u544a\uff0c\u8b66\u544a", "def": "An advisory is an official announcement or report that warns people about bad weather, diseases, or other dangers or problems.", "example": [{"ex": "26 states have issued health advisories.", "tran": "26\u4e2a\u5dde\u5df2\u7ecf\u53d1\u5e03\u4e86\u5065\u5eb7\u8b66\u544a\u3002", "tts_mp3": "http://res-tts.iciba.com/tts_dj/b/e/7/be7c85bba9a1dc4ed6779a5266355435.mp3", "tts_size": "15K"}]}], "collins_star": "2", "frequency_count": 24000526, "frequency_rank": 3195}