{"ph_en": "\u0259d\u02c8va\u026as", "ph_am": "\u0259d'va\u026as", "ph_en_mp3": "http://res.iciba.com/resource/amp3/oxford/0/d6/09/d609bf831f26da1f386aeb6b2722a3e6.mp3", "ph_am_mp3": "http://res.iciba.com/resource/amp3/1/0/fd/99/fd99cadea9d8ef6a1ffcc52a2e3e8017.mp3", "parts": [{"part": "n.", "means": ["\u529d\u544a\uff0c\u5fe0\u544a", "\uff08\u5546\u4e1a\uff09\u901a\u77e5", "\u5efa\u8bae", "\uff08\u653f\u6cbb\uff0c\u5916\u4ea4\u4e0a\u7684\uff09\u62a5\u5bfc\uff0c\u62a5\u544a"]}], "collins": [{"posp": "N-UNCOUNT", "tran": "\u529d\u544a;\u5fe0\u544a;\u610f\u89c1", "def": "If you give someone advice, you tell them what you think they should do in a particular situation.", "example": [{"ex": "Don't be afraid to ask for advice about ordering the meal...", "tran": "\u70b9\u9910\u65f6\u53ef\u4ee5\u5927\u80c6\u5f81\u6c42\u610f\u89c1\u3002", "tts_mp3": "http://res-tts.iciba.com/tts_dj/d/6/e/d6e4f84bdcc1cb6e69b2496be5f94ba1.mp3", "tts_size": "16K"}, {"ex": "Your community officer can give you advice on how to prevent crime in your area...", "tran": "\u793e\u533a\u5de5\u4f5c\u4eba\u5458\u80fd\u5c31\u5982\u4f55\u9884\u9632\u793e\u533a\u5185\u72af\u7f6a\u63d0\u4f9b\u4e00\u4e9b\u5fe0\u544a\u3002", "tts_mp3": "http://res-tts.iciba.com/tts_dj/3/a/c/3ac6bdf14472959cf4bfa743ddac423e.mp3", "tts_size": "22K"}]}, {"posp": "PHRASE", "tran": "\u542c\u53d6\u5f8b\u5e08\u7684\u610f\u89c1;\u54a8\u8be2\u5f8b\u5e08", "def": "If you take advice or take legal advice, you ask a lawyer for his or her professional opinion on a situation.", "example": [{"ex": "We are taking advice on legal steps to recover the money...", "tran": "\u6211\u4eec\u6b63\u5728\u5c31\u8ffd\u56de\u8be5\u6b3e\u9879\u6240\u9700\u7684\u6cd5\u5f8b\u7a0b\u5e8f\u54a8\u8be2\u5f8b\u5e08\u3002", "tts_mp3": "http://res-tts.iciba.com/tts_dj/e/3/a/e3a8d19e741124062840e2a4524460b5.mp3", "tts_size": "17K"}, {"ex": "If you are prosecuted by the police, then it is essential that you take specialist legal advice.", "tran": "\u5982\u679c\u4f60\u53d7\u5230\u8b66\u65b9\u8d77\u8bc9\uff0c\u81f3\u5173\u91cd\u8981\u7684\u662f\u4f60\u8981\u542c\u53d6\u4e13\u4e1a\u5f8b\u5e08\u7684\u610f\u89c1\u3002", "tts_mp3": "http://res-tts.iciba.com/tts_dj/a/c/a/aca47e38c150e14ce1ba4ffcefb7ee06.mp3", "tts_size": "30K"}]}], "collins_star": "4", "frequency_count": 71268723, "frequency_rank": 1124}