{"ph_en": "\u0259d\u02c8va\u026az", "ph_am": "\u00e6d\u02c8va\u026az", "ph_en_mp3": "http://res.iciba.com/resource/amp3/oxford/0/39/c3/39c393230015ea19c41ca1162cf663cf.mp3", "ph_am_mp3": "http://res.iciba.com/resource/amp3/1/0/a9/aa/a9aa299fb148193285e62321fb253ce4.mp3", "parts": [{"part": "vt.", "means": ["\uff08\u5546\u4e1a\uff09\u901a\u77e5\uff0c\u62a5\u544a", "\u63d0\u8bae\uff0c\u5efa\u8bae"]}, {"part": "vi.", "means": ["\u63a5\u53d7\u529d\u544a\uff0c\u5546\u91cf", "\u5efa\u8bae\uff0c\u63d0\u4f9b\u610f\u89c1"]}], "collins": [{"posp": "VERB", "tran": "\u529d\u544a\uff1b\u5fe0\u544a\uff1b\u7ed9\u2026\u51fa\u4e3b\u610f", "def": "If you advise someone to do something, you tell them what you think they should do.", "example": [{"ex": "The minister advised him to leave as soon as possible...", "tran": "\u90e8\u957f\u5efa\u8bae\u4ed6\u5c3d\u5feb\u79bb\u5f00\u3002", "tts_mp3": "http://res-tts.iciba.com/tts_dj/d/4/4/d441194d7d1eac91ccb6691e88d1eb6d.mp3", "tts_size": "15K"}, {"ex": "Herbert would surely advise her how to approach the bank...", "tran": "\u8d6b\u4f2f\u7279\u4e00\u5b9a\u4f1a\u5c31\u5982\u4f55\u4e0e\u94f6\u884c\u63a5\u6d3d\u5411\u5979\u63d0\u4f9b\u610f\u89c1\u3002", "tts_mp3": "http://res-tts.iciba.com/tts_dj/d/7/d/d7d8f831b1485f48b89813853b722a13.mp3", "tts_size": "15K"}]}, {"posp": "VERB", "tran": "\uff08\u4e13\u5bb6\uff09\u5efa\u8bae\uff0c\u5411\u2026\u63d0\u4f9b\u610f\u89c1", "def": "If an expert advises people on a particular subject, he or she gives them help and information on that subject.", "example": [{"ex": "...an officer who advises undergraduates on money matters...", "tran": "\u4e3a\u672c\u79d1\u751f\u4eec\u63d0\u4f9b\u7406\u8d22\u5efa\u8bae\u7684\u9ad8\u7ea7\u804c\u5458", "tts_mp3": "http://res-tts.iciba.com/tts_dj/0/a/d/0ad7edd12261742adaea9bade0b6e343.mp3", "tts_size": "18K"}, {"ex": "A family doctor will be able to advise on suitable birth control.", "tran": "\u5bb6\u5ead\u533b\u751f\u80fd\u591f\u5c31\u5408\u9002\u7684\u8282\u80b2\u63aa\u65bd\u63d0\u51fa\u5efa\u8bae\u3002", "tts_mp3": "http://res-tts.iciba.com/tts_dj/5/c/2/5c2c2dcd32da5d8486b7befce2befbab.mp3", "tts_size": "19K"}]}, {"posp": "VERB", "tran": "\u901a\u77e5\uff0c\u544a\u77e5\uff08\u67d0\u4eba\u4e8b\u5b9e\u6216\u60c5\u51b5\uff09", "def": "If you advise someone of a fact or situation, you tell them the fact or explain what the situation is.", "example": [{"ex": "...the decision requiring police to advise suspects of their rights...", "tran": "\u8981\u6c42\u8b66\u65b9\u544a\u77e5\u7591\u72af\u4ed6\u4eec\u6240\u4eab\u6743\u5229\u7684\u51b3\u5b9a", "tts_mp3": "http://res-tts.iciba.com/tts_dj/a/3/0/a30a2593f173082b52d52ba30be87dba.mp3", "tts_size": "19K"}, {"ex": "I think it best that I advise you of my decision to retire.", "tran": "\u6211\u60f3\u6211\u6700\u597d\u544a\u8bc9\u4f60\u6211\u51b3\u5b9a\u9000\u5f79\u3002", "tts_mp3": "http://res-tts.iciba.com/tts_dj/8/9/a/89a4effac1f5e10704d95183ee5b7e0c.mp3", "tts_size": "17K"}]}, {"posp": "V-PASSIVE", "tran": "\uff08\u5b98\u65b9\u6587\u4ef6\uff09\u544a\u77e5", "def": "If an official document states that you are advised to do something, it is telling you the correct or appropriate thing to do.", "example": [{"ex": "Candidates in India are advised to submit their applications through the overseas student office in London...", "tran": "\u5370\u5ea6\u7684\u7533\u8bf7\u4eba\u88ab\u544a\u77e5\u901a\u8fc7\u9a7b\u4f26\u6566\u7684\u6d77\u5916\u5b66\u751f\u529e\u516c\u5ba4\u9012\u4ea4\u7533\u8bf7\u8868\u3002", "tts_mp3": "http://res-tts.iciba.com/tts_dj/7/5/2/752ccf008810972c7436645348f5faa1.mp3", "tts_size": "30K"}, {"ex": "Residents are advised not to put their rubbish bags on the pavement outside their houses.", "tran": "\u5c45\u6c11\u88ab\u544a\u77e5\u4e0d\u8981\u5c06\u5783\u573e\u888b\u653e\u5728\u95e8\u5916\u7684\u4eba\u884c\u9053\u4e0a\u3002", "tts_mp3": "http://res-tts.iciba.com/tts_dj/e/f/4/ef4d1ac718c41f72c0cd09710d0d2371.mp3", "tts_size": "24K"}]}], "collins_star": "3", "frequency_count": 8325087, "frequency_rank": 7096}