{"ph_en": "\u0259d\u02c8va\u026az\u0259bl", "ph_am": "\u00e6d\u02c8va\u026az\u0259b\u0259l", "ph_en_mp3": "http://res.iciba.com/resource/amp3/oxford/0/95/29/9529bb880dbb49462423803c0b86ccc9.mp3", "ph_am_mp3": "http://res.iciba.com/resource/amp3/1/0/36/37/3637a8f00a24f6a46a7d6fa6fe8d2e18.mp3", "parts": [{"part": "adj.", "means": ["\u660e\u667a\u7684", "\u53ef\u53d6\u7684", "\u80fd\u529d\u544a\u7684", "\u9002\u5f53\u7684"]}], "collins": [{"posp": "ADJ-GRADED", "tran": "\u53ef\u53d6\u7684\uff1b\u660e\u667a\u7684\uff1b\u9002\u5f53\u7684", "def": "If you tell someone that it is advisable to do something, you are suggesting that they should do it, because it is sensible or is likely to achieve the result they want.", "example": [{"ex": "Because of the popularity of the region, it is advisable to book hotels or camp sites in advance...", "tran": "\u9274\u4e8e\u8be5\u5730\u533a\u5f88\u53d7\u4eba\u4eec\u9752\u7750\uff0c\u6700\u597d\u63d0\u524d\u9884\u8ba2\u65c5\u9986\u6216\u5bbf\u8425\u5730\u3002", "tts_mp3": "http://res-tts.iciba.com/tts_dj/2/b/f/2bf9477457cfb1b3395fb876b89d7565.mp3", "tts_size": "30K"}, {"ex": "It is generally not advisable for expectant mothers to travel by air after the 28th week of pregnancy.", "tran": "\u6000\u5b5528\u5468\u4ee5\u540e\u7684\u51c6\u5988\u5988\u4e00\u822c\u4e0d\u5b9c\u4e58\u5750\u98de\u673a\u51fa\u884c\u3002", "tts_mp3": "http://res-tts.iciba.com/tts_dj/e/5/7/e57d46c5887cb60a10552f700e82f717.mp3", "tts_size": "32K"}]}], "collins_star": "1", "frequency_count": 1440101, "frequency_rank": 21263}