{"ph_en": "\u02c8\u00e6dv\u0259ke\u026at", "ph_am": "\u02c8\u00e6dv\u0259\u02ccket", "ph_en_mp3": "http://res.iciba.com/resource/amp3/oxford/0/b4/3d/b43d3d48170094a7cd370c8da470d148.mp3", "ph_am_mp3": "http://res.iciba.com/resource/amp3/1/0/b3/a7/b3a7cc7edf249f3c914b7e0c1a6a4f16.mp3", "parts": [{"part": "vt.", "means": ["\u63d0\u5021", "\u62e5\u62a4", "\u9f13\u5439", "\u4e3a\u2026\u8fa9\u62a4"]}, {"part": "n.", "means": ["\uff08\u8fa9\u62a4\uff09\u5f8b\u5e08", "\u63d0\u5021\u8005", "\u652f\u6301\u8005"]}], "collins": [{"posp": "VERB", "tran": "\u62e5\u62a4\uff1b\u63d0\u5021\uff1b\u4e3b\u5f20", "def": "If you advocate a particular action or plan, you recommend it publicly.", "example": [{"ex": "Mr Williams is a conservative who advocates fewer government controls on business.", "tran": "\u5a01\u5ec9\u65af\u5148\u751f\u662f\u4e2a\u4fdd\u5b88\u6d3e\uff0c\u4e3b\u5f20\u653f\u5e9c\u5e94\u51cf\u5c11\u5bf9\u5546\u4e1a\u7684\u63a7\u5236\u3002", "tts_mp3": "http://res-tts.iciba.com/tts_dj/7/f/6/7f67d0d1358a34f15e222a94f933950c.mp3", "tts_size": "25K"}, {"ex": "...the tax policy advocated by the Opposition.", "tran": "\u53cd\u5bf9\u515a\u63d0\u5021\u7684\u7a0e\u6536\u653f\u7b56", "tts_mp3": "http://res-tts.iciba.com/tts_dj/7/7/d/77d80597ca9c86904f72e9b7f779d2fe.mp3", "tts_size": "15K"}]}, {"posp": "N-COUNT", "tran": "\u62e5\u62a4\u8005\uff1b\u63d0\u5021\u8005", "def": "An advocate of a particular action or plan is someone who recommends it publicly.", "example": [{"ex": "He was a strong advocate of free market policies and a multi-party system.", "tran": "\u4ed6\u662f\u81ea\u7531\u5e02\u573a\u653f\u7b56\u548c\u591a\u515a\u6d3e\u5236\u5ea6\u7684\u575a\u51b3\u62e5\u62a4\u8005\u3002", "tts_mp3": "http://res-tts.iciba.com/tts_dj/3/0/b/30bc8d522c822c4577cd0dea79431741.mp3", "tts_size": "23K"}]}, {"posp": "N-COUNT", "tran": "\u8fa9\u62a4\u5f8b\u5e08", "def": "An advocate is a lawyer who speaks in favour of someone or defends them in a court of law.", "example": []}, {"posp": "N-COUNT", "tran": "\uff08\u4e3a\u67d0\u4e00\u7c7b\u4eba\uff09\u8c0b\u5229\u76ca\u8005", "def": "An advocate for a particular group is a person who works for the interests of that group.", "example": [{"ex": "...advocates for the homeless...", "tran": "\u4e3a\u65e0\u5bb6\u53ef\u5f52\u7684\u4eba\u8c0b\u5229\u76ca\u8005", "tts_mp3": "http://res-tts.iciba.com/tts_dj/f/f/b/ffb7ddda2b58e9d5c0816e8d80f3330e.mp3", "tts_size": "9K"}, {"ex": "Animal rights advocates argue that zoos are really animal prisons and very often cruel.", "tran": "\u52a8\u7269\u6743\u5229\u4fdd\u62a4\u8005\u6307\u51fa\u52a8\u7269\u56ed\u5b9e\u9645\u4e0a\u662f\u52a8\u7269\u7684\u7262\u7b3c\uff0c\u7ecf\u5e38\u5f88\u6b8b\u9177\u5730\u5bf9\u5f85\u52a8\u7269\u3002", "tts_mp3": "http://res-tts.iciba.com/tts_dj/c/1/a/c1ac3ab7683865e48f61304620484812.mp3", "tts_size": "24K"}]}], "collins_star": "3", "frequency_count": 7767184, "frequency_rank": 7451}