{"ph_en": "\u02c8\u00e6dv\u0259k\u0259si", "ph_am": "\u02c8\u00e6dv\u0259k\u0259si", "ph_en_mp3": "http://res.iciba.com/resource/amp3/oxford/0/06/af/06af1af63606a884d080ce853816c58d.mp3", "ph_am_mp3": "http://res.iciba.com/resource/amp3/1/0/b9/4a/b94ad99e5dc27b3365d5d2aa77d73ff0.mp3", "parts": [{"part": "n.", "means": ["\u652f\u6301", "\u8fa9\u62a4", "\u8fa9\u62a4\u672f", "\u8fa9\u62a4\u4e1a"]}], "collins": [{"posp": "N-SING", "tran": "\u62e5\u62a4\uff1b\u63d0\u5021\uff1b\u4e3b\u5f20", "def": "Someone's advocacy of a particular action or plan is their act of recommending it publicly.", "example": [{"ex": "I support your advocacy of free trade.", "tran": "\u6211\u652f\u6301\u4f60\u81ea\u7531\u8d38\u6613\u7684\u4e3b\u5f20\u3002", "tts_mp3": "http://res-tts.iciba.com/tts_dj/7/3/4/734b861d57cc5b75c6a43671a9e9c42d.mp3", "tts_size": "12K"}]}, {"posp": "N-UNCOUNT", "tran": "\u8fa9\u62a4\uff1b\u8fa9\u62a4\u672f", "def": "Advocacy is the way in which lawyers deal with cases in court.", "example": [{"ex": "Sir Peter would also like to see the current adversarial system of advocacy examined by the royal commission.", "tran": "\u5f7c\u5f97\u7235\u58eb\u4e5f\u4e50\u4e8e\u89c1\u5230\u738b\u5ba4\u59d4\u5458\u4f1a\u5ba1\u67e5\u5f53\u524d\u5bf9\u6297\u5f0f\u7684\u8fa9\u62a4\u5236\u5ea6\u3002", "tts_mp3": "http://res-tts.iciba.com/tts_dj/d/6/a/d6a66c3c54070a4c6f6a5a3a4ab9af8c.mp3", "tts_size": "31K"}]}, {"posp": "N-UNCOUNT", "tran": "\uff08\u8bd5\u56fe\u5f71\u54cd\u653f\u5e9c\u6216\u5176\u4ed6\u6743\u529b\u673a\u6784\u51b3\u7b56\u7684\uff09\u6e38\u8bf4\uff08\u56e2\u4f53\u6216\u7ec4\u7ec7\uff09", "def": "An advocacy group or organization is one that tries to influence the decisions of a government or other authority.", "example": [{"ex": "Consumer advocacy groups are not so enthusiastic about removing restrictions on the telephone companies.", "tran": "\u4fdd\u62a4\u6d88\u8d39\u8005\u56e2\u4f53\u5e76\u4e0d\u70ed\u8877\u4e8e\u53d6\u6d88\u5bf9\u7535\u8bdd\u516c\u53f8\u7684\u9650\u5236\u3002", "tts_mp3": "http://res-tts.iciba.com/tts_dj/0/0/2/002ea97051136dd9d40eff7158214d4c.mp3", "tts_size": "32K"}]}], "collins_star": "1", "frequency_count": 9478772, "frequency_rank": 6420}