{"ph_en": "\u02c8e\u0259ri\u0259l", "ph_am": "\u02c8eri\u0259l", "ph_en_mp3": "http://res.iciba.com/resource/amp3/oxford/0/fb/9c/fb9c3f2b9511a836aec12e552f96548c.mp3", "ph_am_mp3": "http://res.iciba.com/resource/amp3/1/0/62/24/622413bc9a596b2724f1e9f0c0dfb9d7.mp3", "parts": [{"part": "adj.", "means": ["\u7a7a\u6c14\u7684", "\u822a\u7a7a\u7684\uff0c\u7a7a\u4e2d\u7684", "\u7a7a\u60f3\u7684"]}, {"part": "n.", "means": ["[\u7535\u8baf] \u5929\u7ebf"]}], "collins": [{"posp": "ADJ", "tran": "\u822a\u7a7a\u7684\uff1b\u98de\u673a\u7684\uff1b\u7531\u98de\u673a\u8fdb\u884c\u7684\uff1b\u7a7a\u4e2d\u7684", "def": "You talk about aerial attacks and aerial photographs to indicate that people or things on the ground are attacked or photographed by people in aeroplanes.", "example": [{"ex": "Weeks of aerial bombardment had destroyed factories and highways...", "tran": "\u6570\u5468\u7684\u7a7a\u4e2d\u8f70\u70b8\u5df2\u7ecf\u6467\u6bc1\u4e86\u8bb8\u591a\u5de5\u5382\u548c\u516c\u8def\u3002", "tts_mp3": "http://res-tts.iciba.com/tts_dj/a/e/5/ae59f8edba55bbead7a9b1ce93d3c3be.mp3", "tts_size": "21K"}, {"ex": "Patterns that are invisible on the ground can be the most striking part of an aerial photograph...", "tran": "\u5730\u9762\u4e0a\u770b\u4e0d\u51fa\u6765\u7684\u56fe\u6848\u53ef\u80fd\u4f1a\u6210\u4e3a\u822a\u62cd\u7167\u7247\u4e2d\u6700\u5f15\u4eba\u6ce8\u76ee\u7684\u4e1c\u897f\u3002", "tts_mp3": "http://res-tts.iciba.com/tts_dj/e/5/3/e531c2ff878aa0446f48b9ac56c2edf1.mp3", "tts_size": "24K"}]}, {"posp": "ADJ", "tran": "\u7a7a\u6c14\u4e2d\u7684\uff1b\u5730\u8868\u4ee5\u4e0a\u7684", "def": "You can use aerial to describe things that exist or happen above the ground or in the air.", "example": [{"ex": "The seagulls swirled in aerial combat over the barges.", "tran": "\u6d77\u9e25\u76d8\u65cb\u5728\u9a73\u8239\u4e0a\u65b9\uff0c\u5c55\u5f00\u7a7a\u4e2d\u7684\u640f\u6597\u3002", "tts_mp3": "http://res-tts.iciba.com/tts_dj/3/5/1/351a900986b9320f7a7b60e487d3639a.mp3", "tts_size": "16K"}]}, {"posp": "N-COUNT", "tran": "\u5929\u7ebf", "def": "An aerial is a device or a piece of wire that receives television or radio signals and is usually attached to a radio, television, car, or building.", "example": [{"ex": "...a saucer-shaped satellite television aerial.", "tran": "\u789f\u72b6\u7684\u536b\u661f\u7535\u89c6\u5929\u7ebf", "tts_mp3": "http://res-tts.iciba.com/tts_dj/1/2/e/12e7c71908ac01bc3992795ca444128f.mp3", "tts_size": "14K"}, {"ex": "...the radio aerials of taxis and cars.", "tran": "\u51fa\u79df\u8f66\u548c\u8f7f\u8f66\u7684\u65e0\u7ebf\u7535\u5929\u7ebf", "tts_mp3": "http://res-tts.iciba.com/tts_dj/a/d/b/adbe32443ca294942a9b5f0c4b6b82e7.mp3", "tts_size": "13K"}]}], "collins_star": "1", "frequency_count": 6531386, "frequency_rank": 8417}