{"ph_en": "e\u0259\u02c8r\u0259\u028ab\u026ak", "ph_am": "e\u02c8ro\u028ab\u026ak", "ph_en_mp3": "http://res.iciba.com/resource/amp3/oxford/0/53/92/5392f149caa10b1ec75eabf9fa793c93.mp3", "ph_am_mp3": "http://res.iciba.com/resource/amp3/1/0/1d/57/1d57aa3d3f588578276930e35b801b36.mp3", "parts": [{"part": "adj.", "means": ["\u9700\u6c27\u7684\uff0c\u6709\u6c27\u7684", "\u6709\u6c27\u5065\u8eab\u7684\uff0c\u589e\u6c27\u5065\u8eab\u6cd5"]}], "collins": [{"posp": "ADJ-GRADED", "tran": "\u6709\u6c27\u5065\u8eab\u7684", "def": "Aerobic activity exercises and strengthens your heart and lungs.", "example": [{"ex": "Aerobic exercise gets the heart pumping and helps you to burn up the fat.", "tran": "\u6709\u6c27\u8fd0\u52a8\u52a0\u901f\u5fc3\u810f\u8df3\u52a8\uff0c\u6709\u52a9\u4e8e\u6d88\u8017\u66f4\u591a\u8102\u80aa\u3002", "tts_mp3": "http://res-tts.iciba.com/tts_dj/3/9/e/39e4b9aa39ecf4634b65d39faa3f4ed6.mp3", "tts_size": "19K"}]}], "collins_star": "1", "frequency_count": 1768075, "frequency_rank": 18870}