{"ph_en": "\u02c8e\u0259r\u0259ple\u026an", "ph_am": "\u02c8er\u0259ple\u026an", "ph_en_mp3": "http://res.iciba.com/resource/amp3/oxford/0/f0/47/f0477697649b0f1280b0e10c0365b695.mp3", "ph_am_mp3": "http://res.iciba.com/resource/amp3/1/0/2f/f2/2ff2d114f3fffaa76bd8d1babc7e0c09.mp3", "parts": [{"part": "n.", "means": ["\u98de\u673a"]}], "collins": [{"posp": "N-COUNT", "tran": "\u98de\u673a", "def": "An aeroplane is a vehicle with wings and one or more engines that enable it to fly through the air.", "example": []}], "collins_star": "2", "frequency_count": 493334, "frequency_rank": 39809}