{"ph_en": "e\u0259\u02c8r\u0259\u028ab\u026aks", "ph_am": "e\u02c8ro\u028ab\u026aks", "ph_en_mp3": "http://res.iciba.com/resource/amp3/oxford/0/28/eb/28eb3cf3c65c2268e5788ed4942c1050.mp3", "ph_am_mp3": "http://res.iciba.com/resource/amp3/1/0/a0/03/a003cc0be5c92d1f58ad3761c0abb212.mp3", "parts": [{"part": "n.", "means": ["\u6709\u6c27\u5065\u8eab\u6cd5", "\u6709\u6c27\u5065\u8eab\u8ba1\u5212", "\u8017\u6c27\u5065\u8eab\u8fd0\u52a8"]}], "collins": [{"posp": "N-UNCOUNT", "tran": "\u6709\u6c27\u8fd0\u52a8\uff1b\u6709\u6c27\u5065\u8eab\u6cd5", "def": "Aerobics is a form of exercise which increases the amount of oxygen in your blood, and strengthens your heart and lungs. The verb that follows aerobics may be either singular or plural.", "example": [{"ex": "I'd like to join an aerobics class to improve my fitness.", "tran": "\u6211\u60f3\u53c2\u52a0\u6709\u6c27\u8fd0\u52a8\u8bad\u7ec3\u73ed\u6765\u589e\u5f3a\u4f53\u8d28\u3002", "tts_mp3": "http://res-tts.iciba.com/tts_dj/7/1/8/718b3cc70187723d74b2030078ee11ea.mp3", "tts_size": "16K"}]}], "collins_star": "1", "frequency_count": 1427149, "frequency_rank": 21367}