{"ph_en": "\u02c8e\u0259r\u0259s\u0252l", "ph_am": "\u02c8er\u0259s\u0254l", "ph_en_mp3": "http://res.iciba.com/resource/amp3/0/0/6b/c3/6bc377e04fdd43492ca47977ab641352.mp3", "ph_am_mp3": "http://res.iciba.com/resource/amp3/1/0/6b/c3/6bc377e04fdd43492ca47977ab641352.mp3", "parts": [{"part": "n.", "means": ["[\u5316]\u6c14\u6eb6\u80f6", "\u55b7\u96fe\u5242", "\u60ac\u6d6e\u5fae\u7c92", "\u55b7\u96fe\u5668"]}, {"part": "adj.", "means": ["\u55b7\u96fe\u7684", "\u55b7\u96fe\u5668\u7684"]}], "collins": [{"posp": "N-COUNT", "tran": "\uff08\u88c5\u6d82\u6599\u3001\u9664\u81ed\u5242\u7b49\u7684\uff09\u5c0f\u578b\u55b7\u96fe\u5668", "def": "An aerosol is a small container in which a liquid such as paint or deodorant is kept under pressure. When you press a button, the liquid is forced out as a fine spray or foam.", "example": []}], "collins_star": "1", "frequency_count": 2105024, "frequency_rank": 17014}