{"ph_en": "\u02c8e\u0259r\u0259\u028aspe\u026as", "ph_am": "\u02c8ero\u028aspe\u026as", "ph_en_mp3": "http://res.iciba.com/resource/amp3/oxford/0/d2/ff/d2ff12a1c48efeb6af1a11a5dfcd3af3.mp3", "ph_am_mp3": "http://res.iciba.com/resource/amp3/1/0/aa/dd/aadd48a3b5f4978971bbfbfbd99c1aeb.mp3", "parts": [{"part": "n.", "means": ["\u822a\u7a7a\u4e0e\u822a\u5929\u7a7a\u95f4", "\u5b87\u5b99\u7a7a\u95f4\uff08\u6307\u5730\u7403\u5927\u6c14\u5c42\u53ca\u5176\u5916\u9762\u7684\u7a7a\u95f4\uff09", "\u822a\u7a7a\u822a\u5929\u5b66", "\u822a\u7a7a\u822a\u5929\u5de5\u4e1a"]}, {"part": "adj.", "means": ["\u5b87\u5b99\u7a7a\u95f4\u7684\uff0c\u5b87\u5b99\u822a\u884c\u7684"]}], "collins": [{"posp": "N-UNCOUNT", "tran": "\u822a\u7a7a\u822a\u5929\uff08\u5de5\u4e1a\uff09", "def": "Aerospace companies are involved in developing and making rockets, missiles, space vehicles, and related equipment.", "example": [{"ex": "...the US aerospace industry.", "tran": "\u7f8e\u56fd\u7684\u822a\u5929\u5de5\u4e1a", "tts_mp3": "http://res-tts.iciba.com/tts_dj/c/b/9/cb9691ba5a3ec652d31051e9e06dd94e.mp3", "tts_size": "9K"}]}], "collins_star": "2", "frequency_count": 6769942, "frequency_rank": 8202}