{"ph_en": "i:s\u02c8\u03b8et\u026ak", "ph_am": "\u025bs\u02c8\u03b8\u025bt\u026ak", "ph_en_mp3": "http://res.iciba.com/resource/amp3/oxford/0/dc/f7/dcf7031b112ed3ddffd4036673777387.mp3", "ph_am_mp3": "http://res.iciba.com/resource/amp3/1/0/59/f1/59f11d694b35f824c658f7653ba18d9e.mp3", "parts": [{"part": "adj.", "means": ["\u7f8e\u7684\uff0c\u7f8e\u5b66\u7684", "\u6709\u5173\u7f8e\u7684", "\u5ba1\u7f8e\u7684", "\u5177\u6709\u5ba1\u7f8e\u8da3\u5473\u7684"]}, {"part": "n.", "means": ["\u7f8e\u5b66\u6807\u51c6\uff0c\u7f8e\u611f", "\u5ba1\u7f8e\u89c2"]}], "collins": [{"posp": "ADJ-GRADED", "tran": "\u7f8e\u7684\uff1b\u827a\u672f\u7684\uff1b\u7f8e\u611f\u7684\uff1b\u5ba1\u7f8e\u7684", "def": "Aesthetic is used to talk about beauty or art, and people's appreciation of beautiful things.", "example": [{"ex": "...products chosen for their aesthetic appeal as well as their durability and quality.", "tran": "\u56e0\u5176\u5916\u5f62\u7f8e\u89c2\u4e14\u7ecf\u4e45\u8010\u7528\u3001\u8d28\u91cf\u4e0a\u4e58\u800c\u88ab\u9009\u5b9a\u7684\u4ea7\u54c1", "tts_mp3": "http://res-tts.iciba.com/tts_dj/8/4/7/84717b4ff9abd76b325eebbc7b116c6c.mp3", "tts_size": "21K"}]}], "collins_star": "2", "frequency_count": 3100660, "frequency_rank": 13579}