{"ph_en": "i:s'\u03b8et\u026aks", "ph_am": "\u025bs\u02c8\u03b8\u025bt\u026aks", "ph_en_mp3": "http://res.iciba.com/resource/amp3/0/0/8b/ad/8bade7ce72c98e934acd6416c757e889.mp3", "ph_am_mp3": "http://res.iciba.com/resource/amp3/1/0/8b/ad/8bade7ce72c98e934acd6416c757e889.mp3", "parts": [{"part": "n.", "means": ["\u7f8e\u5b66", "\u7f8e\u672f\u7406\u8bba", "\u5ba1\u7f8e\u5b66", "\u7f8e\u7684\u54f2\u5b66"]}], "collins": [{"posp": "N-UNCOUNT", "tran": "(\u5ba1\uff09\u7f8e\u5b66", "def": "Aesthetics is a branch of philosophy concerned with the study of the idea of beauty.", "example": []}], "collins_star": "1", "frequency_count": 1918859, "frequency_rank": 17976}