{"ph_en": "\u0259\u02c8fe\u0259(r)", "ph_am": "\u0259\u02c8fer", "ph_en_mp3": "http://res.iciba.com/resource/amp3/0/0/7d/83/7d83778ac1e89412de7bad3e3470dc21.mp3", "ph_am_mp3": "http://res.iciba.com/resource/amp3/1/0/7d/83/7d83778ac1e89412de7bad3e3470dc21.mp3", "parts": [{"part": "n.", "means": ["\u4e8b\u60c5\uff0c\u4e8b\u4ef6", "\u4e8b\u52a1", "\u4e2a\u4eba\u7684\u4e8b\uff0c\u79c1\u4e8b", "\u98ce\u6d41\u97f5\u4e8b"]}], "collins": [{"posp": "N-SING", "tran": "\u4e8b\u60c5\uff1b\u4e8b\u4ef6", "def": "If an event or a series of events has been mentioned and you want to talk about it again, you can refer to it as the affair .", "example": [{"ex": "The government has mishandled the whole affair...", "tran": "\u653f\u5e9c\u5bf9\u6574\u4e2a\u4e8b\u4ef6\u5904\u7406\u4e0d\u5f53\u3002", "tts_mp3": "http://res-tts.iciba.com/tts_dj/e/0/1/e013ee3fe7a35094a6aee3955c079504.mp3", "tts_size": "14K"}, {"ex": "The affair began when customs officials inspected a convoy of 60 tankers...", "tran": "\u5c31\u5728\u6d77\u5173\u5173\u5458\u68c0\u67e5\u4e00\u4e2a60\u8258\u6cb9\u8f6e\u7684\u8239\u961f\u65f6\uff0c\u4e8b\u60c5\u53d1\u751f\u4e86\u3002", "tts_mp3": "http://res-tts.iciba.com/tts_dj/6/9/3/693088314132ad873991cbb80f17f7d3.mp3", "tts_size": "24K"}]}, {"posp": "N-SING", "tran": "\u2026\u4e8b\u4ef6\uff08\u6307\u91cd\u8981\u6216\u6709\u8da3\u7684\u4e8b\u4ef6\u6216\u60c5\u51b5\uff09", "def": "You can refer to an important or interesting event or situation as 'the ... affair'.", "example": [{"ex": "...the damage caused to the CIA and FBI in the aftermath of the Watergate affair.", "tran": "\u6c34\u95e8\u4e8b\u4ef6\u53d1\u751f\u540e\u7ed9\u7f8e\u56fd\u4e2d\u592e\u60c5\u62a5\u5c40\u548c\u8054\u90a6\u8c03\u67e5\u5c40\u9020\u6210\u7684\u4e0d\u826f\u5f71\u54cd", "tts_mp3": "http://res-tts.iciba.com/tts_dj/8/c/a/8ca4d4e9c0432fd5252e48286ddf88af.mp3", "tts_size": "23K"}, {"ex": "...confidential Bank of England documents relating to the BCCI affair.", "tran": "\u4e0e\u56fd\u9645\u4fe1\u8d37\u5546\u4e1a\u94f6\u884c\u4e8b\u52a1\u76f8\u5173\u7684\u82f1\u683c\u5170\u94f6\u884c\u7684\u673a\u5bc6\u6587\u4ef6", "tts_mp3": "http://res-tts.iciba.com/tts_dj/a/9/1/a91b8dfeb02a31bf138a8873b1e2e0ca.mp3", "tts_size": "21K"}]}, {"posp": "N-SING", "tran": "\u2026\u4e8b\uff08\u6307\u5177\u6709\u67d0\u79cd\u7279\u70b9\u7684\u4e8b\u60c5\uff09", "def": "You can describe the main quality of an event by saying that it is a particular kind of affair .", "example": [{"ex": "Michael said that his planned 10-day visit would be a purely private affair...", "tran": "\u8fc8\u514b\u5c14\u8bf4\u4ed6\u6240\u8ba1\u5212\u768410\u5929\u8bbf\u95ee\u7eaf\u5c5e\u4e2a\u4eba\u79c1\u4e8b\u3002", "tts_mp3": "http://res-tts.iciba.com/tts_dj/f/6/d/f6dbf2d507ec2124423dfe8fc1e9dd25.mp3", "tts_size": "20K"}, {"ex": "Breakfast will be a cheerless affair for the Prime Minister this morning.", "tran": "\u4eca\u5929\u7684\u65e9\u9910\u4f1a\u8ba9\u9996\u76f8\u611f\u89c9\u5168\u7136\u65e0\u5473\u3002", "tts_mp3": "http://res-tts.iciba.com/tts_dj/4/2/f/42f43816b47e8f8b1259945ac0beb1d5.mp3", "tts_size": "18K"}]}, {"posp": "N-SING", "tran": "\uff08\u4e0d\u5bfb\u5e38\u7684\u6216\u5177\u6709\u67d0\u79cd\u7279\u70b9\u7684\uff09\u4e1c\u897f", "def": "You can describe an object as a particular kind of affair when you want to draw attention to a particular feature, or indicate that it is unusual.", "example": [{"ex": "All their beds were distinctive; Mac's was an iron affair with brass knobs...", "tran": "\u4ed6\u4eec\u7684\u5e8a\u90fd\u5404\u5177\u7279\u8272\uff1b\u9a6c\u514b\u7684\u5e8a\u662f\u5f20\u5e26\u7403\u5f62\u9ec4\u94dc\u67f1\u5934\u7684\u94c1\u5bb6\u4f19\u3002", "tts_mp3": "http://res-tts.iciba.com/tts_dj/f/0/1/f013c2aca536de74c8e9b430e11c9982.mp3", "tts_size": "24K"}, {"ex": "He tried dividing it into two bundles, tying them to his walking stick, and slinging the whole affair across his back.", "tran": "\u4ed6\u8bd5\u7740\u5c06\u5b83\u5206\u6210\u4e24\u5305\u7ed1\u5728\u4ed6\u7684\u62d0\u68cd\u4e0a\uff0c\u7136\u540e\u628a\u6240\u6709\u4e1c\u897f\u90fd\u6302\u5728\u540e\u80cc\u4e0a\u3002", "tts_mp3": "http://res-tts.iciba.com/tts_dj/7/8/b/78bfe2251ec2eae68a9bb624a56f61a9.mp3", "tts_size": "33K"}]}, {"posp": "N-COUNT", "tran": "\u98ce\u6d41\u97f5\u4e8b\uff1b\u79c1\u901a", "def": "If two people who are not married to each other have an affair, they have a sexual relationship.", "example": [{"ex": "She was having an affair with someone at work.", "tran": "\u5979\u8ddf\u67d0\u4e00\u540c\u4e8b\u6709\u67d3\u3002", "tts_mp3": "http://res-tts.iciba.com/tts_dj/4/1/2/412d968282540ab61f767155d6432695.mp3", "tts_size": "12K"}]}, {"posp": "N-PLURAL", "tran": "\uff08\u5173\u4e8e\u67d0\u4e2a\u4e3b\u9898\u6240\u6709\u7684\uff09\u4e8b\u52a1", "def": "You can use affairs to refer to all the important facts or activities that are connected with a particular subject.", "example": [{"ex": "He does not want to interfere in the internal affairs of another country...", "tran": "\u4ed6\u4e0d\u60f3\u5e72\u6d89\u522b\u56fd\u5185\u653f\u3002", "tts_mp3": "http://res-tts.iciba.com/tts_dj/8/a/3/8a3728de3387c533a9bbcd707420fb72.mp3", "tts_size": "19K"}, {"ex": "With more details, here's our foreign affairs correspondent.", "tran": "\u8be6\u7ec6\u60c5\u51b5\uff0c\u8bf7\u542c\u6211\u4eec\u5916\u4ea4\u4e8b\u52a1\u8bb0\u8005\u7684\u62a5\u9053\u3002", "tts_mp3": "http://res-tts.iciba.com/tts_dj/8/a/9/8a965beb9485897e3ca4e29c5b452b79.mp3", "tts_size": "18K"}]}, {"posp": "N-PLURAL", "tran": "\u79c1\u4e8b\uff1b\u4e2a\u4eba\u4e8b\u52a1", "def": "Your affairs are all the matters connected with your life which you consider to be private and normally deal with yourself.", "example": [{"ex": "He was rational and consistent in the conduct of his affairs...", "tran": "\u4ed6\u5904\u7406\u79c1\u4e8b\u65f6\u5934\u8111\u6e05\u695a\uff0c\u59cb\u7ec8\u5982\u4e00\u3002", "tts_mp3": "http://res-tts.iciba.com/tts_dj/6/5/2/6527fdf537558dcb5f2b1cfa6ea1707f.mp3", "tts_size": "18K"}, {"ex": "The unexpectedness of my father's death meant that his affairs were not entirely in order.", "tran": "\u5bb6\u7236\u7684\u731d\u7136\u79bb\u4e16\u7559\u4e0b\u4e86\u5c1a\u672a\u5b8c\u5168\u5b89\u6392\u59a5\u5f53\u7684\u8eab\u540e\u4e8b\u3002", "tts_mp3": "http://res-tts.iciba.com/tts_dj/4/d/6/4d6346afdf52a8144b56c567dcc20e7c.mp3", "tts_size": "24K"}]}, {"posp": "N-SING", "tran": "\uff08\u4e0d\u5bb9\u522b\u4eba\u5e72\u6d89\u7684\uff09\u4e8b\u52a1", "def": "If you say that a decision or situation is someone's affair, you mean that it is their responsibility, and other people should not interfere.", "example": [{"ex": "If you wish to make a fool of yourself, that is your affair...", "tran": "\u5982\u679c\u4f60\u60f3\u8ba9\u81ea\u5df1\u51fa\u4e11\uff0c\u90a3\u662f\u4f60\u81ea\u5df1\u7684\u4e8b\u3002", "tts_mp3": "http://res-tts.iciba.com/tts_dj/d/9/1/d91a139ff903c09c03050e2317b82185.mp3", "tts_size": "16K"}, {"ex": "If they want to stay and fight, then I guess that's their affair.", "tran": "\u5982\u679c\u4ed6\u4eec\u60f3\u7559\u4e0b\u6765\u6253\u67b6\uff0c\u6211\u60f3\u90a3\u662f\u4ed6\u4eec\u81ea\u5df1\u7684\u4e8b\u3002", "tts_mp3": "http://res-tts.iciba.com/tts_dj/d/c/8/dc86785f3de04679eb700a92e50445d8.mp3", "tts_size": "18K"}]}], "collins_star": "4", "frequency_count": 5545856, "frequency_rank": 9420}