{"ph_en": "\u02c8\u00e6f\u0259bl", "ph_am": "\u02c8\u00e6f\u0259b\u0259l", "ph_en_mp3": "http://res.iciba.com/resource/amp3/oxford/0/b1/be/b1be42c5edc0ae72bc297be41662a580.mp3", "ph_am_mp3": "http://res.iciba.com/resource/amp3/1/0/5f/ae/5fae6c988433271d75406a9a7045c5f8.mp3", "parts": [{"part": "adj.", "means": ["\u53cb\u5584\u7684", "\u548c\u853c\u7684", "\u5e73\u6613\u8fd1\u4eba\u7684", "\uff08\u5929\u6c14\uff09\u5b9c\u4eba"]}], "collins": [{"posp": "ADJ-GRADED", "tran": "\u548c\u853c\u53ef\u4eb2\u7684\uff1b\u53cb\u597d\u7684", "def": "Someone who is affable is pleasant and friendly.", "example": [{"ex": "Mr Brooke is an extremely affable and approachable man.", "tran": "\u5e03\u9c81\u514b\u5148\u751f\u6781\u4e3a\u8c26\u548c\uff0c\u5e73\u6613\u8fd1\u4eba\u3002", "tts_mp3": "http://res-tts.iciba.com/tts_dj/1/0/5/10571a7798ef333d6e19dde8b4c56968.mp3", "tts_size": "17K"}]}], "collins_star": "1", "frequency_count": 155590, "frequency_rank": 77365}