{"ph_en": "\u0259\u02c8fekt", "ph_am": "\u0259\u02c8f\u025bkt", "ph_en_mp3": "http://res.iciba.com/resource/amp3/oxford/0/eb/21/eb2181f4b583ac2497f12e7e0a23da4d.mp3", "ph_am_mp3": "http://res.iciba.com/resource/amp3/1/0/2a/93/2a9302012902df506914730ca304078d.mp3", "parts": [{"part": "vt.", "means": ["\u5f71\u54cd", "\u5047\u88c5", "\u611f\u52a8", "\uff08\u75be\u75c5\uff09\u4fb5\u88ad"]}, {"part": "n.", "means": ["\u611f\u60c5\uff0c\u60c5\u611f\uff0c\u5fc3\u60c5", "[\u7cbe\u795e\u75c5\u5b66]\uff08\u8868\u9732\u6216\u89c9\u5bdf\u5230\u7684\uff09\u60c5\u7eea\u53cd\u5e94"]}], "collins": [{"posp": "VERB", "tran": "\u5f71\u54cd;\u4f7f\u6539\u53d8", "def": "If something affects a person or thing, it influences them or causes them to change in some way.", "example": [{"ex": "Nicotine adversely affects the functioning of the heart and arteries...", "tran": "\u5c3c\u53e4\u4e01\u4f1a\u5bf9\u5fc3\u810f\u53ca\u52a8\u8109\u529f\u80fd\u9020\u6210\u635f\u5bb3\u3002", "tts_mp3": "http://res-tts.iciba.com/tts_dj/1/7/c/17c3b83d44bec8a07ab9e83252583363.mp3", "tts_size": "19K"}, {"ex": "More than seven million people have been affected by drought.", "tran": "\u5df2\u6709\u8d85\u8fc7700\u4e07\u7684\u6c11\u4f17\u53d7\u5230\u65f1\u707e\u7684\u5f71\u54cd\u3002", "tts_mp3": "http://res-tts.iciba.com/tts_dj/9/2/2/92266bf40b48ce9b1e494b2b420838be.mp3", "tts_size": "16K"}]}, {"posp": "VERB", "tran": "\uff08\u75be\u75c5\uff09\u4fb5\u88ad\uff0c\u611f\u67d3", "def": "If a disease affects someone, it causes them to become ill.", "example": [{"ex": "Arthritis is a crippling disease which affects people all over the world.", "tran": "\u5173\u8282\u708e\u662f\u4e00\u79cd\u4f1a\u5371\u5bb3\u5168\u4eba\u7c7b\u5065\u5eb7\u7684\u81f4\u6b8b\u6027\u75be\u75c5\u3002", "tts_mp3": "http://res-tts.iciba.com/tts_dj/5/7/1/5718b9b85b47a958d3f86ba01004bfbc.mp3", "tts_size": "20K"}]}, {"posp": "VERB", "tran": "\uff08\u611f\u60c5\u4e0a\uff09\u6253\u52a8\uff0c\u9707\u52a8\uff0c\u4f7f\u60b2\u4f24\uff08\u6216\u601c\u60af\uff09", "def": "If something or someone affects you, they make you feel a strong emotion, especially sadness or pity.", "example": [{"ex": "The divorce affected Jim deeply...", "tran": "\u79bb\u5a5a\u5bf9\u5409\u59c6\u6253\u51fb\u5f88\u5927\u3002", "tts_mp3": "http://res-tts.iciba.com/tts_dj/a/8/8/a88a7b55e911e7ff0120b6fcef7b64bf.mp3", "tts_size": "10K"}, {"ex": "Gregor loved his sister, and her loss clearly still affects him.", "tran": "\u683c\u96f7\u6208\u5c14\u7231\u4ed6\u7684\u59d0\u59d0\uff0c\u5979\u7684\u53bb\u4e16\u663e\u7136\u4ecd\u4ee4\u4ed6\u60b2\u4f24\u4e0d\u5df2\u3002", "tts_mp3": "http://res-tts.iciba.com/tts_dj/1/c/4/1c46e1cc1ce3d2ae10b7c82cda3fa9dd.mp3", "tts_size": "19K"}]}, {"posp": "VERB", "tran": "\u5047\u88c5\uff1b\u4f6f\u88c5\uff1b\u88c5\u51fa\u2026\u7684\u6837\u5b50", "def": "If you affect a particular characteristic or way of behaving, you pretend that it is genuine, or natural for you.", "example": [{"ex": "He listened to them, affecting an amused interest...", "tran": "\u4ed6\u88c5\u4f5c\u9976\u6709\u5174\u81f4\u5730\u542c\u4ed6\u4eec\u8bf4\u8bdd\u3002", "tts_mp3": "http://res-tts.iciba.com/tts_dj/7/1/c/71cef130aa1ee9c02d452306471c4b81.mp3", "tts_size": "15K"}, {"ex": "Ms. Redgrave affects a heavy Italian accent.", "tran": "\u96f7\u5fb7\u683c\u96f7\u592b\u5973\u58eb\u5047\u88c5\u5e26\u6709\u6d53\u91cd\u7684\u610f\u5927\u5229\u53e3\u97f3\u3002", "tts_mp3": "http://res-tts.iciba.com/tts_dj/4/b/d/4bdf9a113c6f1d82424225e1a632741e.mp3", "tts_size": "15K"}]}], "collins_star": "4", "frequency_count": 24406141, "frequency_rank": 3140}