{"ph_en": "\u0259\u02c8fek\u0283\u0259n\u0259t", "ph_am": "\u0259\u02c8f\u025bk\u0283\u0259n\u026at", "ph_en_mp3": "http://res.iciba.com/resource/amp3/oxford/0/01/87/01875d85c900d7792e3eef52de507cef.mp3", "ph_am_mp3": "http://res.iciba.com/resource/amp3/1/0/72/14/721427cfd285945795ca2ed7cbd15eb8.mp3", "parts": [{"part": "adj.", "means": ["\u6df1\u60c5\u7684\uff0c\u631a\u7231\u7684", "\u6148\u7231\u7684", "\u6709\u611f\u60c5\u7684", "\u4eb2\u70ed"]}], "collins": [{"posp": "ADJ-GRADED", "tran": "\u5145\u6ee1\u6df1\u60c5\u7684\uff1b\u6ee1\u6000\u67d4\u60c5\u7684\uff1b\u8868\u793a\u7231\u7684", "def": "If you are affectionate, you show your love or fondness for another person in the way that you behave towards them.", "example": [{"ex": "They seemed devoted to each other and were openly affectionate...", "tran": "\u4ed6\u4eec\u770b\u8d77\u6765\u975e\u5e38\u6069\u7231\uff0c\u67d4\u60c5\u871c\u610f\u6ea2\u4e8e\u8a00\u8868\u3002", "tts_mp3": "http://res-tts.iciba.com/tts_dj/6/0/4/604d2e967e20d7cb98122c23188c8a6a.mp3", "tts_size": "18K"}, {"ex": "She gave me a very long and affectionate hug.", "tran": "\u5979\u6ee1\u6000\u6df1\u60c5\u5730\u4e45\u4e45\u62e5\u62b1\u4e86\u6211\u3002", "tts_mp3": "http://res-tts.iciba.com/tts_dj/d/7/3/d734dd950a1cd5fb399b701be8c76b1b.mp3", "tts_size": "14K"}]}], "collins_star": "1", "frequency_count": 713693, "frequency_rank": 32023}