{"ph_en": "\u0259\u02c8fek\u0283n", "ph_am": "\u0259\u02c8f\u025bk\u0283\u0259n", "ph_en_mp3": "http://res.iciba.com/resource/amp3/oxford/0/a8/59/a8592abf14065c8948425c75a58d84ad.mp3", "ph_am_mp3": "http://res.iciba.com/resource/amp3/1/0/29/b0/29b068a24120b71ea06f582c547816ec.mp3", "parts": [{"part": "n.", "means": ["\u559c\u7231\uff0c\u6148\u7231", "\u60c5\u611f\u6216\u611f\u60c5", "\u610f\u5411", "\u75be\u75c5\uff0c\u75c5\u60c5"]}], "collins": [{"posp": "N-UNCOUNT", "tran": "\u559c\u7231\uff1b\u559c\u6b22", "def": "If you regard someone or something with affection, you like them and are fond of them.", "example": [{"ex": "She thought of him with affection...", "tran": "\u5979\u5f88\u60f3\u5ff5\u4ed6\u3002", "tts_mp3": "http://res-tts.iciba.com/tts_dj/7/d/b/7dbe2a80c54d0e749471f7eda13a9629.mp3", "tts_size": "10K"}, {"ex": "She had developed quite an affection for the place.", "tran": "\u5979\u9010\u6e10\u5bf9\u8fd9\u4e2a\u5730\u65b9\u949f\u7231\u6709\u52a0\u3002", "tts_mp3": "http://res-tts.iciba.com/tts_dj/d/5/8/d5863cf597f9f9701fed9f4596fe8f28.mp3", "tts_size": "15K"}]}, {"posp": "N-PLURAL", "tran": "\u7231\u6155\uff1b\u949f\u7231\u4e4b\u60c5", "def": "Your affections are your feelings of love or fondness for someone.", "example": [{"ex": "The distant object of his affections is Caroline...", "tran": "\u4ed6\u4e00\u53a2\u60c5\u613f\u5730\u7231\u6155\u5361\u7f57\u7433\u3002", "tts_mp3": "http://res-tts.iciba.com/tts_dj/a/f/d/afd93242df913c685ed70f49b6aea1fe.mp3", "tts_size": "15K"}, {"ex": "Jack Russell has a special place in the affections of the cricketing public.", "tran": "\u6770\u514b\u00b7\u62c9\u585e\u5c14\u5728\u6253\u677f\u7403\u7684\u4eba\u5fc3\u4e2d\u6709\u7740\u7279\u6b8a\u7684\u5730\u4f4d\u3002", "tts_mp3": "http://res-tts.iciba.com/tts_dj/9/b/5/9b5cb7b379272161a87a13d8b52c49e2.mp3", "tts_size": "20K"}]}], "collins_star": "2", "frequency_count": 2332707, "frequency_rank": 15988}