{"ph_en": "\u0259\u02c8f\u026alie\u026at", "ph_am": "\u0259\u02c8f\u026ali\u02cce\u026at", "ph_en_mp3": "http://res.iciba.com/resource/amp3/0/0/6d/0b/6d0bd9c8d2eadeb088b34895fde10c55.mp3", "ph_am_mp3": "http://res.iciba.com/resource/amp3/1/0/6d/0b/6d0bd9c8d2eadeb088b34895fde10c55.mp3", "parts": [{"part": "vt.", "means": ["\u4f7f\u96b6\u5c5e\u4e8e\uff0c\u63a5\u7eb3\u2026\u4e3a\u6210\u5458", "\u4f7f\u7d27\u5bc6\u8054\u7cfb"]}, {"part": "vt.& vi.", "means": ["\u52a0\u5165\uff0c\u4e0e\u2026\u6709\u5173", "\u4e3a\u2026\u5de5\u4f5c"]}], "collins": [{"posp": "N-COUNT", "tran": "\u6210\u5458\u7ec4\u7ec7\uff1b\u9644\u5c5e\u673a\u6784\uff1b\u5206\u4f1a", "def": "An affiliate is an organization which is officially connected with another, larger organization or is a member of it.", "example": [{"ex": "...twelve companies, including three affiliates of a Texas oil firm...", "tran": "12\u5bb6\u516c\u53f8\uff0c\u5305\u62ec\u5f97\u514b\u8428\u65af\u4e00\u5bb6\u77f3\u6cb9\u516c\u53f8\u76843\u5bb6\u5206\u516c\u53f8", "tts_mp3": "http://res-tts.iciba.com/tts_dj/e/a/3/ea322254e6cb8264dc7a7a493f46b8d5.mp3", "tts_size": "21K"}, {"ex": "The World Chess Federation has affiliates in around 120 countries.", "tran": "\u56fd\u9645\u8c61\u68cb\u8054\u5408\u4f1a\u5728\u5927\u7ea6120\u4e2a\u56fd\u5bb6\u8bbe\u6709\u5206\u652f\u673a\u6784\u3002", "tts_mp3": "http://res-tts.iciba.com/tts_dj/3/c/4/3c44e2b3ba854bbbe20ff14db35f230a.mp3", "tts_size": "21K"}]}, {"posp": "VERB", "tran": "\u96b6\u5c5e\u4e8e;\u5e76\u5165", "def": "If an organization affiliates to or with another larger organization, it forms a close connection with the larger organization or becomes a member of it.", "example": [{"ex": "All youth groups will have to affiliate to the National Youth Agency...", "tran": "\u6240\u6709\u9752\u5e74\u56e2\u4f53\u5fc5\u987b\u5e76\u5165\u5168\u56fd\u9752\u5e74\u4e8b\u52a1\u5904\u3002", "tts_mp3": "http://res-tts.iciba.com/tts_dj/e/f/a/efad83da5e28213df7710463eae0dfee.mp3", "tts_size": "19K"}, {"ex": "The Government will not allow the staff association to affiliate with outside unions.", "tran": "\u653f\u5e9c\u4e0d\u4f1a\u5141\u8bb8\u5176\u516c\u52a1\u5458\u534f\u4f1a\u4e0e\u5916\u90e8\u5de5\u4f1a\u6709\u7d27\u5bc6\u8054\u7cfb\u3002", "tts_mp3": "http://res-tts.iciba.com/tts_dj/9/7/7/977eab32bf1f1db2e336aeafca6ab62d.mp3", "tts_size": "24K"}]}, {"posp": "VERB", "tran": "\uff08\u533b\u751f\u6216\u5f8b\u5e08\u7b49\u4e13\u4e1a\u4eba\u58eb\uff09\u4e0e\u2026\u6709\u6b63\u5f0f\u5173\u7cfb", "def": "If a professional person such as a lawyer or doctor affiliates with an organization, they become officially connected with that organization.", "example": [{"ex": "He said he wanted to affiliate with a U.S. firm because he needed 'expert advice and counsel in legal affairs'.", "tran": "\u4ed6\u8bf4\u4ed6\u56e0\u4e3a\u9700\u8981\u201c\u5728\u6cd5\u5f8b\u4e8b\u52a1\u4e0a\u5f97\u5230\u4e13\u5bb6\u7684\u610f\u89c1\u548c\u5efa\u8bae\u201d\uff0c\u6240\u4ee5\u60f3\u4e0e\u4e00\u5bb6\u7f8e\u56fd\u5f8b\u5e08\u4e8b\u52a1\u6240\u5efa\u7acb\u5408\u4f5c\u5173\u7cfb\u3002", "tts_mp3": "http://res-tts.iciba.com/tts_dj/6/7/f/67f2dff1d61b3848343c3aacd77f8dcd.mp3", "tts_size": "30K"}]}], "collins_star": "2", "frequency_count": 37877419, "frequency_rank": 2136}