{"ph_en": "\u02cc\u00e6f\u0259\u02c8de\u026av\u026at", "ph_am": "\u02cc\u00e6f\u026a\u02c8dev\u026at", "ph_en_mp3": "http://res.iciba.com/resource/amp3/oxford/0/72/1c/721c8e4dd6902f5600688e0a66f86492.mp3", "ph_am_mp3": "http://res.iciba.com/resource/amp3/1/0/66/7b/667b967938dc1cef0e96e7483f045d69.mp3", "parts": [{"part": "n.", "means": ["<\u6cd5>\u5ba3\u8a93\u53e3\u4f9b", "\u5ba3\u8a93\u4e66"]}], "collins": [{"posp": "N-COUNT", "tran": "\u5ba3\u8a93\u4e66\uff1b\uff08\u7ecf\u9648\u8ff0\u8005\u5ba3\u8a93\u5728\u6cd5\u5ead\u4e0a\u53ef\u4f5c\u4e3a\u8bc1\u636e\u91c7\u7eb3\u7684\uff09\u4e66\u9762\u9648\u8ff0", "def": "An affidavit is a written statement which you swear is true and which may be used as evidence in a court of law.", "example": []}], "collins_star": "1", "frequency_count": 2125205, "frequency_rank": 16931}