{"ph_en": "\u02c8\u00e6fr\u026ak\u0259n \u0259\u02c8mer\u026ak\u0259n", "ph_am": "\u02c8\u00e6fr\u026ak\u0259n \u0259\u02c8m\u025br\u026ak\u0259n", "ph_en_mp3": "", "ph_am_mp3": "http://res.iciba.com/resource/amp3/1/0/b4/05/b4057ff6129afdc586afa49585760fec.mp3", "parts": [{"part": "n.", "means": ["\u975e\u88d4\u7f8e\u56fd\u4eba\uff1b\u7f8e\u56fd\u9ed1\u4eba"]}], "collins": [{"posp": "N-COUNT", "tran": "\u975e\u88d4\u7f8e\u56fd\u4eba\uff1b\u7f8e\u56fd\u9ed1\u4eba", "def": "African-Americans are black people living in the United States who are descended from families that originally came from Africa.", "example": [{"ex": "Today African-Americans are 12 percent of the population.", "tran": "\u5982\u4eca\u975e\u88d4\u7f8e\u56fd\u4eba\u5360\u603b\u4eba\u53e3\u768412%\u3002", "tts_mp3": "http://res-tts.iciba.com/tts_dj/6/b/6/6b6f6bfeb814d9a007af54d81c94fe0f.mp3", "tts_size": "17K"}]}], "collins_star": "2", "frequency_count": 0, "frequency_rank": 0}