{"ph_en": "\u02c8\u00e6fr\u0259\u028a", "ph_am": "\u02c8\u00e6fro\u028a", "ph_en_mp3": "http://res.iciba.com/resource/amp3/0/0/91/ad/91ad2d462bbbb60a5629ade4c3600f87.mp3", "ph_am_mp3": "http://res.iciba.com/resource/amp3/1/0/91/ad/91ad2d462bbbb60a5629ade4c3600f87.mp3", "parts": [{"part": "n.", "means": ["\u975e\u6d32\u5f0f\u53d1\u578b", "\u5706\u84ec\u5f0f\u53d1\u578b", "\u84ec\u677e\u53d1\u578b"]}, {"part": "adj.", "means": ["\uff08\u4eff\u6548\u9ed1\u4eba\u7559\u7684\uff09\u84ec\u677e\u53d1\u578b\u7684", "<\u53e3>\u7f8e\u6d32\u9ed1\u4eba\u7684", "\u5706\u84ec\u5f0f\u7684"]}], "collins": [{"posp": "ADJ", "tran": "\uff08\u53d1\u578b\uff09\u975e\u6d32\u5f0f\u7684\uff0c\u57c3\u5f17\u7f57\u53d1\u5f0f\u7684", "def": "Afro hair is very tightly curled and sticks out all around your head.", "example": []}, {"posp": "N-COUNT", "tran": "\u975e\u6d32\u5f0f\u53d1\u578b\uff0c\u57c3\u5f17\u7f57\u53d1\u5f0f\uff08\u4e00\u79cd\u5706\u5f62\u7d27\u5bc6\u9b08\u53d1\uff09", "def": "An Afro is an Afro hairstyle.", "example": []}], "collins_star": "1", "frequency_count": 2177296, "frequency_rank": 16693}