{"ph_en": "\u02cce\u026a d\u0292i: \u02c8em", "ph_am": "\u02cce\u026ad\u0292i'em", "ph_en_mp3": "http://res.iciba.com/resource/amp3/oxford/0/da/ca/daca483875ef39a213ec33ffeacfa0f5.mp3", "ph_am_mp3": "", "parts": [{"part": "abbr.", "means": ["air-launched guided missile \u6c14\u4f53\u53d1\u5c04\u7684\u5bfc\u5f39", "air-to-ground missile \u7a7a\u5bf9\u5730\u5bfc\u5f39", "annual general meeting \u5e74\u4f1a"]}], "collins": [{"posp": "N-COUNT", "tran": "\uff08\u516c\u53f8\u3001\u56e2\u4f53\u7684\uff09\u5e74\u4f1a", "def": "The AGM of a company or organization is a meeting which it holds once a year in order to discuss the previous year's activities and accounts. AGM is an abbreviation for (\u7f29\u7565=) 'Annual General Meeting'.", "example": []}], "collins_star": "1", "frequency_count": 1588758, "frequency_rank": 20105}