{"ph_en": "e\u026adz", "ph_am": "e\u026adz", "ph_en_mp3": "http://res.iciba.com/resource/amp3/oxford/0/3a/25/3a256251af413701ce13779e1949aa9b.mp3", "ph_am_mp3": "", "parts": [{"part": "abbr.", "means": ["\u827e\u6ecb\u75c5\uff0c\u83b7\u5f97\u6027\u514d\u75ab\u7f3a\u4e4f\u7efc\u5408\u75c7\uff08Acquired Immune Deficiency Syndrome\uff09"]}], "collins": [{"posp": "N-UNCOUNT", "tran": "\u827e\u6ecb\u75c5\uff1b\u83b7\u5f97\u6027\u514d\u75ab\u7f3a\u9677\u7efc\u5408\u5f81", "def": "AIDS is a disease which destroys the natural system of protection that the body has against other diseases. AIDS is an abbreviation for (\u7f29\u7565=) 'acquired immune deficiency syndrome'.", "example": []}], "collins_star": "4", "frequency_count": 33155753, "frequency_rank": 2404}