{"ph_en": "\u00e6l'd\u0292\u026a\u0259r\u026a\u0259n", "ph_am": "\u00e6l'd\u0292\u026ar\u026arn", "ph_en_mp3": "http://res.iciba.com/resource/amp3/0/0/e4/ba/e4ba596e87f1fe32f26232a728b916d1.mp3", "ph_am_mp3": "", "parts": [{"part": "n.", "means": ["\u963f\u5c14\u53ca\u5229\u4e9a\u4eba", "\u963f\u5c14\u53ca\u5229\u4e9a\u8bed"]}, {"part": "adj.", "means": ["\u963f\u5c14\u53ca\u5229\u4e9a\u7684", "\u963f\u5c14\u53ca\u5229\u4e9a\u4eba\u7684", "\u963f\u5c14\u53ca\u5229\u4e9a\u751f\u6d3b\u65b9\u5f0f\u7684"]}], "collins": [{"posp": "ADJ", "tran": "\u963f\u5c14\u53ca\u5229\u4e9a\u7684\uff1b\u963f\u5c14\u53ca\u5229\u4e9a\u4eba\u7684\uff1b\u963f\u5c14\u53ca\u5229\u4e9a\u6587\u5316\u7684", "def": "Algerian means belonging or relating to Algeria, or its people or culture.", "example": [{"ex": "...the Algerian desert.", "tran": "\u963f\u5c14\u53ca\u5229\u4e9a\u6c99\u6f20", "tts_mp3": "http://res-tts.iciba.com/tts_dj/5/4/2/5420566f566381f8ded24c3fb3b2433f.mp3", "tts_size": "8K"}, {"ex": "...a young Algerian actor.", "tran": "\u4e00\u4f4d\u5e74\u8f7b\u7684\u963f\u5c14\u53ca\u5229\u4e9a\u6f14\u5458", "tts_mp3": "http://res-tts.iciba.com/tts_dj/a/4/e/a4e7ccae0f4d000b3a0fda29cd229fd7.mp3", "tts_size": "9K"}]}, {"posp": "N-COUNT", "tran": "\u963f\u5c14\u53ca\u5229\u4e9a\u4eba\uff1b\u963f\u5c14\u53ca\u5229\u4e9a\u88d4\u4eba", "def": "An Algerian is an Algerian citizen or a person of Algerian origin.", "example": []}], "collins_star": "3", "frequency_count": 784119, "frequency_rank": 30272}