{"ph_en": "\u02c8\u00e6l\u0259", "ph_am": "'\u00e6l\u0259", "ph_en_mp3": "http://res.iciba.com/resource/amp3/oxford/0/3e/64/3e642a87dc95611cb82e768aea2c510f.mp3", "ph_am_mp3": "http://res.iciba.com/resource/amp3/1/0/11/22/11222a0756cc9ff760155f9f28b61e0a.mp3", "parts": [{"part": "n.", "means": ["\uff08\u4f0a\u65af\u5170\u6559\u7684\uff09\u963f\u62c9\uff0c\u771f\u4e3b"]}], "collins": [{"posp": "N-PROPER", "tran": "\u5b89\u62c9\uff0c\u771f\u4e3b\uff08\u7a46\u65af\u6797\u4fe1\u5949\u7684\u795e\uff09", "def": "Allah is the name of God in Islam.", "example": []}], "collins_star": "1", "frequency_count": 5096394, "frequency_rank": 9951}