{"ph_en": "\u00e6n\u02c8t\u0251:kt\u026ak", "ph_am": "\u00e6n\u02c8t\u0251rkt\u026ak", "ph_en_mp3": "http://res.iciba.com/resource/amp3/oxford/0/74/73/7473021a43d4bc51ba2dacae725c235a.mp3", "ph_am_mp3": "http://res.iciba.com/resource/amp3/1/0/19/5c/195cfe988ff878099e8b9818e43764fc.mp3", "parts": [{"part": "adj.", "means": ["\u5357\u6781\u7684"]}], "collins": [{"posp": "N-PROPER", "tran": "\u5357\u6781\u6d32\uff1b\u5357\u6781\u5730\u533a", "def": "The Antarctic is the area around the South Pole.", "example": []}], "collins_star": "1", "frequency_count": 2733306, "frequency_rank": 14584}