{"ph_en": "\u0259\u02c8kwe\u0259ri\u0259s", "ph_am": "\u0259\u02c8kweri\u0259s", "ph_en_mp3": "http://res.iciba.com/resource/amp3/oxford/0/d3/c3/d3c30498e3d253be9e13cdd08cc02343.mp3", "ph_am_mp3": "http://res.iciba.com/resource/amp3/1/0/a0/67/a0678bcea04dbd6852c219062ab2bb3c.mp3", "parts": [{"part": "n.", "means": ["\u5b9d\u74f6\u5bab", "\u6c34\u74f6\u5ea7"]}], "collins": [{"posp": "N-UNCOUNT", "tran": "\u5b9d\u74f6\u5bab\uff0c\u5b9d\u74f6\u5ea7\uff08\u9ec4\u9053\u5341\u4e8c\u5bab\u4e4b\u4e00\u3002\u51fa\u751f\u4e8e1\u670820\u65e5\u81f32\u670818\u65e5\u4e4b\u95f4\u7684\u4eba\u5c5e\u6b64\u661f\u5ea7\uff09", "def": "Aquarius is one of the twelve signs of the zodiac. Its symbol is a person pouring water. People who are born approximately between 20th January and 18th February come under this sign.", "example": []}, {"posp": "N-SING", "tran": "\u51fa\u751f\u4e8e\u5b9d\u74f6\u5bab\u65f6\u6bb5\u7684\u4eba", "def": "An Aquarius is a person whose sign of the zodiac is Aquarius.", "example": []}], "collins_star": "2", "frequency_count": 1573734, "frequency_rank": 20213}