{"ph_en": "\u02c8e\u0259ri:z", "ph_am": "\u02c8eriz", "ph_en_mp3": "", "ph_am_mp3": "http://res.iciba.com/resource/amp3/1/0/39/7c/397cbf6db9d7ae6906ae420aedc5346c.mp3", "parts": [{"part": "abbr.", "means": ["astronomical radio interferometric earth surveying \u822a\u7a7a\u5e72\u6d89\u6d4b\u91cf\u52d8\u5bdf\u5730\u8868"]}, {"part": "n.", "means": ["[\u5929] \u767d\u7f8a\uff08\u661f\uff09\u5ea7", "[\u5929] \u767d\u7f8a\u5bab"]}], "collins": [{"posp": "N-UNCOUNT", "tran": "\u767d\u7f8a\u5bab\uff0c\u767d\u7f8a\u5ea7\uff08\u9ec4\u9053\u5341\u4e8c\u5bab\u4e4b\u4e00\u3002\u51fa\u751f\u4e8e3\u670821\u65e5\u81f34\u670819\u65e5\u4e4b\u95f4\u7684\u4eba\u5c5e\u6b64\u661f\u5ea7\uff09", "def": "Aries is one of the twelve signs of the zodiac. Its symbol is a ram. People who are born approximately between 21st March and 19th April come under this sign.", "example": []}, {"posp": "N-SING", "tran": "\u51fa\u751f\u4e8e\u767d\u7f8a\u5bab\u65f6\u6bb5\u7684\u4eba", "def": "An Aries is a person whose sign of the zodiac is Aries.", "example": []}], "collins_star": "2", "frequency_count": 1651320, "frequency_rank": 19666}