{"ph_en": "\u02c8\u0252zi", "ph_am": "\u02c8\u0254zi", "ph_en_mp3": "http://res.iciba.com/resource/amp3/0/0/44/e5/44e5c06e7e8d5ca24cb0c8dbf033ab78.mp3", "ph_am_mp3": "http://res.iciba.com/resource/amp3/1/0/37/4a/374acb83d042f91a9e24bf133ef975a0.mp3", "parts": [{"part": "n.", "means": ["\u6fb3\u6d32\u4eba\uff0c\u6fb3\u5927\u5229\u4e9a"]}, {"part": "adj.", "means": ["\u6fb3\u6d32\u7684"]}], "collins": [{"posp": "ADJ", "tran": "\u6fb3\u5927\u5229\u4e9a\u7684", "def": "Aussie means Australian.", "example": [{"ex": "...Aussie comedy actor Paul Hogan.", "tran": "\u6fb3\u5927\u5229\u4e9a\u559c\u5267\u6f14\u5458\u4fdd\u7f57\u00b7\u970d\u6839", "tts_mp3": "http://res-tts.iciba.com/tts_dj/b/4/4/b44fc36148f92d540e54d0cbd162923d.mp3", "tts_size": "11K"}]}], "collins_star": "1", "frequency_count": 3459025, "frequency_rank": 12663}