{"ph_en": "\u02ccbi:'e\u026a", "ph_am": "\u02ccbi'e\u026a", "ph_en_mp3": "http://res.iciba.com/resource/amp3/oxford/0/74/8c/748cfd2ddea50837fbb85568f7018d93.mp3", "ph_am_mp3": "", "parts": [{"part": "n.", "means": ["\u6587\u5b66\u58eb"]}], "collins": [{"posp": "N-COUNT", "tran": "\u6587\u5b66\u58eb\u5b66\u4f4d", "def": "A BA is a first degree in an arts or social science subject. BA is an abbreviation for (\u7f29\u7565=) 'Bachelor of Arts'.", "example": [{"ex": "I did a BA in film making.", "tran": "\u6211\u83b7\u5f97\u4e86\u7535\u5f71\u6444\u5236\u7684\u6587\u5b66\u58eb\u5b66\u4f4d\u3002", "tts_mp3": "http://res-tts.iciba.com/tts_dj/3/f/6/3f69c43a30832e852abe0f32fa8ae769.mp3", "tts_size": "9K"}]}, {"posp": "", "tran": "\uff08\u7f6e\u4e8e\u4eba\u540d\u540e\uff09\u6587\u5b66\u58eb", "def": "BA is written after someone's name to indicate that they have a BA.", "example": [{"ex": "...Helen Rich, BA (Hons).", "tran": "\u2026\u6d77\u4f26\u00b7\u91cc\u5947\uff08\u8363\u8a89\uff09\u6587\u5b66\u58eb", "tts_mp3": "http://res-tts.iciba.com/tts_dj/f/d/9/fd9c1a52367f1af35e393440677cf37b.mp3", "tts_size": "12K"}]}], "collins_star": "1", "frequency_count": 17893080, "frequency_rank": 3998}