{"ph_en": "\u02ccbi:'si:", "ph_am": "\u02ccbi'si", "ph_en_mp3": "http://res.iciba.com/resource/amp3/oxford/0/e9/be/e9be6224da280e8f6af1b6a505ad475d.mp3", "ph_am_mp3": "", "parts": [{"part": "abbr.", "means": ["before Christ \u516c\u5143\u524d\uff08\u57fa\u7763\u6559\u4f1a\u5386\u6cd5\u7528\uff09", "British Columbia \uff08\u52a0\u62ff\u5927\uff09\u4e0d\u5217\u98a0\u54e5\u4f26\u6bd4\u4e9a\u7701", "bachelor of commerce \u5316\u5b66\u5b66\u58eb"]}], "collins": [{"posp": "", "tran": "\u516c\u5143\u524d", "def": "You use BC in dates to indicate a number of years or centuries before the year in which Jesus Christ is believed to have been born.", "example": [{"ex": "The brooch dates back to the fourth century BC.", "tran": "\u8fd9\u679a\u80f8\u9488\u7684\u5386\u53f2\u53ef\u4ee5\u8ffd\u6eaf\u5230\u516c\u5143\u524d4\u4e16\u7eaa\u3002", "tts_mp3": "http://res-tts.iciba.com/tts_dj/4/d/0/4d0896838c08ecc7ef68e00941471a1c.mp3", "tts_size": "13K"}]}], "collins_star": "1", "frequency_count": 30670787, "frequency_rank": 2585}