{"ph_en": "\u02c8ba\u026ab\u0259l", "ph_am": "\u02c8ba\u026ab\u0259l", "ph_en_mp3": "http://res.iciba.com/resource/amp3/0/0/a7/c0/a7c01f5c9df2dcea94d8d8535ef218ef.mp3", "ph_am_mp3": "http://res.iciba.com/resource/amp3/1/0/57/88/5788fbc5ff334175ec2eccae6f0ed813.mp3", "parts": [{"part": "n.", "means": ["\u5723\u7ecf", "\u6709\u6743\u5a01\u7684\u4e66"]}], "collins": [{"posp": "N-PROPER", "tran": "\u300a\u5723\u7ecf\u300b", "def": "The Bible is the holy book on which the Jewish and Christian religions are based.", "example": []}, {"posp": "N-COUNT", "tran": "\u4e00\u672c\u300a\u5723\u7ecf\u300b", "def": "A Bible is a copy of the Bible.", "example": []}, {"posp": "N-COUNT", "tran": "\u5b9d\u5178\uff1b\u6743\u5a01\u8457\u4f5c", "def": "If someone describes a book or magazine about their job or interest as their bible, they mean that it is the best and most useful book about the subject.", "example": [{"ex": "...the photographer's bible \u2014 Amateur Photographer.", "tran": "\u6444\u5f71\u5e08\u7684\u5b9d\u5178\u2014\u2014\u300a\u4e1a\u4f59\u6444\u5f71\u5e08\u300b", "tts_mp3": "http://res-tts.iciba.com/tts_dj/6/4/8/64814fdc73637c06b4efbd12e8a971ac.mp3", "tts_size": "15K"}]}], "collins_star": "3", "frequency_count": 45080741, "frequency_rank": 1820}