{"ph_en": "b\u0252b", "ph_am": "b\u0251b", "ph_en_mp3": "http://res.iciba.com/resource/amp3/0/0/9f/9d/9f9d51bc70ef21ca5c14f307980a29d8.mp3", "ph_am_mp3": "http://res.iciba.com/resource/amp3/1/0/9f/9d/9f9d51bc70ef21ca5c14f307980a29d8.mp3", "parts": [{"part": "vt.", "means": ["\u4f7f\u4e0a\u4e0b\uff08\u6216\u6765\u56de\uff09\u5feb\u901f\u6446\u52a8", "\u526a\u77ed\uff08\u5934\u53d1\uff09", "\u622a\u77ed\uff08\u5c3e\u5df4\uff09", "\u8f7b\u62cd\uff0c\u8f7b\u53e9"]}, {"part": "vi.", "means": ["\u884c\u5c48\u819d\u793c", "\u4e0a\u4e0b\uff08\u6216\u6765\u56de\uff09\u5feb\u901f\u6446\u52a8", "\u7528\u6d6e\u5b50\u9493\u9c7c", "\u54ac\u4f4f\u60ac\u6302\u6216\u6f02\u6d6e\u7684\u76ee\u6807\u7269"]}, {"part": "n.", "means": ["\u9c8d\u52c3", "\u3008\u7f8e\u53e3\uff0c\u82f1\u53e3\u3009\u540c\u201cshilling\u201d", "\uff08\u5973\u4eba\uff0c\u5c0f\u5b69\u7684\uff09\u77ed\u53d1\uff0c\u675f\u53d1", "\u8f7b\u62cd"]}], "collins": [{"posp": "VERB", "tran": "\uff08\u50cf\u7269\u4f53\u5728\u6c34\u4e2d\u98d8\u6d6e\u4f3c\u7684\uff09\u4e0a\u4e0b\u79fb\u52a8\uff0c\u8d77\u4f0f", "def": "If something bobs, it moves up and down, like something does when it is floating on water.", "example": [{"ex": "Huge balloons bobbed about in the sky above...", "tran": "\u4e00\u4e2a\u4e2a\u5de8\u5927\u7684\u6c14\u7403\u5728\u5934\u9876\u7684\u84dd\u5929\u4e2d\u6f02\u6d6e\u7740\u3002", "tts_mp3": "http://res-tts.iciba.com/tts_dj/5/6/f/56fbf3aefd2562ed722283eb73f45e44.mp3", "tts_size": "13K"}, {"ex": "The raft bobbed along more quietly.", "tran": "\u5c0f\u6728\u7b4f\u66f4\u52a0\u5e73\u9759\u5730\u6f02\u6d6e\u5411\u524d\u3002", "tts_mp3": "http://res-tts.iciba.com/tts_dj/5/9/e/59e6dcfc90168500c16e76a2ed32f31e.mp3", "tts_size": "11K"}]}, {"posp": "VERB", "tran": "\u5feb\u901f\u79fb\u52a8\uff1b\u7a81\u7136\u6d88\u5931\uff08\u6216\u51fa\u73b0\uff09", "def": "If you bob somewhere, you move there quickly so that you disappear from view or come into view.", "example": [{"ex": "She handed over a form, then bobbed down again behind a typewriter.", "tran": "\u5979\u9012\u8fc7\u6765\u4e00\u5f20\u8868\u683c\uff0c\u968f\u540e\u53c8\u7acb\u523b\u57cb\u5934\u5728\u6253\u5b57\u673a\u540e\u9762\u5fd9\u6d3b\u8d77\u6765\u3002", "tts_mp3": "http://res-tts.iciba.com/tts_dj/9/e/e/9ee95fa0d5ba2d8e1267e5bce00e710d.mp3", "tts_size": "21K"}]}, {"posp": "VERB", "tran": "\uff08\u5feb\u901f\uff09\u70b9\uff08\u5934\uff09\uff08\u5982\u6253\u62db\u547c\u7b49\uff09", "def": "When you bob your head, you move it quickly up and down once, for example when you greet someone.", "example": [{"ex": "A hostess stood at the top of the steps and bobbed her head at each passenger.", "tran": "\u4e00\u4f4d\u7a7a\u59d0\u7ad9\u5728\u6700\u9ad8\u7684\u9636\u68af\u4e0a\u5411\u6bcf\u4f4d\u65c5\u5ba2\u70b9\u5934\u81f4\u610f\u3002", "tts_mp3": "http://res-tts.iciba.com/tts_dj/b/1/4/b1431844d2852216b7b1032b1a14ec72.mp3", "tts_size": "19K"}]}, {"posp": "N-COUNT", "tran": "\uff08\u82f1\u56fd\u65e7\u65f6\u8d27\u5e01\u5355\u4f4d\uff09\u5148\u4ee4", "def": "In Britain, people used to refer to a shilling as a bob.", "example": [{"ex": "I've  only got ten bob on me.", "tran": "\u6211\u8eab\u4e0a\u53ea\u670910\u5148\u4ee4\u3002", "tts_mp3": "http://res-tts.iciba.com/tts_dj/2/d/b/2db765d9a9a9a1ffafbec217668a3064.mp3", "tts_size": "11K"}]}, {"posp": "N-COUNT", "tran": "\uff08\u5973\u5f0f\uff09\u9f50\u77ed\u53d1\uff0c\u8611\u83c7\u5934\uff0c\u6ce2\u6ce2\u5934", "def": "A bob is a fairly short hair style for women in which the hair is the same length all the way round, except for the front.", "example": []}, {"posp": "PHRASE", "tran": "\u96f6\u788e\u7269\u4ef6\uff1b\u5c0f\u73a9\u610f\u513f", "def": "Bits and bobs are small objects or parts of something.", "example": [{"ex": "The microscope contains a few hundred dollars-worth of electronic bits and bobs.", "tran": "\u8fd9\u67b6\u663e\u5fae\u955c\u5185\u6709\u4ef7\u503c\u6570\u767e\u7f8e\u5143\u7684\u7535\u5b50\u5143\u4ef6\u3002", "tts_mp3": "http://res-tts.iciba.com/tts_dj/d/8/9/d89b550d2cf87d40df496e69d3196b81.mp3", "tts_size": "23K"}]}], "collins_star": "2", "frequency_count": 42494016, "frequency_rank": 1923}