{"ph_en": "\u02c8br\u026atn", "ph_am": "\u02c8br\u026atn", "ph_en_mp3": "http://res.iciba.com/resource/amp3/oxford/0/a2/6d/a26d0da8938d86d1b0800ea26f9ec372.mp3", "ph_am_mp3": "http://res.iciba.com/resource/amp3/1/0/d4/aa/d4aa6eea8b6b95e9cf9f59435a74e213.mp3", "parts": [{"part": "n.", "means": ["\u82f1\u56fd\u4eba\uff0c\uff08\u5927\uff09\u4e0d\u5217\u98a0\u4eba", "\u5e03\u7acb\u541e\u4eba"]}], "collins": [{"posp": "N-COUNT", "tran": "\u82f1\u56fd\u516c\u6c11\uff1b\u82f1\u56fd\u4eba", "def": "A Briton is a British citizen, or a person of British origin.", "example": [{"ex": "The role is played by seventeen-year-old Briton Jane March.", "tran": "\u8fd9\u4e2a\u89d2\u8272\u753117\u5c81\u7684\u82f1\u56fd\u4eba\u7b80\u00b7\u9a6c\u5947\u626e\u6f14\u3002", "tts_mp3": "http://res-tts.iciba.com/tts_dj/d/7/f/d7fd61a6b33023699811b58bc5938e4a.mp3", "tts_size": "17K"}]}], "collins_star": "2", "frequency_count": 374390, "frequency_rank": 46661}