{"ph_en": "br\u026at", "ph_am": "br\u026at", "ph_en_mp3": "http://res.iciba.com/resource/amp3/oxford/0/88/31/8831dd2dd49b9349701e312bc2317f1f.mp3", "ph_am_mp3": "http://res.iciba.com/resource/amp3/1/0/54/f8/54f83fa72f65cd7944af048a06494330.mp3", "parts": [{"part": "n.", "means": ["\u82f1\u56fd\u4eba"]}], "collins": [{"posp": "N-COUNT", "tran": "\u82f1\u56fd\u4eba", "def": "British people are sometimes referred to as Brits .", "example": [{"ex": "Holiday mad Brits are packing their buckets and spades and heading for the sun.", "tran": "\u9177\u7231\u5047\u65e5\u7684\u82f1\u56fd\u4eba\u6b63\u6536\u62fe\u5c0f\u6876\u548c\u9539\u94f2\u524d\u5f80\u9633\u5149\u5145\u8db3\u7684\u5730\u65b9\u3002", "tts_mp3": "http://res-tts.iciba.com/tts_dj/8/7/a/87aaaf47ac2ad4115077f03ea5db9440.mp3", "tts_size": "21K"}]}], "collins_star": "2", "frequency_count": 2293348, "frequency_rank": 16161}