{"ph_en": "\u02ccbi:'es", "ph_am": "\u02ccbi'es", "ph_en_mp3": "http://res.iciba.com/resource/amp3/oxford/0/d7/07/d707fab0814da46a009bb5bfe4e9ded7.mp3", "ph_am_mp3": "", "parts": [{"part": "abbr.", "means": ["(British Standard)\u82f1\u56fd\u6807\u51c6", "(Broadcast service)\u5e7f\u64ad\u670d\u52a1", "(Bachelor of Science)\u7406\u5b66\u58eb", "(balance sheet)\u8d44\u4ea7\u8d1f\u503a\u8868"]}], "collins": [{"posp": "", "tran": "\u82f1\u56fd\u6807\u51c6\uff08\u6307\u5728\u82f1\u56fd\u9500\u552e\u7684\u4ea7\u54c1\u5e94\u8fbe\u5230\u7684\u89c4\u5b9a\u6807\u51c6\uff09", "def": "BS is an abbreviation for (\u7f29\u7565 =)'British Standard', which is a standard that something sold in Britain must reach in a test to prove that it is satisfactory or safe. Each standard has a number for reference.", "example": [{"ex": "Does your electric blanket conform to BS 3456?", "tran": "\u4f60\u4eec\u7684\u7535\u70ed\u6bef\u8fbe\u5230\u82f1\u56fd\u76843456\u6807\u51c6\u4e86\u5417\uff1f", "tts_mp3": "http://res-tts.iciba.com/tts_dj/d/3/e/d3e6f551601254c2a622d0d8f85f36e2.mp3", "tts_size": "19K"}]}, {"posp": "", "tran": "\u540cBSc", "def": "A BS is the same as a BSc .", "example": []}, {"posp": "N-UNCOUNT", "tran": "\u80e1\u8bf4\uff1b\u5e9f\u8bdd", "def": "If you describe something as BS, you are saying that it is nonsense or completely untrue. BS is an abbreviation for (\u7f29\u7565 =) 'bullshit'.", "example": [{"ex": "A lot of what he's been hearing from the federal government is, quote, BS.", "tran": "\u4ed6\u4ece\u8054\u90a6\u653f\u5e9c\u90a3\u513f\u542c\u6765\u7684\u5f88\u591a\u6d88\u606f\u90fd\u662f\uff0c\u55ef\u201c\u5c41\u8bdd\u201d\u3002", "tts_mp3": "http://res-tts.iciba.com/tts_dj/9/8/9/989305ad823a7cde0e12e8462125b223.mp3", "tts_size": "24K"}]}], "collins_star": "1", "frequency_count": 13125950, "frequency_rank": 5042}