{"ph_en": "\u02ccbi: es \u02c8si:", "ph_am": "", "ph_en_mp3": "http://res.iciba.com/resource/amp3/oxford/0/4c/97/4c971045d887dcc02bb902a237f36a28.mp3", "ph_am_mp3": "", "parts": [{"part": "abbr.", "means": ["Bachelor of Science\u7406\u5b66\u58eb"]}], "collins": [{"posp": "N-COUNT", "tran": "", "def": "A BSc is  a first degree in a science subject. BSc is an abbreviation for (\u7f29\u7565=) 'Bachelor of Science'.", "example": [{"ex": "He completed his BSc in chemistry in 1934.", "tran": "\u4ed61934\u5e74\u83b7\u5f97\u4e86\u5316\u5b66\u4e13\u4e1a\u7684\u7406\u5b66\u58eb\u5b66\u4f4d\u3002", "tts_mp3": "http://res-tts.iciba.com/tts_dj/7/2/0/720ca89bff0a2b1a85f31d6831ec6c61.mp3", "tts_size": "18K"}]}, {"posp": "", "tran": "\uff08\u7528\u4e8e\u4eba\u540d\u540e\uff09", "def": "BSc is written after someone's name to indicate that they have a BSc.", "example": [{"ex": "... J. Hodgkison BSc.", "tran": "\u970d\u5947\u91d1\u68ee\u7406\u5b66\u58eb", "tts_mp3": "http://res-tts.iciba.com/tts_dj/2/1/7/2176edccb031e86d5bda48084dc2ddb3.mp3", "tts_size": "10K"}]}], "collins_star": "1", "frequency_count": 2715633, "frequency_rank": 14645}