{"ph_en": "\u02c8b\u028ad\u026az\u0259m", "ph_am": "\u02c8bu\u02ccd\u026az\u0259m, \u02c8b\u028ad\u02cc\u026az-", "ph_en_mp3": "http://res.iciba.com/resource/amp3/oxford/0/4e/8a/4e8a0d0b0c95933377df469ee1f3993d.mp3", "ph_am_mp3": "http://res.iciba.com/resource/amp3/1/0/3d/b2/3db2476715f4b30b462e622c0be0187d.mp3", "parts": [{"part": "n.", "means": ["\u4f5b\u6559", "\u91ca", "\u4f5b\u95e8", "\u91ca\u95e8"]}], "collins": [{"posp": "N-UNCOUNT", "tran": "\u4f5b\u6559", "def": "Buddhism is a religion which teaches that the way to end suffering is by overcoming your desires.", "example": []}], "collins_star": "1", "frequency_count": 3249137, "frequency_rank": 13190}