{"ph_en": "\u02c8b\u028ad\u0259", "ph_am": "\u02c8bud\u0259, \u02c8b\u028ad\u0259", "ph_en_mp3": "http://res.iciba.com/resource/amp3/oxford/0/fe/a5/fea5fdc5dfd1fdd4dfc053b779ae5d13.mp3", "ph_am_mp3": "http://res.iciba.com/resource/amp3/1/0/0c/7d/0c7dea1430c73a13d6aa4248f49547f7.mp3", "parts": [{"part": "n.", "means": ["\u4f5b", "\u4f5b\u9640", "\u4f5b\u50cf"]}], "collins": [{"posp": "N-PROPER", "tran": "\u4f5b\u9640\uff08\u5bf9\u4f5b\u6559\u521b\u59cb\u4eba\u4e54\u7b54\u6469\u00b7\u6089\u8fbe\u591a\u7684\u5c0a\u79f0\uff09", "def": "Buddha is the title given to Gautama Siddhartha, the religious teacher and founder of Buddhism.", "example": []}, {"posp": "N-COUNT", "tran": "\u4f5b\u50cf", "def": "A Buddha is a statue or picture of the Buddha.", "example": []}], "collins_star": "1", "frequency_count": 4121656, "frequency_rank": 11384}