{"ph_en": "'b\u028ad\u026ast", "ph_am": "'b\u028ad\u026ast", "ph_en_mp3": "http://res.iciba.com/resource/amp3/0/0/93/97/93973f0cdca176d1e746666074a07d85.mp3", "ph_am_mp3": "http://res.iciba.com/resource/amp3/1/0/74/e4/74e4dd2d9e4f07d19aca740c23883888.mp3", "parts": [{"part": "adj.", "means": ["\u4f5b\u6559\u7684", "\u4f5b\u6cd5\u7684", "\u4f5b\u6559\u5f92\u7684"]}], "collins": [{"posp": "N-COUNT", "tran": "\u4f5b\u6559\u5f92\uff1b\u4f5b\u95e8\u5f1f\u5b50", "def": "A Buddhist is a person whose religion is Buddhism.", "example": []}, {"posp": "ADJ", "tran": "\u4f5b\u6559\u7684\uff1b\u4f5b\u7684", "def": "Buddhist means relating or referring to Buddhism.", "example": [{"ex": "...Buddhist monks.", "tran": "\u548c\u5c1a", "tts_mp3": "http://res-tts.iciba.com/tts_dj/7/8/6/7865af75c27d122ee5523aff00671267.mp3", "tts_size": "6K"}, {"ex": "...Buddhist philosophy.", "tran": "\u4f5b\u6559\u54f2\u5b66", "tts_mp3": "http://res-tts.iciba.com/tts_dj/0/c/e/0ced677ec9d40a1f4ea2aa4c37de586b.mp3", "tts_size": "7K"}]}], "collins_star": "1", "frequency_count": 3873063, "frequency_rank": 11808}