{"ph_en": "\u02c8k\u00e6pr\u026ak\u0254:n", "ph_am": "\u02c8k\u00e6pr\u026ak\u0254rn", "ph_en_mp3": "http://res.iciba.com/resource/amp3/oxford/0/1e/24/1e24feb5c9a5fd2952e731eb4fe0b803.mp3", "ph_am_mp3": "http://res.iciba.com/resource/amp3/1/0/09/61/0961db32a59b8a83c1996498f9d1d80e.mp3", "parts": [{"part": "n.", "means": ["<\u5929>\u6469\u7faf\u5ea7\uff0c\u6469\u7faf\u5bab"]}], "collins": [{"posp": "N-UNCOUNT", "tran": "\u6469\u7faf\u5ea7\uff0c\u6469\u7faf\u5bab\uff08\u9ec4\u9053\u5341\u4e8c\u5bab\u4e4b\u4e00\u3002\u51fa\u751f\u4e8e12\u670822\u65e5\u81f31\u670819\u65e5\u4e4b\u95f4\u7684\u4eba\u5c5e\u6b64\u661f\u5ea7\uff09", "def": "Capricorn is one of the twelve signs of the zodiac. Its symbol is a goat. People who are born approximately between the 22nd of December and the 19th of January come under this sign.", "example": []}, {"posp": "N-COUNT", "tran": "\u751f\u4e8e\u6469\u7faf\u5bab\u65f6\u6bb5\u7684\u4eba", "def": "A Capricorn is a person whose sign of the zodiac is Capricorn.", "example": []}], "collins_star": "2", "frequency_count": 1216037, "frequency_rank": 23487}