{"ph_en": "", "ph_am": "", "ph_en_mp3": "", "ph_am_mp3": "", "parts": [{"part": "abbr.", "means": ["\u9646\u519b\u4e0a\u5c09\uff0c\u6d77\u519b\u4e0a\u6821(Captain)"]}], "collins": [{"posp": "N-TITLE", "tran": "", "def": "Capt. is a written abbreviation for (\u4e66\u9762\u7f29\u7565 =) captain .", "example": [{"ex": "Capt. Hunt asked which engine was on fire.", "tran": "\u4ea8\u7279\u8239\u957f\u95ee\u54ea\u4e2a\u53d1\u52a8\u673a\u8d77\u706b\u4e86\u3002", "tts_mp3": "http://res-tts.iciba.com/tts_dj/8/3/f/83f99f0dd6b6c10a3056c62d85ccc595.mp3", "tts_size": "14K"}]}], "collins_star": "2", "frequency_count": 0, "frequency_rank": 0}