{"ph_en": "\u02c8k\u00e6t\u0259l\u00e6n", "ph_am": "\u02c8k\u00e6tl\u02cc\u00e6n,-\u0259n,\u02cck\u00e6tl\u02c8\u00e6n", "ph_en_mp3": "http://res.iciba.com/resource/amp3/oxford/0/f2/66/f2666349ef84ea33885747a214314816.mp3", "ph_am_mp3": "http://res.iciba.com/resource/amp3/1/0/e1/a5/e1a5429e08fff16a4dc91654e4483d50.mp3", "parts": [{"part": "n.", "means": ["\u52a0\u6cf0\u7f57\u5c3c\u4e9a\u8bed", "\u52a0\u6cf0\u7f57\u5c3c\u4e9a\u4eba"]}, {"part": "adj.", "means": ["\uff08\u897f\u73ed\u7259\uff09\u52a0\u6cf0\u7f57\u5c3c\u4e9a\u7684", "\u52a0\u6cf0\u7f57\u5c3c\u4e9a\u4eba\u7684", "\u52a0\u6cf0\u7f57\u5c3c\u4e9a\u8bed\u7684"]}], "collins": [{"posp": "ADJ", "tran": "\u52a0\u6cf0\u7f57\u5c3c\u4e9a\u5730\u533a\u7684;\u52a0\u6cf0\u7f57\u5c3c\u4e9a\u4eba\u7684;\u52a0\u6cf0\u7f57\u5c3c\u4e9a\u8bed\u7684", "def": "Something that is Catalan belongs or relates to Catalonia, its people, or its language. Catalonia is a region of Spain.", "example": []}, {"posp": "N-UNCOUNT", "tran": "\u52a0\u6cf0\u7f57\u5c3c\u4e9a\u8bed", "def": "Catalan is one of the languages spoken in Catalonia.", "example": []}], "collins_star": "1", "frequency_count": 1706666, "frequency_rank": 19301}