{"ph_en": "k\u0259'\u03b8\u0252l\u0259s\u026az\u0259m", "ph_am": "k\u0259\u02c8\u03b8\u0251l\u026a\u02ccs\u026az\u0259m", "ph_en_mp3": "http://res.iciba.com/resource/amp3/0/0/99/39/993960384907849ee8d1911790b8da2f.mp3", "ph_am_mp3": "http://res.iciba.com/resource/amp3/1/0/aa/b4/aab429407165ffcfd211c670aa064682.mp3", "parts": [{"part": "n.", "means": ["\u5929\u4e3b\u6559", "\u5929\u4e3b\u6559\u4e49"]}], "collins": [{"posp": "N-UNCOUNT", "tran": "\u5929\u4e3b\u6559\u6559\u4e49", "def": "Catholicism is the traditions, the behaviour, and the set of Christian beliefs that are held by Catholics.", "example": [{"ex": "...her conversion to Catholicism.", "tran": "\u5979\u6539\u4fe1\u5929\u4e3b\u6559", "tts_mp3": "http://res-tts.iciba.com/tts_dj/2/8/9/2890ac7199d312ef056d6fb80b2c74c6.mp3", "tts_size": "11K"}]}], "collins_star": "1", "frequency_count": 1077272, "frequency_rank": 25186}