{"ph_en": "\u02c8k\u00e6\u03b8l\u026ak", "ph_am": "\u02c8k\u00e6\u03b8\u0259l\u026ak, \u02c8k\u00e6\u03b8l\u026ak", "ph_en_mp3": "http://res.iciba.com/resource/amp3/oxford/0/01/1c/011c99db3b51de8b7e315d13e72e5fd2.mp3", "ph_am_mp3": "http://res.iciba.com/resource/amp3/1/0/02/0e/020e269ea5980c87f7fc9401f010f926.mp3", "parts": [{"part": "adj.", "means": ["\u5929\u4e3b\u6559\u7684", "\u7edf\u62ec\u4e00\u5207\u7684", "\u5305\u7f57\u4e07\u8c61\u7684", "\u5bbd\u5bb9\u5927\u91cf\u7684"]}, {"part": "n.", "means": ["\u65e7\u6559\u5f92", "\u65e7\u6559\u4fe1\u5949\u8005"]}], "collins": [{"posp": "ADJ", "tran": "(\u7f57\u9a6c)\u5929\u4e3b\u6559\u7684", "def": "The Catholic Church is the branch of the Christian Church that accepts the Pope as its leader and is based in the Vatican in Rome.", "example": [{"ex": "...the Catholic Church.", "tran": "\u5929\u4e3b\u6559\u6559\u5802", "tts_mp3": "http://res-tts.iciba.com/tts_dj/1/6/9/1699afa2b1c33ce7971dfe7c83565533.mp3", "tts_size": "7K"}, {"ex": "...Catholic priests.", "tran": "\u5929\u4e3b\u6559\u795e\u7236", "tts_mp3": "http://res-tts.iciba.com/tts_dj/4/f/c/4fcd284d73aeaf6f63de65aaa4fc71be.mp3", "tts_size": "6K"}]}, {"posp": "N-COUNT", "tran": "\u5929\u4e3b\u6559\u4fe1\u5f92", "def": "A Catholic is a member of the Catholic Church.", "example": [{"ex": "At least nine out of ten Mexicans are baptised Catholics.", "tran": "\u58a8\u897f\u54e5\u4eba\u81f3\u5c11\u67099/10\u662f\u53d7\u6d17\u7684\u5929\u4e3b\u6559\u5f92\u3002", "tts_mp3": "http://res-tts.iciba.com/tts_dj/8/d/1/8d1c0eb9b3a038678739dee934445f47.mp3", "tts_size": "18K"}]}, {"posp": "ADJ-GRADED", "tran": "\u5e7f\u6cdb\u7684;\u79cd\u7c7b\u7e41\u591a\u7684", "def": "If you describe a collection of things or people as catholic, you are emphasizing that they are very varied.", "example": [{"ex": "He was a man of catholic tastes, a lover of grand opera, history and the fine arts.", "tran": "\u4ed6\u8fd9\u4e2a\u4eba\u5174\u8da3\u5e7f\u6cdb\uff0c\u5927\u6b4c\u5267\u3001\u5386\u53f2\u3001\u7f8e\u672f\uff0c\u65e0\u6240\u4e0d\u597d\u3002", "tts_mp3": "http://res-tts.iciba.com/tts_dj/b/f/a/bfa41833e28862de8efeee72659f71fb.mp3", "tts_size": "28K"}]}], "collins_star": "3", "frequency_count": 20578959, "frequency_rank": 3618}