{"ph_en": "k\u0254:\u02c8ke\u026azi\u0259n", "ph_am": "k\u0254\u02c8ke\u0292\u0259n", "ph_en_mp3": "http://res.iciba.com/resource/amp3/oxford/0/f3/d9/f3d908306f28c13d7061674f6ff2f041.mp3", "ph_am_mp3": "http://res.iciba.com/resource/amp3/1/0/34/d5/34d57ce8f76075fe218192a863a0be56.mp3", "parts": [{"part": "n.", "means": ["\u9ad8\u52a0\u7d22\u4eba", "\u767d\u79cd\u4eba", "\u9ad8\u52a0\u7d22\u8bed"]}, {"part": "adj.", "means": ["\u9ad8\u52a0\u7d22\u7684", "\u9ad8\u52a0\u7d22\u4eba\u7684", "\u9ad8\u52a0\u7d22\u8bed\u7684", "\u767d\u79cd\u4eba\u7684"]}], "collins": [{"posp": "ADJ", "tran": "\u767d\u79cd\u4eba\u7684;\u767d\u4eba\u7684", "def": "A Caucasian person is a white person.", "example": [{"ex": "...a 25-year-old Caucasian male.", "tran": "25\u5c81\u7684\u767d\u4eba\u7537\u5b50", "tts_mp3": "http://res-tts.iciba.com/tts_dj/2/c/8/2c82266f44fc7709b1169080a224ef6b.mp3", "tts_size": "12K"}]}, {"posp": "ADJ", "tran": "\u9ad8\u52a0\u7d22\u4eba\u7684\uff0c\u767d\u79cd\u4eba\u7684(\u4eba\u7c7b\u5b66\u4e0a\u6307\u5c5e\u4e8e\u6b27\u6d32\u3001\u5317\u975e\u53ca\u897f\u4e9a\u7684\u4eba\u79cd)", "def": "Anthropologists use Caucasian to refer to someone from a racial grouping coming from Europe, North Africa, and western Asia.", "example": [{"ex": "...blue eyes and Caucasian features.", "tran": "\u84dd\u773c\u775b\u548c\u767d\u79cd\u4eba\u7684\u9762\u5e9e", "tts_mp3": "http://res-tts.iciba.com/tts_dj/3/4/8/348d3e22e6f952e448b0ada92548424f.mp3", "tts_size": "12K"}]}], "collins_star": "1", "frequency_count": 1987029, "frequency_rank": 17586}