{"ph_en": "", "ph_am": "", "ph_en_mp3": "", "ph_am_mp3": "", "parts": [{"part": "n.", "means": ["[\u8ba1](=Compact disc read-only memory)\uff08\u4fe1\u606f\u5bb9\u91cf\u6781\u5927\u7684\uff09\u5149\u76d8\u53ea\u8bfb\u5b58\u50a8\u5668"]}], "collins": [{"posp": "N-COUNT", "tran": "\u53ea\u8bfb\u5b58\u50a8\u5668;\u53ea\u8bfb\u5b58\u50a8\u5149\u76d8", "def": "A CD-ROM is a CD on which a very large amount of information can be stored and then read using a computer. CD-ROM is an abbreviation for (\u7f29\u7565=) 'compact disc read-only memory'.", "example": [{"ex": "A single CD-ROM can hold more than 500 megabytes of data...", "tran": "\u4e00\u5f20\u53ea\u8bfb\u5b58\u50a8\u5149\u76d8\u80fd\u5bb9\u7eb3500\u5146\u4ee5\u4e0a\u7684\u6570\u636e\u3002", "tts_mp3": "http://res-tts.iciba.com/tts_dj/b/3/1/b31d947ac4ad57449a95463c1d2de81c.mp3", "tts_size": "20K"}, {"ex": "The collected Austen novels on CD-ROM will cost \u00a35.", "tran": "\u5149\u76d8\u7248\u7684\u5965\u65af\u6c40\u5c0f\u8bf4\u96c6\u552e\u4ef7\u4e3a5\u82f1\u9551\u3002", "tts_mp3": "http://res-tts.iciba.com/tts_dj/c/0/7/c07288821e37086f67850e56429624db.mp3", "tts_size": "21K"}]}], "collins_star": "3", "frequency_count": 0, "frequency_rank": 0}