{"ph_en": "\u02ccsi: \u02c8di:", "ph_am": "\u02ccsi'di", "ph_en_mp3": "http://res.iciba.com/resource/amp3/oxford/0/5f/74/5f74f4c261c62f09feb2d71d9d3d4d1c.mp3", "ph_am_mp3": "http://res.iciba.com/resource/amp3/1/0/41/70/4170acd6af571e8d0d59fdad999cc605.mp3", "parts": [{"part": "n.", "means": ["\u6fc0\u5149[\u956d\u5c04]\u5531\u7247\uff0c\u5149\u76d8"]}], "collins": [{"posp": "N-COUNT", "tran": "\u5149\u76d8;\u5149\u789f;\u6fc0\u5149\u5531\u7247", "def": "CDs are small plastic discs on which sound, especially music, is recorded. CDs can also be used to store information which can be read by a computer. CD is an abbreviation for (\u7f29\u7565=) 'compact disc'.", "example": [{"ex": "The Beatles' Red and Blue compilations are issued on CD for the first time next month.", "tran": "\u4e0b\u4e2a\u6708\uff0c\u62ab\u5934\u58eb\u4e50\u961f\u7684\u4e13\u8f91\u300a\u7ea2\u4e0e\u84dd\u300b\u5c06\u9996\u6b21\u53d1\u884cCD\u3002", "tts_mp3": "http://res-tts.iciba.com/tts_dj/1/d/c/1dc1999eb98162fda31e9b5a16a54833.mp3", "tts_size": "25K"}]}], "collins_star": "3", "frequency_count": 190859046, "frequency_rank": 389}