{"ph_en": "\u02c8selsi\u0259s", "ph_am": "\u02c8s\u025blsi\u0259s", "ph_en_mp3": "http://res.iciba.com/resource/amp3/oxford/0/52/08/5208b7801a368bd9e22c8b9a3fec9a99.mp3", "ph_am_mp3": "http://res.iciba.com/resource/amp3/1/0/1e/f2/1ef292971cad34ecb884283503bf86c1.mp3", "parts": [{"part": "n.", "means": ["\u6444\u6c0f"]}, {"part": "adj.", "means": ["\u6444\u6c0f\u7684"]}], "collins": [{"posp": "ADJ", "tran": "\u2103. \u6444\u6c0f(\u6e29\u5ea6)\u7684\uff08\u7b26\u53f7\u4e3a\u2103\uff09", "def": "Celsius is a scale for measuring temperature, in which water freezes at 0 degrees and boils at 100 degrees. It is represented by the symbol", "example": [{"ex": "Highest temperatures 11\u00ba Celsius, that's 52\u00ba Fahrenheit.", "tran": "\u6700\u9ad8\u6e29\u5ea611\u6444\u6c0f\u5ea6\uff0c\u537352\u534e\u6c0f\u5ea6\u3002", "tts_mp3": "http://res-tts.iciba.com/tts_dj/3/8/c/38c82658ca86c54557831195937ceacb.mp3", "tts_size": "21K"}]}], "collins_star": "1", "frequency_count": 1036264, "frequency_rank": 25770}