{"ph_en": "\u02c8kelt\u026ak", "ph_am": "\u02c8k\u025blt\u026ak, \u02c8s\u025bl-", "ph_en_mp3": "http://res.iciba.com/resource/amp3/oxford/0/96/b9/96b94c2a55f1920777bb8dfb2125a532.mp3", "ph_am_mp3": "http://res.iciba.com/resource/amp3/1/0/84/f9/84f918364fccf453c61418c2af1638be.mp3", "parts": [{"part": "adj.", "means": ["\u51ef\u5c14\u7279\u4eba\u7684"]}, {"part": "n.", "means": ["\u51ef\u5c14\u7279\u4eba", "\u51ef\u5c14\u7279\u8bed"]}], "collins": [{"posp": "ADJ", "tran": "\u51ef\u5c14\u7279\u4eba\u7684", "def": "If you describe something as Celtic, you mean that it is connected with the people and the culture of Scotland, Wales, Ireland, and some other areas such as Brittany.", "example": [{"ex": "...important figures in Celtic tradition.", "tran": "\u51ef\u5c14\u7279\u4f20\u7edf\u6587\u5316\u4e2d\u7684\u91cd\u8981\u4eba\u7269", "tts_mp3": "http://res-tts.iciba.com/tts_dj/2/1/f/21fd886692dfe6116ac5a7fab9b8c348.mp3", "tts_size": "12K"}]}], "collins_star": "2", "frequency_count": 8333967, "frequency_rank": 7089}