{"ph_en": "kelt", "ph_am": "k\u025blt, s\u025blt", "ph_en_mp3": "http://res.iciba.com/resource/amp3/oxford/0/27/ea/27ea3106e76911dbb00e8c2e234121b3.mp3", "ph_am_mp3": "http://res.iciba.com/resource/amp3/1/0/2f/2d/2f2d337db559e970df2cc17015a42512.mp3", "parts": [{"part": "n.", "means": ["[\u53f2]\u51ef\u5c14\u7279\u4eba\uff08\u5370\u6b27\u6c11\u65cf\u7684\u4e00\u652f\uff09"]}], "collins": [{"posp": "N-COUNT", "tran": "\u51ef\u5c14\u7279\u4eba(\u540e\u88d4)", "def": "If you describe someone as a Celt, you mean that they are part of the racial group which comes from Scotland, Wales, Ireland, and some other areas such as Brittany.", "example": []}], "collins_star": "1", "frequency_count": 359610, "frequency_rank": 47795}