{"ph_en": "\u02ccsi: ef \u02c8si:", "ph_am": "\u02ccsief'si", "ph_en_mp3": "http://res.iciba.com/resource/amp3/oxford/0/93/f8/93f8b5491674fa679e881b3ab191b39c.mp3", "ph_am_mp3": "", "parts": [{"part": "abbr.", "means": ["\u6c1f\u6c2f\u78b3(chlorofluoro carbon)"]}], "collins": [{"posp": "N-COUNT", "tran": "\u6c1f\u6c2f\u5316\u70c3", "def": "CFCs are gases that are used in things such as aerosols and refrigerators and can cause damage to the ozone layer. CFC is an abbreviation for (\u7f29\u7565=) 'chlorofluorocarbon'.", "example": []}], "collins_star": "1", "frequency_count": 1093641, "frequency_rank": 24960}