{"ph_en": "", "ph_am": "", "ph_en_mp3": "", "ph_am_mp3": "http://res.iciba.com/resource/amp3/1/0/f3/cc/f3cc5f049d69c2785e1df400ac6e67e2.mp3", "parts": [{"part": "n.", "means": ["\u5927\u81e3\uff0c\u9ad8\u7ea7\u5b98\u5458", "\u603b\u7406", "\u5927\u5b66\u6821\u957f", "[\u6cd5]\u9996\u5e2d\u6cd5\u5b98"]}], "collins": [{"posp": "N-TITLE; N-COUNT", "tran": "(\u5fb7\u56fd\u6216\u5965\u5730\u5229\u7684)\u603b\u7406", "def": "Chancellor is the title of the head of government in Germany and Austria.", "example": [{"ex": "...Chancellor Gerhard Schr\u00f6der of Germany.", "tran": "\u5fb7\u56fd\u603b\u7406\u65bd\u7f57\u5fb7", "tts_mp3": "http://res-tts.iciba.com/tts_dj/b/c/9/bc9b429571aee571a11bd5bce0c19b35.mp3", "tts_size": "14K"}, {"ex": "...as the Chancellor arrived.", "tran": "\u603b\u7406\u5230\u8fbe\u7684\u65f6\u5019", "tts_mp3": "http://res-tts.iciba.com/tts_dj/e/1/8/e18e952e499b166fe5cfb0f302003d42.mp3", "tts_size": "8K"}]}, {"posp": "N-COUNT", "tran": "(\u82f1\u56fd\u7684)\u8d22\u653f\u5927\u81e3", "def": "In Britain, the Chancellor is the Chancellor of the Exchequer.", "example": []}, {"posp": "N-COUNT", "tran": "(\u82f1\u56fd\u5927\u5b66\u7684)\u540d\u8a89\u6821\u957f", "def": "The Chancellor of a British university is the official head of the university. The Chancellor does not take part in running the university.", "example": []}, {"posp": "N-COUNT", "tran": "(\u7f8e\u56fd\u67d0\u4e9b\u5927\u5b66\u7684)\u6821\u957f", "def": "The head of some American universities is called the Chancellor .", "example": []}], "collins_star": "4", "frequency_count": 5165551, "frequency_rank": 9853}