{"ph_en": "'t\u0283a\u026an\u0259", "ph_am": "\u02c8t\u0283a\u026an\u0259", "ph_en_mp3": "http://res.iciba.com/resource/amp3/0/0/8a/7d/8a7d7ba288ca0f0ea1ecf975b026e8e1.mp3", "ph_am_mp3": "http://res.iciba.com/resource/amp3/1/0/ae/54/ae54a5c026f31ada088992587d92cb3a.mp3", "parts": [{"part": "n.", "means": ["\u4e2d\u56fd", "[\u7535\u5f71]\u4e2d\u56fd1971"]}, {"part": "", "means": ["[\u5730\u540d] [\u58a8\u897f\u54e5] \u5947\u7eb3", "[\u5730\u540d] [\u4fc4\u7f57\u65af] \u5947\u7eb3\u6cb3", "[\u5730\u540d] [\u7f8e\u56fd] \u67f4\u7eb3"]}], "collins": [{"posp": "N-UNCOUNT", "tran": "\u74f7;\u74f7\u6599", "def": "China is a hard white substance made from clay. It is used to make things such as cups, bowls, plates, and ornaments.", "example": [{"ex": "...a small boat made of china.", "tran": "\u74f7\u5236\u5c0f\u8239", "tts_mp3": "http://res-tts.iciba.com/tts_dj/0/1/c/01cd7dc611a2cd817b3e4ba66f9f7bc3.mp3", "tts_size": "9K"}, {"ex": "...china cups.", "tran": "\u74f7\u676f", "tts_mp3": "http://res-tts.iciba.com/tts_dj/b/f/4/bf4e10d0c1cdd841249f437ce05e9990.mp3", "tts_size": "6K"}]}, {"posp": "N-UNCOUNT", "tran": "\u74f7\u5668;\u74f7\u5236\u54c1", "def": "Cups, bowls, plates, and ornaments made of china are referred to as china .", "example": [{"ex": "Judy collects blue and white china.", "tran": "\u6731\u8fea\u6536\u96c6\u9752\u82b1\u74f7\u3002", "tts_mp3": "http://res-tts.iciba.com/tts_dj/7/a/3/7a302386abcba5a962ef83d74b23ec18.mp3", "tts_size": "11K"}]}], "collins_star": "2", "frequency_count": 124472054, "frequency_rank": 629}