{"ph_en": "\u02c8krism\u0259s k\u0251:d", "ph_am": "\u02c8kr\u026asm\u0259s k\u0251rd", "ph_en_mp3": "http://res.iciba.com/resource/amp3/0/0/1f/40/1f40b73699c951ffba529a3718da2c51.mp3", "ph_am_mp3": "http://res.iciba.com/resource/amp3/1/0/18/ee/18eef877fc8f614f22ae1202e89efa3b.mp3", "parts": [{"part": "n.", "means": ["\u5723\u8bde\u5361\u7247"]}], "collins": [{"posp": "N-COUNT", "tran": "\u5723\u8bde\u5361\u7247;\u5723\u8bde\u8d3a\u5361", "def": "Christmas cards are cards with greetings, which people send to their friends and family at Christmas.", "example": [{"ex": "He still writes to her sometimes and sends her a Christmas card every year.", "tran": "\u4ed6\u4ecd\u7136\u4e0d\u65f6\u7ed9\u5979\u5199\u5199\u4fe1\uff0c\u6bcf\u5e74\u5bc4\u5f20\u5723\u8bde\u8d3a\u5361\u3002", "tts_mp3": "http://res-tts.iciba.com/tts_dj/8/c/5/8c5cd42d2f82d9914cf8d8c85d24a0bd.mp3", "tts_size": "21K"}]}], "collins_star": "1", "frequency_count": 0, "frequency_rank": 0}