{"ph_en": "kra\u026ast", "ph_am": "kra\u026ast", "ph_en_mp3": "http://res.iciba.com/resource/amp3/oxford/0/3e/22/3e22189ea5703485e9aa9bdd6324db6a.mp3", "ph_am_mp3": "http://res.iciba.com/resource/amp3/1/0/4a/7d/4a7dcccc6f81ab32083a34a05f82f6ae.mp3", "parts": [{"part": "n.", "means": ["\u57fa\u7763", "\u6551\u4e16\u4e3b"]}, {"part": "int.", "means": ["\u3008\u4fda\u3009\u54ce\u5440"]}], "collins": [{"posp": "N-PROPER", "tran": "\u57fa\u7763;\u8036\u7a23\u57fa\u7763", "def": "Christ is one of the names of Jesus, whom Christians believe to be the son of God and whose teachings are the basis of Christianity.", "example": [{"ex": "...the teachings of Christ.", "tran": "\u57fa\u7763\u6559\u4e49", "tts_mp3": "http://res-tts.iciba.com/tts_dj/9/9/6/99636b6d139f020e6739c0c0238ca8a8.mp3", "tts_size": "8K"}]}, {"posp": "EXCLAM", "tran": "(\u8868\u793a\u9707\u60ca\u3001\u751f\u6c14\u7b49\uff0c\u6216\u52a0\u5f3a\u8bed\u6c14\uff0c\u53ef\u80fd\u5177\u5192\u72af\u610f\u5473)\u5929\u54ea\uff01", "def": "Some people say 'Christ!' when they are surprised, shocked, or annoyed, or in order to emphasize what they are saying. This use could cause offence.", "example": [{"ex": "He looked at her watch. 'Christ! We only have three minutes!'", "tran": "\u4ed6\u770b\u4e86\u770b\u5979\u7684\u8868\uff1a\u201c\u5929\u54ea\uff01\u6211\u4eec\u4ec5\u52693\u5206\u949f\u4e86\uff01\u201d", "tts_mp3": "http://res-tts.iciba.com/tts_dj/f/0/0/f0030cab7f6eec24baa75ccd0deae5aa.mp3", "tts_size": "24K"}]}], "collins_star": "2", "frequency_count": 28404515, "frequency_rank": 2793}