{"ph_en": "\u02c8kr\u026ast\u0283\u0259n", "ph_am": "\u02c8kr\u026ast\u0283\u0259n", "ph_en_mp3": "http://res.iciba.com/resource/amp3/oxford/0/f9/cc/f9ccad898e083dfbf5ab081c8ae5487b.mp3", "ph_am_mp3": "http://res.iciba.com/resource/amp3/1/0/db/60/db6017bd1f27118d44083a172a82409f.mp3", "parts": [{"part": "n.", "means": ["\u57fa\u7763\u6559\u5f92\uff0c\u4fe1\u5f92", "\u514b\u91cc\u65af\u7434", "<\u53e3>\u4eba\u7c7b\uff0c\u6587\u660e\u4eba\uff0c\u6b63\u6d3e\u4eba", "[\u7535\u5f71]\u514b\u91cc\u65af\u8482\u5b89"]}, {"part": "adj.", "means": ["\u4fe1\u57fa\u7763\u6559\u7684\uff0c\u57fa\u7763\u6559\u7684\uff0c\u57fa\u7763\u6559\u5f92\u7684", "<\u53e3>\u4eba\uff08\u7c7b\uff09\u7684\uff0c\u6587\u660e\u7684\uff0c<\u53e3>\u6b63\u6d3e\u7684\uff0c\u9ad8\u5c1a\u7684"]}], "collins": [{"posp": "N-COUNT", "tran": "\u57fa\u7763\u5f92", "def": "A Christian is someone who follows the teachings of Jesus Christ.", "example": [{"ex": "He was a devout Christian...", "tran": "\u4ed6\u662f\u4e2a\u8654\u8bda\u7684\u57fa\u7763\u5f92\u3002", "tts_mp3": "http://res-tts.iciba.com/tts_dj/3/2/a/32ab83454057377eff0f136025b9c64a.mp3", "tts_size": "8K"}, {"ex": "Last week there were clashes during protests by Christians and Muslims.", "tran": "\u4e0a\u5468\u5728\u57fa\u7763\u5f92\u548c\u4f0a\u65af\u5170\u6559\u5f92\u4e3e\u884c\u7684\u6297\u8bae\u6d3b\u52a8\u4e2d\u53d1\u751f\u4e86\u51b2\u7a81\u3002", "tts_mp3": "http://res-tts.iciba.com/tts_dj/a/3/1/a314af3e2eaa3159a850c6e64fddfe73.mp3", "tts_size": "22K"}]}, {"posp": "ADJ", "tran": "\u57fa\u7763\u6559\u7684;\u57fa\u7763\u5f92\u7684", "def": "Christian means relating to Christianity or Christians.", "example": [{"ex": "...the Christian Church.", "tran": "\u57fa\u7763\u6559\u4f1a", "tts_mp3": "http://res-tts.iciba.com/tts_dj/8/b/c/8bc4a226ca8417ab0bb7b22fc6f21ab8.mp3", "tts_size": "6K"}, {"ex": "...the Christian faith...", "tran": "\u57fa\u7763\u6559\u4fe1\u4ef0", "tts_mp3": "http://res-tts.iciba.com/tts_dj/a/9/6/a960f90220120467b05d981b97da1db3.mp3", "tts_size": "6K"}]}], "collins_star": "4", "frequency_count": 61873074, "frequency_rank": 1308}