{"ph_en": "\u02c8krism\u0259s tri:", "ph_am": "\u02c8kr\u026asm\u0259s tri", "ph_en_mp3": "http://res.iciba.com/resource/amp3/0/0/9d/31/9d312809c4f258bd4faab8a6b0b1398f.mp3", "ph_am_mp3": "http://res.iciba.com/resource/amp3/1/0/2d/19/2d190070bca4563460dd4efc604c5c20.mp3", "parts": [{"part": "n.", "means": ["\u5723\u8bde\u6811"]}], "collins": [{"posp": "N-COUNT", "tran": "\u5723\u8bde\u6811", "def": "A Christmas tree is a fir tree, or an artificial tree that looks like a fir tree, which people put in their houses at Christmas and decorate with coloured lights and ornaments.", "example": []}], "collins_star": "1", "frequency_count": 0, "frequency_rank": 0}