{"ph_en": "\u02cckr\u026asti\u02c8\u00e6n\u0259ti", "ph_am": "\u02cckr\u026ast\u0283i\u02c8\u00e6n\u026ati, \u02cckr\u026asti-", "ph_en_mp3": "http://res.iciba.com/resource/amp3/oxford/0/bc/3f/bc3f7b1a059fe9b3e32996e914083411.mp3", "ph_am_mp3": "http://res.iciba.com/resource/amp3/1/0/9f/72/9f720dd907a21a843e65fcc39017647d.mp3", "parts": [{"part": "n.", "means": ["\u57fa\u7763\u6559", "\u57fa\u7763\u6559\u5f92", "\u57fa\u7763\u6559\u6559\u4e49"]}], "collins": [{"posp": "N-UNCOUNT", "tran": "\u57fa\u7763\u6559", "def": "Christianity is a religion that is based on the teachings of Jesus Christ and the belief that he was the son of God.", "example": [{"ex": "He converted to Christianity that day.", "tran": "\u90a3\u5929\uff0c\u4ed6\u7688\u4f9d\u4e86\u57fa\u7763\u6559\u3002", "tts_mp3": "http://res-tts.iciba.com/tts_dj/1/a/d/1ad0a56fc156753979d57de3a80fb89d.mp3", "tts_size": "12K"}]}], "collins_star": "2", "frequency_count": 8886615, "frequency_rank": 6767}