{"ph_en": "\u02ccsi: a\u026a \u02c8e\u026a", "ph_am": "\u02ccsia\u026a'e\u026a", "ph_en_mp3": "http://res.iciba.com/resource/amp3/oxford/0/d3/5e/d35e24e741bd83a21001f23a3ca38a3c.mp3", "ph_am_mp3": "", "parts": [{"part": "abbr.", "means": ["\u4e2d\u592e\u60c5\u62a5\u5c40(=Central Intelligence Agency)"]}], "collins": [{"posp": "N-PROPER", "tran": "(\u7f8e\u56fd)\u4e2d\u592e\u60c5\u62a5\u5c40", "def": "The CIA is the government organization in the United States that collects secret information about other countries. CIA is an abbreviation for (\u7f29\u7565 =) 'Central Intelligence Agency'.", "example": []}], "collins_star": "2", "frequency_count": 7338564, "frequency_rank": 7755}