{"ph_en": "\u02ccsi: a\u026a \u02c8di:", "ph_am": "\u02ccsia\u026a'di", "ph_en_mp3": "http://res.iciba.com/resource/amp3/oxford/0/e9/bf/e9bf8c35fcfb1910c7ab605e2c915a3c.mp3", "ph_am_mp3": "", "parts": [{"part": "abbr.", "means": ["Criminal Investigation Department\uff08\u82f1\u56fd\u5211\u4e8b\u8c03\u67e5\u5c40\uff09", "Commission for International Development\uff08\u56fd\u9645\u5f00\u53d1\u59d4\u5458\u4f1a\uff09", "cash in drawer \u73b0\u91d1\u652f\u4ed8", "cubic-inch displacement \u7acb\u65b9\u82f1\u5bf8\u4f4d\u79fb\u91cf"]}], "collins": [{"posp": "N-PROPER", "tran": "(\u82f1\u56fd)\u5211\u4e8b\u8c03\u67e5\u90e8", "def": "The CID is the branch of the police force in Britain concerned with finding out who has committed crimes. CID is an abbreviation for (\u7f29\u7565 =) 'Criminal Investigation Department'.", "example": []}], "collins_star": "1", "frequency_count": 1859604, "frequency_rank": 18326}