{"ph_en": "\u02c8k\u0254:n\u026a\u0283", "ph_am": "\u02c8k\u0254rn\u026a\u0283", "ph_en_mp3": "", "ph_am_mp3": "http://res.iciba.com/resource/amp3/1/0/82/45/8245cd7e00de3b2bce93df68364edf46.mp3", "parts": [{"part": "n.", "means": ["(1800\u5e74\u524d)\u5eb7\u6c83\u5c14\u4eba\u8bf4\u7684\u51ef\u5c14\u7279\u8bed\uff0c\u8003\u5c3c\u4ec0\uff08\u96cf\uff09\u9e21"]}, {"part": "adj.", "means": ["\uff08\u82f1\u56fd\uff09\u5eb7\u6c83\u5c14\u90e1\u7684\uff0c\u5eb7\u6c83\u5c14\u4eba\u7684"]}, {"part": "", "means": ["[\u4eba\u540d][\u82f1\u683c\u5170\u4eba\u59d3\u6c0f] \u79d1\u5c3c\u4ec0\u5730\u533a\u540d\u79f0\uff0c\u6765\u6e90\u4e8e\u53e4\u82f1\u8bed\uff0c\u542b\u4e49\u662f\u201c\u5eb7\u6c83\u5c14\u7684\u201d(Cornish)"]}, {"part": "", "means": ["[\u5730\u540d] [\u7f8e\u56fd] \u79d1\u5c3c\u4ec0"]}], "collins": [{"posp": "ADJ", "tran": "\u5eb7\u6c83\u5c14\u90e1\u7684", "def": "Cornish means belonging or relating to the English county of Cornwall.", "example": [{"ex": "...the rugged Cornish coast.", "tran": "\u5eb7\u6c83\u5c14\u5d0e\u5c96\u4e0d\u5e73\u7684\u6d77\u5cb8", "tts_mp3": "http://res-tts.iciba.com/tts_dj/7/5/7/757e9dd8bdfe4a990236747a815b9bd3.mp3", "tts_size": "8K"}, {"ex": "...Cornish fishermen.", "tran": "\u5eb7\u6c83\u5c14\u7684\u6e14\u592b", "tts_mp3": "http://res-tts.iciba.com/tts_dj/3/2/7/327481bbef7ca8cbb570c7bed88db835.mp3", "tts_size": "6K"}]}, {"posp": "N-PLURAL", "tran": "\u5eb7\u6c83\u5c14\u4eba", "def": "The Cornish are the people of Cornwall.", "example": [{"ex": "The Cornish are up in  arms.", "tran": "\u5eb7\u6c83\u5c14\u4eba\u8868\u793a\u5f3a\u70c8\u6297\u8bae\u3002", "tts_mp3": "http://res-tts.iciba.com/tts_dj/9/8/e/98ef2edc23f068012f4c1afbb216de37.mp3", "tts_size": "9K"}]}, {"posp": "N-UNCOUNT", "tran": "\u5eb7\u6c83\u5c14\u8bed(\u5df2\u4e0d\u518d\u901a\u7528)", "def": "Cornish is a Celtic language that used to be spoken in Cornwall in Britain. There are no longer any native speakers of Cornish.", "example": []}], "collins_star": "1", "frequency_count": 1496564, "frequency_rank": 20796}