{"ph_en": "", "ph_am": "", "ph_en_mp3": "", "ph_am_mp3": "", "parts": [{"part": "", "means": ["Corporation"]}], "collins": [{"posp": "", "tran": "", "def": "Corp. is a written abbreviation for(\u4e66\u9762\u7f29\u7565 =) corporation.", "example": [{"ex": "...Sony Corp. of Japan.", "tran": "\u65e5\u672c\u7d22\u5c3c\u516c\u53f8", "tts_mp3": "http://res-tts.iciba.com/tts_dj/1/6/1/1616fc74f40baa52f3314d51ae7cf66c.mp3", "tts_size": "10K"}]}], "collins_star": "4", "frequency_count": 0, "frequency_rank": 0}