{"ph_en": "\u02ccsi: \u02c8vi:", "ph_am": "\u02ccsi'vi", "ph_en_mp3": "http://res.iciba.com/resource/amp3/oxford/0/3f/27/3f27fb38c53335baff4a630cb3c9776e.mp3", "ph_am_mp3": "", "parts": [{"part": "n.", "means": ["\u53d8\u5f02\u7cfb\u6570", "\u5361\u503c", "\u8fde\u7eed\u53d8\u52a8"]}, {"part": "adj.", "means": ["\u5fc3\u8840\u7ba1\u7684"]}, {"part": "abbr.", "means": ["\u7b80\u5386(Curriculum Vitae)"]}], "collins": [{"posp": "N-COUNT", "tran": "\u5c65\u5386;\u7b80\u5386", "def": "Your CV is a brief written account of your personal details, your education, and the jobs you have had. You can send a CV when you are applying for a job. CV is an abbreviation for (\u7f29\u7565 =) 'curriculum vitae'.", "example": [{"ex": "Send them a copy of your CV.", "tran": "\u7ed9\u4ed6\u4eec\u5bc4\u4e00\u4efd\u4f60\u7684\u7b80\u5386\u3002", "tts_mp3": "http://res-tts.iciba.com/tts_dj/f/5/0/f50edfee8b3469dc40413c575fd33ab8.mp3", "tts_size": "10K"}]}], "collins_star": "3", "frequency_count": 10378141, "frequency_rank": 6004}