{"ph_en": "de\u026an", "ph_am": "den", "ph_en_mp3": "", "ph_am_mp3": "http://res.iciba.com/resource/amp3/1/0/6e/56/6e561fd9b79071fe9835c0851ab186ff.mp3", "parts": [{"part": "n.", "means": ["\u4e39\u9ea6\u4eba", "\u6234\u6069\uff08\u7537\u5b50\u540d\uff09"]}], "collins": [{"posp": "N-COUNT", "tran": "\u4e39\u9ea6\u4eba", "def": "A Dane is a person who comes from Denmark.", "example": [{"ex": "A win for the Danes put them in the finals.", "tran": "\u4e39\u9ea6\u961f\u83b7\u80dc\u8fdb\u5165\u4e86\u51b3\u8d5b\u3002", "tts_mp3": "http://res-tts.iciba.com/tts_dj/b/7/b/b7b94fd5b2e2ed73d1cae45a9f4294ac.mp3"}]}], "collins_star": "1", "frequency_count": 2678063, "frequency_rank": 14756}