{"ph_en": "d\u00e6t", "ph_am": "d\u00e6t", "ph_en_mp3": "http://res.iciba.com/resource/amp3/oxford/0/74/ef/74ef4b98ecea8bb9c694f9b234533a64.mp3", "ph_am_mp3": "", "parts": [{"part": "abbr.", "means": ["data \u6570\u636e", "datum \u6570\u636e", "dative \u4e0e\u683c", "date after tomorrow \u540e\u5929\u7684\u65e5\u671f"]}], "collins": [{"posp": "N-UNCOUNT", "tran": "\u6570\u5b57\u97f3\u9891\u78c1\u5e26", "def": "DAT is a type of magnetic tape used to make very high quality recordings of sound by recording it in digital form. DAT is an abbreviation for (\u7f29\u7565=) 'digital audio tape'.", "example": []}], "collins_star": "1", "frequency_count": 5197825, "frequency_rank": 9807}