{"ph_en": "\u02ccdi: \u02c8si:", "ph_am": "", "ph_en_mp3": "http://res.iciba.com/resource/amp3/oxford/0/29/e9/29e9df98f2e9ddcd4092f01580c386eb.mp3", "ph_am_mp3": "", "parts": [{"part": "abbr.", "means": ["\u76f4\u6d41\u7535(direct current)", "\u54e5\u4f26\u6bd4\u4e9a\u7279\u533a(District of Columbia)", "\u6570\u7801\u76f8\u673a(digital camera)", "\u4ece\u5934\u91cd\u590d(da capo)"]}], "collins": [{"posp": "N-UNCOUNT", "tran": "\u76f4\u6d41\u7535", "def": "DC is used to refer to an electric current that always flows in the same direction. DC is an abbreviation for (\u7f29\u7565=) 'direct current'.", "example": []}], "collins_star": "1", "frequency_count": 72528782, "frequency_rank": 1109}