{"ph_en": "d\u026a\u02c8send\u0259nt", "ph_am": "d\u026a\u02c8s\u025bnd\u0259nt", "ph_en_mp3": "http://res.iciba.com/resource/amp3/oxford/0/79/b6/79b6a18376c34e90833964c851eea5cb.mp3", "ph_am_mp3": "http://res.iciba.com/resource/amp3/1/0/cb/47/cb476cf5c115ded260142200dfae8dbe.mp3", "parts": [{"part": "n.", "means": ["\u540e\u4ee3", "\u540e\u88d4", "\uff08\u7531\u8fc7\u53bb\u7c7b\u4f3c\u7269\u53d1\u5c55\u6765\u7684\uff09\u6d3e\u751f\u7269", "\u5f1f\u5b50"]}, {"part": "adj.", "means": ["\u4e0b\u964d\u7684", "\u7956\u4f20\u7684"]}], "collins": [{"posp": "N-COUNT", "tran": "\u540e\u4ee3;\u540e\u88d4;\u5b50\u5b59", "def": "Someone's descendants are the people in later generations who are related to them.", "example": [{"ex": "They are descendants of the original English and Scottish settlers.", "tran": "\u4ed6\u4eec\u662f\u6700\u521d\u7684\u82f1\u683c\u5170\u548c\u82cf\u683c\u5170\u5b9a\u5c45\u8005\u7684\u540e\u4ee3\u3002", "tts_mp3": "http://res-tts.iciba.com/tts_dj/b/8/f/b8f6c52c4ae6df2765e2070e28388a1d.mp3"}, {"ex": "...Lord Cochrane and his descendants.", "tran": "\u79d1\u514b\u4f26\u52cb\u7235\u53ca\u5176\u540e\u88d4", "tts_mp3": "http://res-tts.iciba.com/tts_dj/e/0/1/e013a17655b3b7ce9f5b3e067a4fa6de.mp3"}]}, {"posp": "N-COUNT", "tran": "\u6d3e\u751f\u7269;\u884d\u751f\u7269;\u540e\u4ee3\u4ea7\u7269", "def": "Something modern which developed from an older thing can be called a descendant of it.", "example": [{"ex": "His design was a descendant of a 1956 device...", "tran": "\u4ed6\u7684\u8bbe\u8ba1\u662f\u4ece\u4e00\u4e2a 1956 \u5e74\u7684\u88c5\u7f6e\u884d\u751f\u800c\u6765\u7684\u3002", "tts_mp3": "http://res-tts.iciba.com/tts_dj/9/a/a/9aa3462e5cbc02f98ff63b6be727f491.mp3"}, {"ex": "They are the descendants of plants imported by the early settlers.", "tran": "\u5b83\u4eec\u662f\u65e9\u671f\u79fb\u6c11\u5e26\u6765\u7684\u4e00\u4e9b\u690d\u7269\u7684\u540e\u4ee3\u3002", "tts_mp3": "http://res-tts.iciba.com/tts_dj/8/f/8/8f8e28a4c5880a950070b28400989ef0.mp3"}]}], "collins_star": "1", "frequency_count": 868120, "frequency_rank": 28531}