{"ph_en": "", "ph_am": "", "ph_en_mp3": "", "ph_am_mp3": "", "parts": [{"part": "n.", "means": ["\u516c\u8bc9\u4eba\uff0c\u68c0\u67e5\u5b98", "\u5730\u65b9\u68c0\u5bdf\u5b98"]}], "collins": [{"posp": "N-COUNT", "tran": "(\u7f8e\u56fd)\u5730\u65b9\u68c0\u5bdf\u5b98\uff08\u7f29\u7565\u5f62\u5f0f\u4e3aD.A.\uff09", "def": "In the United States, a District Attorney is a lawyer who works for a city, state, or federal government and puts on trial people who are accused of crimes. The abbreviation D.A. is also used.", "example": []}], "collins_star": "1", "frequency_count": 0, "frequency_rank": 0}