{"ph_en": "\u02ccdi: a\u026a \u02c8wa\u026a", "ph_am": "", "ph_en_mp3": "http://res.iciba.com/resource/amp3/oxford/0/1d/8d/1d8d47d0d7ea827a0dd119cf11c69e78.mp3", "ph_am_mp3": "", "parts": [{"part": "abbr.", "means": ["Do It Yourself \u81ea\u5df1\u52a8\u624b\u505a"]}], "collins": [{"posp": "N-UNCOUNT", "tran": "\uff08\u5c24\u6307\u5728\u5bb6\u91cc\uff09\u81ea\u5df1\u52a8\u624b\uff0c\u81ea\u884c\u7ef4\u4fee", "def": "DIY is the activity of making or repairing things yourself, especially in your home. DIY is an abbreviation for (\u7f29\u7565=) 'do-it-yourself'.", "example": [{"ex": "He's useless at DIY. He won't even put up a shelf.", "tran": "\u4ed6\u81ea\u5df1\u52a8\u624b\u80fd\u529b\u592a\u5dee\uff0c\u751a\u81f3\u8fde\u642d\u4e2a\u67b6\u5b50\u90fd\u4e0d\u4f1a\u3002", "tts_mp3": "http://res-tts.iciba.com/tts_dj/d/b/e/dbe296bfffa90e13607cd9cbdb9437c3.mp3"}]}, {"posp": "ADJ", "tran": "\uff08\u5546\u5e97\uff09\u51fa\u552e\u81ea\u5df1\u52a8\u624b\u505a\u6240\u9700\u7269\u54c1\u7684", "def": "A DIY shop is one that sells tools, paint, and other equipment needed for DIY.", "example": [{"ex": "You can get kits to do this from DIY stores.", "tran": "\u4f60\u53ef\u4ee5\u5728\u81ea\u5df1\u52a8\u624b\u5546\u5e97\u91cc\u4e70\u4e00\u5957\u5de5\u5177\u81ea\u5df1\u6765\u505a\u8fd9\u4e2a\u3002", "tts_mp3": "http://res-tts.iciba.com/tts_dj/2/4/d/24da1097b55db62e3d4b6397473f9bae.mp3"}]}, {"posp": "ADJ", "tran": "\u81ea\u5df1\u52a8\u624b\u505a\u7684", "def": "DIY things are things that you make or do yourself, rather than buying them ready-made or paying someone else to do them.", "example": [{"ex": "They sell materials for DIY mosaics and ready-made panels.", "tran": "\u4ed6\u4eec\u51fa\u552e\u81ea\u5df1\u52a8\u624b\u505a\u9576\u5d4c\u753b\u6240\u9700\u6750\u6599\u548c\u73b0\u6210\u7684\u9576\u677f\u3002", "tts_mp3": "http://res-tts.iciba.com/tts_dj/4/a/8/4a85ad47a43c6b56297759de1c2275f9.mp3"}]}], "collins_star": "1", "frequency_count": 7990525, "frequency_rank": 7315}