{"ph_en": "\u02c8di: d\u0292e\u026a", "ph_am": "'did\u0292e\u026a", "ph_en_mp3": "http://res.iciba.com/resource/amp3/oxford/0/18/7c/187c7aebfc04c40f670e0a7356090ad0.mp3", "ph_am_mp3": "", "parts": [{"part": "abbr.", "means": ["disc jockey \uff08\u5e7f\u64ad\u7535\u53f0\uff09\u6d41\u884c\u97f3\u4e50\u64ad\u97f3\u5458", "\u6d41\u884c\u97f3\u4e50\u8282\u76ee\u4e3b\u6301\u4eba"]}], "collins": [{"posp": "N-COUNT", "tran": "\u540c disc jockey", "def": "A DJ is the same as a disc jockey .", "example": []}, {"posp": "N-COUNT", "tran": "\u540c dinner jacket", "def": "A DJ is the same as a dinner jacket .", "example": []}], "collins_star": "2", "frequency_count": 34689225, "frequency_rank": 2321}