{"ph_en": "\u02ccdi: en \u02c8e\u026a", "ph_am": "\u02ccdien'e\u026a", "ph_en_mp3": "http://res.iciba.com/resource/amp3/oxford/0/53/d4/53d41f06eab1c71205a9145394cf72b0.mp3", "ph_am_mp3": "", "parts": [{"part": "abbr.", "means": ["\u8131\u6c27\u6838\u7cd6\u6838\u9178(deoxyribonucleic acid)", "\uff08\u7f8e\u56fd\uff09\u56fd\u9632\u90e8\u6838\u5b50\u5c40(Defense Nuclear Agency)"]}], "collins": [{"posp": "N-UNCOUNT", "tran": "\u8131\u6c27\u6838\u7cd6\u6838\u9178", "def": "DNA is an acid in the chromosomes in the centre of the cells of living things. DNA determines the particular structure and functions of every cell and is responsible for characteristics being passed on from parents to their children. DNA is an abbreviation for (\u7f29\u7565=) 'deoxyribonucleic acid'.", "example": []}], "collins_star": "3", "frequency_count": 26290902, "frequency_rank": 2958}