{"ph_en": "\u02c8da\u028an\u026a\u014b stri:t", "ph_am": "", "ph_en_mp3": "http://res.iciba.com/resource/amp3/oxford/0/69/75/6975c6a958bfd49981eeb93dbe9e0316.mp3", "ph_am_mp3": "", "parts": [{"part": "n.", "means": ["\uff08\u4f26\u6566\u7684\uff09\u5510\u5b81\u8857\uff08\u82f1\u56fd\u9996\u76f8\u5b98\u90b8\u53ca\u82e5\u5e72\u653f\u5e9c\u4e3b\u8981\u90e8\u95e8\u7684\u6240\u5728\u5730\uff09"]}], "collins": [{"posp": "N-PROPER", "tran": "\u5510\u5b81\u8857(\u82f1\u56fd\u9996\u76f8\u53ca\u8d22\u653f\u5927\u81e3\u5c45\u4f4f\u7684\u8857\u9053\u540d);\u82f1\u56fd\u9996\u76f8;\u82f1\u56fd\u5b98\u5458", "def": "Downing Street is the street in London in which the Prime Minister and the Chancellor of the Exchequer live. You can also use Downing Street to refer to the Prime Minister and his or her officials.", "example": [{"ex": "The Prime Minister arrived back at Downing Street from Paris this morning...", "tran": "\u4eca\u5929\u65e9\u6668\u9996\u76f8\u4ece\u5df4\u9ece\u56de\u5230\u4e86\u5510\u5b81\u8857\u3002", "tts_mp3": "http://res-tts.iciba.com/tts_dj/f/0/8/f08c072feb439896bc8514142a254a05.mp3"}, {"ex": "Downing Street is taking the French opinion polls very seriously indeed.", "tran": "\u82f1\u56fd\u653f\u5e9c\u786e\u5b9e\u5341\u5206\u91cd\u89c6\u6cd5\u56fd\u7684\u6c11\u610f\u6d4b\u9a8c\u3002", "tts_mp3": "http://res-tts.iciba.com/tts_dj/3/2/3/323063859ed491785ffbb800510433df.mp3"}]}], "collins_star": "2", "frequency_count": 0, "frequency_rank": 0}