{"ph_en": "", "ph_am": "", "ph_en_mp3": "", "ph_am_mp3": "", "parts": [{"part": "abbr.", "means": ["(=dead reckoning)\u901f\u5ea6\u4e09\u89d2\u5f62\u5b9a\u4f4d\u6cd5", "(=doctor)\u533b\u751f\uff0c\u535a\u58eb"]}], "collins": [{"posp": "", "tran": "", "def": "Dr is a written abbreviation for (\u4e66\u9762\u7f29\u7565=) Doctor .", "example": [{"ex": "...Dr John Hardy of St Mary's Medical School in London.", "tran": "\u4f26\u6566\u5723\u739b\u4e3d\u533b\u5b66\u9662\u7684\u7ea6\u7ff0\u00b7\u54c8\u4ee3\u535a\u58eb", "tts_mp3": "http://res-tts.iciba.com/tts_dj/9/f/9/9f94caaffe850844faf1213587859b37.mp3"}]}, {"posp": "", "tran": "(\u7528\u4e8e\u8857\u9053\u540d)\u8def\uff0c\u5927\u9053", "def": "Dr is used as a written abbreviation for (\u4e66\u9762\u7f29\u7565=) Drive when it is part of a street name.", "example": [{"ex": "...6 Queen's Dr.", "tran": "\u5973\u738b\u5927\u9053 6 \u53f7", "tts_mp3": "http://res-tts.iciba.com/tts_dj/f/a/d/fad859de3a2a7641dade341315e5dfe8.mp3"}]}], "collins_star": "4", "frequency_count": 46346026, "frequency_rank": 1776}