{"ph_en": "\u02c8dru:\u026ad", "ph_am": "\u02c8dru\u026ad", "ph_en_mp3": "http://res.iciba.com/resource/amp3/oxford/0/da/a0/daa079cfdd4cf4ee6e81779b2549d903.mp3", "ph_am_mp3": "http://res.iciba.com/resource/amp3/1/0/3d/65/3d650fb8a5df01600281d48c47c9fa60.mp3", "parts": [{"part": "n.", "means": ["\u7763\u4f0a\u5fb7\u6559\u7684\u796d\u53f8"]}], "collins": [{"posp": "N-COUNT", "tran": "(\u514b\u5c14\u7279\u5b97\u6559\u7684)\u796d\u53f8,\u5fb7\u9c81\u4f0a\u7279", "def": "A Druid is a priest of the Celtic religion.", "example": []}], "collins_star": "1", "frequency_count": 1160196, "frequency_rank": 24118}