{"ph_en": "'d\u028ct\u0283m\u0259n", "ph_am": "\u02c8d\u028ct\u0283m\u0259n", "ph_en_mp3": "http://res.iciba.com/resource/amp3/0/0/9e/b6/9eb622877ad74185d4c5e1bb36cfdae9.mp3", "ph_am_mp3": "http://res.iciba.com/resource/amp3/1/0/86/24/86243b5a9f13d22f228af5a5a156025a.mp3", "parts": [{"part": "n.", "means": ["\u8377\u5170\u4eba", "\u8377\u5170\u8840\u7edf\u4eba", "\u6728\u585e\u5757"]}], "collins": [{"posp": "N-COUNT", "tran": "\u8377\u5170\u4eba", "def": "A Dutchman is a man who is a native of the Netherlands.", "example": []}], "collins_star": "1", "frequency_count": 388081, "frequency_rank": 45714}