{"ph_en": "\u02c8i:st\u0259(r)", "ph_am": "\u02c8ist\u025a", "ph_en_mp3": "http://res.iciba.com/resource/amp3/oxford/0/53/80/5380dd126e8e65e82f02407448cf528c.mp3", "ph_am_mp3": "http://res.iciba.com/resource/amp3/1/0/e8/2d/e82df739dd8c84c8ae105b514f4c10df.mp3", "parts": [{"part": "n.", "means": ["<\u5b97>\u590d\u6d3b\u8282"]}], "collins": [{"posp": "N-VAR", "tran": "\uff08\u57fa\u7763\u6559\u7684\uff09\u590d\u6d3b\u8282", "def": "Easter is a Christian festival when Jesus Christ's return to life is celebrated. It is celebrated on a Sunday in March or April.", "example": [{"ex": "'Happy Easter,' he yelled.", "tran": "\u201c\u590d\u6d3b\u8282\u5feb\u4e50\uff0c\u201d\u4ed6\u5927\u558a\u3002", "tts_mp3": "http://res-tts.iciba.com/tts_dj/c/5/5/c5510d87a6cb3f3f217866f735191e5c.mp3", "tts_size": "10K"}, {"ex": "...the first Easter morning.", "tran": "\u7b2c\u4e00\u4e2a\u590d\u6d3b\u8282\u7684\u65e9\u6668", "tts_mp3": "http://res-tts.iciba.com/tts_dj/3/c/9/3c9f0fd0c49c09c2bde1901895e3ece7.mp3", "tts_size": "8K"}]}, {"posp": "N-VAR", "tran": "\u590d\u6d3b\u8282\u5047\u671f", "def": "Easter is the period of several days around and including Easter Sunday.", "example": [{"ex": "They usually have a walking holiday at Easter...", "tran": "\u590d\u6d3b\u8282\u5047\u671f\u4ed6\u4eec\u901a\u5e38\u90fd\u4f1a\u53bb\u5f92\u6b65\u65c5\u884c\u3002", "tts_mp3": "http://res-tts.iciba.com/tts_dj/9/1/4/91426b9d9761cce516bfd07b7dde2c15.mp3", "tts_size": "14K"}, {"ex": "She spends her Easter holidays taking groups of children to France...", "tran": "\u5979\u5e26\u9886\u4e00\u7fa4\u5b69\u5b50\u53bb\u6cd5\u56fd\u8fc7\u590d\u6d3b\u8282\u3002", "tts_mp3": "http://res-tts.iciba.com/tts_dj/c/b/c/cbc3a4a026d5a699c429c249eaa35a7c.mp3", "tts_size": "19K"}]}], "collins_star": "2", "frequency_count": 8899534, "frequency_rank": 6757}