{"ph_en": "ed\u02c8w\u0254:di\u0259n", "ph_am": "ed\u02c8w\u0254rdi\u0259n", "ph_en_mp3": "http://res.iciba.com/resource/amp3/oxford/0/64/e9/64e9c3f494d159cc7c967558da6cf9c0.mp3", "ph_am_mp3": "", "parts": [{"part": "adj.& n.", "means": ["\u7231\u5fb7\u534e\u4e03\u4e16\u65f6\u4ee3\u7684\uff08\u4eba\uff09"]}], "collins": [{"posp": "ADJ", "tran": "\u7231\u5fb7\u534e\u4e03\u4e16\u65f6\u4ee3\u7684", "def": "Edwardian means belonging to, connected with, or typical of Britain in the first decade of the 20th century, when Edward VII was King.", "example": [{"ex": "...the Edwardian era.", "tran": "\u7231\u5fb7\u534e\u4e03\u4e16\u65f6\u4ee3", "tts_mp3": "http://res-tts.iciba.com/tts_dj/8/0/8/808deee76b921ef7c47b6f191fd3ac1f.mp3", "tts_size": "7K"}, {"ex": "...his old Edwardian office.", "tran": "\u4ed6\u7684\u7231\u5fb7\u534e\u4e03\u4e16\u65f6\u4ee3\u5efa\u9020\u7684\u53e4\u8001\u529e\u516c\u5ba4", "tts_mp3": "http://res-tts.iciba.com/tts_dj/3/9/4/394f4bda9febe5c4c441aa92367c7c8f.mp3", "tts_size": "10K"}]}], "collins_star": "1", "frequency_count": 934207, "frequency_rank": 27316}