{"ph_en": "\u026a\u02ccl\u026az\u0259\u02c8bi:\u03b8n", "ph_am": "\u026a\u02ccl\u026az\u0259\u02c8bi\u03b8\u0259n, -\u02c8b\u025b\u03b8\u0259n", "ph_en_mp3": "http://res.iciba.com/resource/amp3/oxford/0/a0/83/a08339444aefb9b61131a78f7147b18a.mp3", "ph_am_mp3": "http://res.iciba.com/resource/amp3/1/0/32/44/32447001c04d5fa0ef184bf31ec7dbc4.mp3", "parts": [{"part": "adj.", "means": ["\u82f1\u56fd\u5973\u738b\u4f0a\u4e3d\u838e\u767d\u65f6\u4ee3\u7684", "\u82f1\u56fd\u4f0a\u4e3d\u838e\u767d\u5973\u738b\u7684"]}, {"part": "n.", "means": ["\u4f0a\u4e3d\u838e\u767d\u4e00\u4e16\u65f6\u4ee3\u7684\u4eba"]}], "collins": [{"posp": "ADJ", "tran": "\u4f0a\u4e3d\u838e\u767d\u5973\u738b\u4e00\u4e16\u65f6\u4ee3\u7684", "def": "Elizabethan means belonging to or connected with England in the second half of the sixteenth century, when Elizabeth the First was Queen.", "example": [{"ex": "...Elizabethan England.", "tran": "\u4f0a\u4e3d\u838e\u767d\u4e00\u4e16\u65f6\u4ee3\u7684\u82f1\u683c\u5170", "tts_mp3": "http://res-tts.iciba.com/tts_dj/e/2/5/e254dfcd6125e346dc70d3251c808bb4.mp3", "tts_size": "7K"}, {"ex": "...the Elizabethan theatre.", "tran": "\u4f0a\u4e3d\u838e\u767d\u4e00\u4e16\u65f6\u4ee3\u7684\u620f\u5267", "tts_mp3": "http://res-tts.iciba.com/tts_dj/3/a/8/3a821cfec8687bb2dee9b86b69be1f24.mp3", "tts_size": "8K"}]}], "collins_star": "1", "frequency_count": 537873, "frequency_rank": 37872}