{"ph_en": "\u02c8\u026a\u014bgl\u026a\u0283m\u0259n", "ph_am": "\u02c8\u026a\u014b\u0261l\u026a\u0283m\u0259n", "ph_en_mp3": "http://res.iciba.com/resource/amp3/oxford/0/f3/cd/f3cde6bd85476e37a9a4755657f448a1.mp3", "ph_am_mp3": "http://res.iciba.com/resource/amp3/1/0/a2/d4/a2d47ccccb51b728c15adc4f83675a58.mp3", "parts": [{"part": "n.", "means": ["\u82f1\u683c\u5170\uff08\u7537\uff09\u4eba\uff0c\u82f1\u56fd\uff08\u7537\uff09\u4eba", "\u82f1\u5409\u5229\u4eba"]}], "collins": [{"posp": "N-COUNT", "tran": "\u82f1\u683c\u5170\u7537\u4eba;\u82f1\u56fd\u7537\u4eba", "def": "An Englishman is a man who comes from England.", "example": []}], "collins_star": "1", "frequency_count": 629632, "frequency_rank": 34509}