{"ph_en": "\u02c8\u026a\u014bgl\u026a\u0283w\u028am\u0259n", "ph_am": "\u02c8\u026a\u014b\u0261l\u026a\u0283\u02ccw\u028am\u0259n", "ph_en_mp3": "http://res.iciba.com/resource/amp3/oxford/0/50/74/50744b6b2ccaf6dd01d855c15b8a46a7.mp3", "ph_am_mp3": "http://res.iciba.com/resource/amp3/1/0/60/4f/604fccacd6b92755b03e20db58c4f120.mp3", "parts": [{"part": "n.", "means": ["\u82f1\u56fd\u5973\u4eba\uff0c\u82f1\u683c\u5170\u5987\u5973"]}], "collins": [{"posp": "N-COUNT", "tran": "\u82f1\u683c\u5170\u5973\u4eba;\u82f1\u56fd\u5973\u4eba", "def": "An Englishwoman is a woman who comes from England.", "example": []}], "collins_star": "1", "frequency_count": 0, "frequency_rank": 0}