{"ph_en": "", "ph_am": "", "ph_en_mp3": "", "ph_am_mp3": "", "parts": [{"part": "abbr.", "means": ["extended-play record \u5bc6\u7eb9\u5531\u7247", "Experience Point \u7ecf\u9a8c\u503c"]}, {"part": "adj.", "means": ["\u8033\u8717\u5185\u7535\u4f4d", "\u5bf9\u6d41\u514d\u75ab\u7535\u6cf3", "\u5185\u539f\u6027\u81f4\u70ed\u7269", "\u8d85\u7eaf\u8bd5\u5242"]}], "collins": [{"posp": "N-COUNT", "tran": "\uff08\u6bcf\u9762\u53ef\u6301\u7eed\u64ad\u653e\u7ea68\u5206\u949f\u7684\uff09\u6162\u901f\u5531\u7247\uff0c\u5bc6\u7eb9\u5531\u7247", "def": "An EP is a record which lasts for about 8 minutes on each side. EP is an abbreviation for (\u7f29\u7565=) 'extended play'.", "example": []}], "collins_star": "1", "frequency_count": 11086357, "frequency_rank": 5706}