{"ph_en": "\u02c8esk\u026am\u0259\u028a", "ph_am": "\u02c8esk\u026amo\u028a", "ph_en_mp3": "http://res.iciba.com/resource/amp3/oxford/0/e4/2d/e42da71949e846521f0ebde4a115b411.mp3", "ph_am_mp3": "", "parts": [{"part": "n.", "means": ["\u7231\u65af\u57fa\u6469\u4eba", "\u7231\u65af\u57fa\u6469\u8bed"]}, {"part": "adj.", "means": ["\u7231\u65af\u57fa\u6469\u4eba\u7684"]}], "collins": [{"posp": "N-COUNT", "tran": "\u7231\u65af\u57fa\u6469\u4eba\uff08\u8be5\u8bcd\u53ef\u80fd\u5177\u5192\u72af\u610f\u5473\uff09", "def": "An Eskimo is a member of the group of peoples who live in Alaska, Northern Canada, eastern Siberia, and other parts of the Arctic. These peoples now usually call themselves Inuits or Aleuts, and the term Eskimo could cause offence.", "example": []}], "collins_star": "1", "frequency_count": 866211, "frequency_rank": 28575}