{"ph_en": "\u02c8eks\u0259l\u0259nsi", "ph_am": "\u02c8\u025bks\u0259l\u0259nsi", "ph_en_mp3": "http://res.iciba.com/resource/amp3/oxford/0/c4/0d/c40d6d0bea66c3fac8a415072f72dca7.mp3", "ph_am_mp3": "http://res.iciba.com/resource/amp3/1/0/f1/21/f121e162129d60f081d046208b6104cb.mp3", "parts": [{"part": "n.", "means": ["\u9601\u4e0b", "\u4f18\u70b9\uff0c\u7f8e\u5fb7"]}], "collins": [{"posp": "N-VOC", "tran": "\uff08\u5bf9\u9ad8\u7ea7\u5b98\u5458\u7684\u5c0a\u79f0\uff09\u9601\u4e0b", "def": "You use expressions such as Your Excellency or His Excellency when you are addressing or referring to officials of very high rank, for example ambassadors or governors.", "example": [{"ex": "I am reluctant to trust anyone totally, Your Excellency...", "tran": "\u6211\u4e0d\u60f3\u5b8c\u5168\u76f8\u4fe1\u4efb\u4f55\u4eba\uff0c\u9601\u4e0b\u3002", "tts_mp3": "http://res-tts.iciba.com/tts_dj/5/4/b/54b81df6baa041d2c24e4bed7d8b6c48.mp3", "tts_size": "19K"}, {"ex": "His excellency the President will be waiting for you in the hall.", "tran": "\u603b\u7edf\u9601\u4e0b\u4f1a\u5728\u5927\u5385\u7b49\u4f60\u3002", "tts_mp3": "http://res-tts.iciba.com/tts_dj/f/8/9/f8962ccc9121646738ebc386afda90a4.mp3", "tts_size": "17K"}]}], "collins_star": "1", "frequency_count": 702863, "frequency_rank": 32331}