{"ph_en": "\u02c8eks\u02cct\u0283ek\u0259, \u026aks\u02c8t\u0283ek\u0259", "ph_am": "\u02c8\u025bks\u02cct\u0283\u025bk\u025a, \u026aks\u02c8t\u0283\u025bk\u025a", "ph_en_mp3": "http://res.iciba.com/resource/amp3/0/0/a3/56/a3560b37a0a48525e365034825450087.mp3", "ph_am_mp3": "http://res.iciba.com/resource/amp3/1/0/a3/56/a3560b37a0a48525e365034825450087.mp3", "parts": [{"part": "n.", "means": ["\u8d22\u6e90", "\u56fd\u5e93", "\u8d22\u653f\u90e8"]}], "collins": [{"posp": "N-PROPER", "tran": "\uff08\u82f1\u56fd\u7684\uff09\u8d22\u653f\u90e8", "def": "The Exchequer is the department in the British government which is responsible for receiving, issuing, and accounting for money belonging to the state.", "example": []}], "collins_star": "1", "frequency_count": 450791, "frequency_rank": 41911}