{"ph_en": "\u02ccef bi: \u02c8a\u026a", "ph_am": "\u02ccefbi'a\u026a", "ph_en_mp3": "http://res.iciba.com/resource/amp3/oxford/0/f9/00/f900b3da83b201323499e6fdb1476d5b.mp3", "ph_am_mp3": "", "parts": [{"part": "abbr.", "means": ["foreign-born Irish \u56fd\u5916\u51fa\u751f\u7684\u7231\u5c14\u5170\u4eba", "Federal Bureau of Investigation \u8054\u90a6\u8c03\u67e5\u5c40"]}], "collins": [{"posp": "N-PROPER", "tran": "(\u7f8e\u56fd)\u8054\u90a6\u8c03\u67e5\u5c40", "def": "The FBI is a government agency in the United States that investigates crimes in which a national law is broken or in which the country's security is threatened. FBI is an abbreviation for (\u7f29\u7565=) 'Federal Bureau of Investigation'.", "example": []}], "collins_star": "2", "frequency_count": 6697183, "frequency_rank": 8261}