{"ph_en": "\u02ccf\u026al\u026a\u02c8pi:n\u0259\u028a", "ph_am": "\u02ccf\u026al\u026a\u02c8pino\u028a", "ph_en_mp3": "http://res.iciba.com/resource/amp3/oxford/0/50/e2/50e2a2509e9a27080a96bea49a216840.mp3", "ph_am_mp3": "http://res.iciba.com/resource/amp3/1/0/47/3a/473a1337a08505cff4da2b79e2145015.mp3", "parts": [{"part": "n.", "means": ["\u83f2\u5f8b\u5bbe\u4eba", "\u83f2\u5f8b\u5bbe\u8bed"]}, {"part": "adj.", "means": ["\u83f2\u5f8b\u5bbe\u7684", "\u83f2\u5f8b\u5bbe\u4eba\u7684"]}], "collins": [{"posp": "ADJ", "tran": "\u83f2\u5f8b\u5bbe\u7684;\u83f2\u5f8b\u5bbe\u4eba(\u6216\u6587\u5316)\u7684", "def": "Filipino means belonging or relating to the Philippines, or to its people or culture.", "example": [{"ex": "...a group of Filipino girls.", "tran": "\u4e00\u7fa4\u83f2\u5f8b\u5bbe\u5973\u5b69", "tts_mp3": "http://res-tts.iciba.com/tts_dj/e/0/4/e048270791be7c48c5af72414c96860d.mp3", "tts_size": "10K"}]}, {"posp": "N-COUNT", "tran": "\u83f2\u5f8b\u5bbe\u4eba", "def": "A Filipino is a person who comes from the Philippines.", "example": []}], "collins_star": "1", "frequency_count": 2320723, "frequency_rank": 16045}