{"ph_en": "", "ph_am": "", "ph_en_mp3": "", "ph_am_mp3": "", "parts": [{"part": "n.", "means": ["\u8230\u961f\u8857", "\u82f1\u56fd\u4f26\u6566\u65b0\u95fb\u754c"]}], "collins": [{"posp": "N-PROPER", "tran": "\u8230\u961f\u8857(\u6307\u82f1\u56fd\u62a5\u754c)", "def": "Fleet Street is used to refer to British national newspapers and to the journalists who work for them.", "example": [{"ex": "He was the highest-paid sub-editor in Fleet Street.", "tran": "\u4ed6\u662f\u82f1\u56fd\u62a5\u754c\u85aa\u6c34\u6700\u9ad8\u7684\u526f\u7f16\u8f91\u3002", "tts_mp3": "http://res-tts.iciba.com/tts_dj/7/6/0/7603262230f3411a942082e4005af1c8.mp3", "tts_size": "14K"}, {"ex": "...Fleet Street journalists.", "tran": "\u82f1\u56fd\u62a5\u754c\u8bb0\u8005", "tts_mp3": "http://res-tts.iciba.com/tts_dj/4/f/b/4fbf8e799d02c49b89a7c415e44fd437.mp3", "tts_size": "8K"}]}], "collins_star": "1", "frequency_count": 0, "frequency_rank": 0}