{"ph_en": "\u02c8flem\u026a\u0283", "ph_am": "\u02c8fl\u025bm\u026a\u0283", "ph_en_mp3": "http://res.iciba.com/resource/amp3/oxford/0/a4/4b/a44b57fc16741a8259e54f1a207e464c.mp3", "ph_am_mp3": "http://res.iciba.com/resource/amp3/1/0/4c/3e/4c3e73936ee49ac67c57bda5d1a2e7ef.mp3", "parts": [{"part": "n.", "means": ["\u4f5b\u5170\u5fb7\u4eba", "\u4f5b\u5170\u5fb7\u8bed"]}, {"part": "adj.", "means": ["\u4f5b\u5170\u5fb7\u7684", "\u4f5b\u5170\u5fb7\u4eba\u7684", "\u4f5b\u5170\u5fb7\u8bed\u7684"]}], "collins": [{"posp": "ADJ", "tran": "(\u5317\u6b27\u7684)\u4f5b\u5170\u5fb7\u5730\u533a\u7684\uff0c\u4f5b\u5170\u8292\u4eba\u7684\uff0c\u4f5b\u5170\u8292\u8bed\u7684", "def": "Flemish means belonging or relating to the region of Flanders in northern Europe, or to its people, language, or culture.", "example": [{"ex": "...a splendid collection of Dutch, French and Flemish art.", "tran": "\u4e00\u6279\u6536\u85cf\u7684\u8377\u5170\u3001\u6cd5\u56fd\u548c\u4f5b\u5170\u5fb7\u5730\u533a\u7684\u7cbe\u7f8e\u827a\u672f\u54c1", "tts_mp3": "http://res-tts.iciba.com/tts_dj/1/2/4/124dc5b23e942d79a0103593da1e698c.mp3", "tts_size": "17K"}, {"ex": "...this picturesque Flemish town.", "tran": "\u98ce\u666f\u5982\u753b\u7684\u4f5b\u5170\u5fb7\u57ce\u9547", "tts_mp3": "http://res-tts.iciba.com/tts_dj/7/7/7/7771fa93440abf7e29c54297e1840a50.mp3", "tts_size": "11K"}]}, {"posp": "N-UNCOUNT", "tran": "(\u6bd4\u5229\u65f6\u7684)\u4f5b\u5170\u8292\u8bed", "def": "Flemish is a language spoken in Belgium.", "example": []}], "collins_star": "1", "frequency_count": 852160, "frequency_rank": 28865}