{"ph_en": "\u02ccef \u02c8em", "ph_am": "", "ph_en_mp3": "http://res.iciba.com/resource/amp3/oxford/0/7e/0b/7e0bafa3dfbb606b32ed4be79693b1ce.mp3", "ph_am_mp3": "", "parts": [{"part": "abbr.", "means": ["(=frequency modulation)\u8c03\u9891\uff0c\u9891\u7387\u8c03\u5236", "(=fermium)\u5143\u7d20\u9544\u7684\u7b26\u53f7", "(=Field Marshal)\u9646\u519b\u5143\u5e05", "(=foreign mission)\u5916\u4ea4\u4f7f\u56e2"]}], "collins": [{"posp": "", "tran": "(\u6536\u97f3\u673a\u7684)\u8c03\u9891", "def": "FM is a method of transmitting radio waves that can be used to broadcast high quality sound. FM is an abbreviation for (\u7f29\u7565=) 'frequency modulation'.", "example": []}], "collins_star": "2", "frequency_count": 22665700, "frequency_rank": 3357}