{"ph_en": "", "ph_am": "", "ph_en_mp3": "http://res.iciba.com/resource/amp3/0/0/b0/68/b06873951296edc782e30332c5cb0075.mp3", "ph_am_mp3": "", "parts": [{"part": "n.", "means": ["\u5916\u4ea4\u90e8"]}], "collins": [{"posp": "N-COUNT", "tran": "(\u5c24\u6307\u82f1\u56fd\u7684)\u5916\u4ea4\u90e8", "def": "The Foreign Office is the government department, especially in Britain, which has responsibility for the government's dealings and relations with foreign governments.", "example": [{"ex": "...a Foreign Office spokesman.", "tran": "\u5916\u4ea4\u90e8\u53d1\u8a00\u4eba", "tts_mp3": "http://res-tts.iciba.com/tts_dj/7/8/a/78a9a124e6d14a2eb1ddc4143f802ae1.mp3", "tts_size": "8K"}]}], "collins_star": "2", "frequency_count": 0, "frequency_rank": 0}