{"ph_en": "", "ph_am": "", "ph_en_mp3": "", "ph_am_mp3": "", "parts": [{"part": "abbr.", "means": ["\u6cd5\u90ce(franc)", "[\u5316]\u5143\u7d20\u94ab(francium)\u7684\u7b26\u53f7"]}], "collins": [{"posp": "", "tran": "", "def": "Fr is a written abbreviation for (\u4e66\u9762\u7f29\u7565=)French or franc.", "example": []}, {"posp": "", "tran": "\u795e\u7236(\u7528\u4e8e\u5929\u4e3b\u6559\u7267\u5e08\u59d3\u540d\u524d)", "def": "Fr is a written abbreviation for (\u4e66\u9762\u7f29\u7565=) Father when it is used in titles before the name of a Catholic priest.", "example": []}], "collins_star": "1", "frequency_count": 30563000, "frequency_rank": 2598}