{"ph_en": "'frent\u0283m\u0259n", "ph_am": "\u02c8fr\u025bnt\u0283m\u0259n", "ph_en_mp3": "http://res.iciba.com/resource/amp3/0/0/3a/78/3a78a9ed8e0b47679de2890657b9a184.mp3", "ph_am_mp3": "http://res.iciba.com/resource/amp3/1/0/c4/69/c469050707d902b0566671f8367a80b8.mp3", "parts": [{"part": "n.", "means": ["\u6cd5\u56fd\u7537\u4eba", "\u6cd5\u56fd\u4eba"]}], "collins": [{"posp": "N-COUNT", "tran": "\u6cd5\u56fd(\u7537)\u4eba", "def": "A Frenchman is a man who comes from France.", "example": []}], "collins_star": "2", "frequency_count": 548217, "frequency_rank": 37471}