{"ph_en": "'frent\u0283w\u028am\u0259n", "ph_am": "\u02c8fr\u025bnt\u0283\u02ccw\u028am\u0259n", "ph_en_mp3": "http://res.iciba.com/resource/amp3/1/0/2d/1d/2d1d8782fab1e0161b83316878325730.mp3", "ph_am_mp3": "http://res.iciba.com/resource/amp3/1/0/11/c0/11c09ecd17c12cb761094b104e725077.mp3", "parts": [{"part": "n.", "means": ["\u6cd5\u56fd\u5973\u4eba"]}], "collins": [{"posp": "N-COUNT", "tran": "\u6cd5\u56fd\u5973\u4eba", "def": "A Frenchwoman is a woman who comes from France.", "example": []}], "collins_star": "2", "frequency_count": 0, "frequency_rank": 0}