{"ph_en": "\u02c8g\u00e6l\u026ak", "ph_am": "\u02c8\u0261el\u026ak", "ph_en_mp3": "http://res.iciba.com/resource/amp3/oxford/0/d7/52/d752e675dedef1d5185d9c7d557ae073.mp3", "ph_am_mp3": "http://res.iciba.com/resource/amp3/1/0/d9/d9/d9d944f7d97b68e4d4ffc6c6dc1ca942.mp3", "parts": [{"part": "n.", "means": ["\u76d6\u5c14\u8bed"]}, {"part": "adj.", "means": ["\u76d6\u5c14\u4eba\u7684\uff0c\u76d6\u5c14\u8bed\u7684"]}], "collins": [{"posp": "N-UNCOUNT", "tran": "\uff08\u82cf\u683c\u5170\u548c\u7231\u5c14\u5170\u7684\u90e8\u5206\u5730\u533a\u4f7f\u7528\u7684\uff09\u76d6\u5c14\u8bed", "def": "Gaelic is a language spoken by people in parts of Scotland and Ireland.", "example": [{"ex": "We weren't allowed to speak Gaelic at school.", "tran": "\u6211\u4eec\u5728\u5b66\u6821\u4e0d\u5141\u8bb8\u8bb2\u76d6\u5c14\u8bed\u3002", "tts_mp3": "http://res-tts.iciba.com/tts_dj/a/0/a/a0af3c95bd2c089084ddd1b4e5e0ff62.mp3", "tts_size": "12K"}]}, {"posp": "ADJ", "tran": "\u6765\u81ea\u82cf\u683c\u5170\uff08\u6216\u7231\u5c14\u5170\uff09\u7684\uff1b\u4e0e\u82cf\u683c\u5170\uff08\u6216\u7231\u5c14\u5170\uff09\u6709\u5173\u7684\uff1b\uff08\u5c24\u6307\uff09\u8bb2\u76d6\u5c14\u8bed\u5730\u533a\u7684", "def": "Gaelic means coming from or relating to Scotland and Ireland, especially the parts where Gaelic is spoken.", "example": [{"ex": "...an evening of Gaelic music and drama.", "tran": "\u76d6\u5c14\u8bed\u5730\u533a\u7684\u97f3\u4e50\u4e0e\u620f\u5267\u665a\u4f1a", "tts_mp3": "http://res-tts.iciba.com/tts_dj/a/6/e/a6e5db71fb3efd731ada24aeecd47374.mp3", "tts_size": "12K"}]}], "collins_star": "1", "frequency_count": 1613146, "frequency_rank": 19929}