{"ph_en": "\u02c8g\u00e6l\u026ak", "ph_am": "\u02c8\u0261\u00e6l\u026ak", "ph_en_mp3": "http://res.iciba.com/resource/amp3/oxford/0/43/82/4382df4954c4bcdd75589e92eb260e95.mp3", "ph_am_mp3": "http://res.iciba.com/resource/amp3/1/0/03/f5/03f59a92e81a3eee1a6b6b4cc9ffb795.mp3", "parts": [{"part": "adj.", "means": ["\u9ad8\u5362\u7684\uff0c\u9ad8\u5362\u4eba\u7684", "\u6cd5\u56fd\u4eba\u7684", "\u4e94\u500d\u5b50\u7684", "[\u5316]\u6b63\u9553\u7684"]}], "collins": [{"posp": "ADJ-GRADED", "tran": "\u9ad8\u5362\u7684\uff1b\u9ad8\u5362\u4eba\u7684\uff1b\u6cd5\u56fd\u5f0f\u7684\uff1b\u6cd5\u56fd\u4eba\u7279\u6709\u7684", "def": "Gallic means the same as French. You sometimes use Gallic to describe ideas, feelings, or actions that you think are very typical of France and French people.", "example": [{"ex": "The proposal has provoked howls of Gallic indignation...", "tran": "\u8be5\u63d0\u8bae\u4ee4\u6cd5\u56fd\u4eba\u4e49\u6124\u586b\u81ba\u3002", "tts_mp3": "http://res-tts.iciba.com/tts_dj/a/3/b/a3bd42397ef38f9b6f375db021b3d808.mp3", "tts_size": "16K"}, {"ex": "Mme Arlette gave a Gallic shrug.", "tran": "\u963f\u83b1\u7279\u5973\u58eb\u505a\u4e86\u4e00\u4e2a\u6cd5\u56fd\u5f0f\u7684\u8038\u80a9\u52a8\u4f5c\u3002", "tts_mp3": "http://res-tts.iciba.com/tts_dj/c/6/5/c659ded918683059f28e6b2a08a47e65.mp3", "tts_size": "12K"}]}], "collins_star": "1", "frequency_count": 154472, "frequency_rank": 77694}