{"ph_en": "\u02ccd\u0292i: si: es \u02c8i:", "ph_am": "", "ph_en_mp3": "http://res.iciba.com/resource/amp3/oxford/0/1e/48/1e48ec534a7781da0157893a64bef5d6.mp3", "ph_am_mp3": "", "parts": [{"part": "abbr.", "means": ["\u666e\u901a\u4e2d\u7b49\u6559\u80b2\u8bc1\u4e66(General Certificate of Secondary Education)"]}], "collins": [{"posp": "N-VAR", "tran": "\uff08\u82f1\u56fd\u9762\u541115\u81f316\u5c81\u5b66\u751f\u7684\uff09\u666e\u901a\u4e2d\u7b49\u6559\u80b2\u8bc1\u4e66", "def": "GCSEs are British educational qualifications which schoolchildren take when they are fifteen or sixteen years old. GCSE is an abbreviation for (\u7f29\u7565=) 'General Certificate of Secondary Education'.", "example": [{"ex": "She quit school as soon as she had taken her GCSEs.", "tran": "\u5979\u4e00\u62ff\u5230\u666e\u901a\u4e2d\u7b49\u6559\u80b2\u8bc1\u4e66\u540e\u5c31\u6ca1\u518d\u4e0a\u5b66\u4e86\u3002", "tts_mp3": "http://res-tts.iciba.com/tts_dj/9/0/0/900bfec84b2d6cf5f9fe63c5303d2b37.mp3", "tts_size": "17K"}, {"ex": "...GCSE candidates.", "tran": "\u666e\u901a\u4e2d\u7b49\u6559\u80b2\u8bc1\u4e66\u8003\u8bd5\u7684\u5e94\u8bd5\u8005", "tts_mp3": "http://res-tts.iciba.com/tts_dj/6/5/8/6586715ead79586c65a3ef3aff349465.mp3", "tts_size": "10K"}]}], "collins_star": "1", "frequency_count": 2825325, "frequency_rank": 14301}