{"ph_en": "\u02ccd\u0292i: di: \u02c8pi:", "ph_am": "\u02ccd\u0292idi'pi", "ph_en_mp3": "http://res.iciba.com/resource/amp3/oxford/0/8e/68/8e68a5a12b3e7f1d5fca9aecfd28daec.mp3", "ph_am_mp3": "", "parts": [{"part": "abbr.", "means": ["gross domestic product \u56fd\u5185\u751f\u4ea7\u603b\u503c"]}], "collins": [{"posp": "N-VAR", "tran": "\u56fd\u5185\u751f\u4ea7\u603b\u503c", "def": "In economics, a country's GDP is the total value of goods and services produced within a country in a year, not including its income from investments in other countries. GDP is an abbreviation for (\u7f29\u7565=) 'gross domestic product'.", "example": []}], "collins_star": "3", "frequency_count": 7029981, "frequency_rank": 7992}