{"ph_en": "\u02c8d\u0292\u0254:d\u0292\u0259n", "ph_am": "\u02c8d\u0292\u0254rd\u0292\u0259n", "ph_en_mp3": "http://res.iciba.com/resource/amp3/0/0/a8/90/a89081623d823ead93ea37eb62e25550.mp3", "ph_am_mp3": "http://res.iciba.com/resource/amp3/1/0/ad/c0/adc0753d37641ed117f7b999a0ae79a0.mp3", "parts": [{"part": "n.", "means": ["\u4e54\u6cbb\u4e9a\u5dde\u4eba", "\u683c\u9c81\u5409\u4e9a\u4eba", "\u683c\u9c81\u5409\u4e9a\u8bed", "\u4f50\u6cbb\u4e9a\u5dde\u4eba"]}, {"part": "adj.", "means": ["\u4e54\u6cbb\u4e9a\u7684", "\u683c\u9c81\u5409\u4e9a\u4eba\u7684", "\u683c\u9c81\u5409\u4e9a\u8bed\u7684", "\u4e54\u6cbb\u738b\u65f6\u4ee3\u827a\u672f\u98ce\u683c\u7684"]}], "collins": [{"posp": "ADJ", "tran": "\uff08\u82f1\u56fd18\u81f319\u4e16\u7eaa\u65e9\u671f\uff09\u4e54\u6cbb\u738b\u671d\u65f6\u671f\u7684\uff0c\u4e54\u6cbb\u4e00\u4e16\u81f3\u56db\u4e16\u65f6\u4ee3\u7684", "def": "Georgian means belonging to or connected with Britain in the eighteenth and early nineteenth centuries, during the reigns of King George I to King George IV.", "example": [{"ex": "...the restoration of his Georgian house.", "tran": "\u5bf9\u4ed6\u4e54\u6cbb\u738b\u671d\u65f6\u671f\u98ce\u683c\u7684\u623f\u5c4b\u8fdb\u884c\u7684\u4fee\u7f2e\u5de5\u4f5c", "tts_mp3": "http://res-tts.iciba.com/tts_dj/1/1/2/112b60bea9c0c6231010f8fda76d6141.mp3", "tts_size": "11K"}]}], "collins_star": "2", "frequency_count": 2530176, "frequency_rank": 15259}