{"ph_en": "\u02ccd\u0292i: \u02c8a\u026a", "ph_am": "\u02ccd\u0292i'a\u026a", "ph_en_mp3": "http://res.iciba.com/resource/amp3/oxford/0/9d/1b/9d1bf7c9100644f4c56a8f5046e147c5.mp3", "ph_am_mp3": "", "parts": [{"part": "n.", "means": ["\u7f8e\u56fd\u5175"]}, {"part": "adj.", "means": ["\u58eb\u5175\u7684", "\u7f8e\u519b\u89c4\u8303\u7684", "\u7f8e\u519b\u8865\u7ed9\u5904\u63d0\u4f9b\u7684"]}, {"part": "adv.", "means": ["\u4fdd\u6301\u4e25\u683c\u519b\u7eaa\u5730"]}, {"part": "vt.", "means": ["\u4e3a\u68c0\u9605\u800c\u6253\u626b"]}, {"part": "abbr.", "means": ["\u9540\u950c\u94c1", "\u4e00\u822c\u7ed3\u679c"]}], "collins": [{"posp": "N-COUNT", "tran": "\u7f8e\u56fd\u5175", "def": "A GI is a soldier in the United States army.", "example": []}], "collins_star": "1", "frequency_count": 12673643, "frequency_rank": 5183}