{"ph_en": "\u02ccd\u0292i: em \u02c8ti:", "ph_am": "\u02ccd\u0292iem'ti", "ph_en_mp3": "http://res.iciba.com/resource/amp3/oxford/0/45/d9/45d96539946df2275729b4318ea9b106.mp3", "ph_am_mp3": "", "parts": [{"part": "abbr.", "means": ["Greenwich Mean Time \u683c\u6797\u5c3c\u6cbb\u6807\u51c6\u65f6\u95f4"]}], "collins": [{"posp": "", "tran": "\u683c\u6797\u5c3c\u6cbb\u6807\u51c6\u65f6\u95f4", "def": "GMT is the standard time in Great Britain which is used to calculate the time in the rest of the world. GMT is an abbreviation for (\u7f29\u7565=) 'Greenwich Mean Time'.", "example": [{"ex": "New Mexico is seven hours behind GMT.", "tran": "\u65b0\u58a8\u897f\u54e5\u5dde\u7684\u65f6\u95f4\u6bd4\u683c\u6797\u5c3c\u6cbb\u6807\u51c6\u65f6\u95f4\u665a7\u4e2a\u5c0f\u65f6\u3002", "tts_mp3": "http://res-tts.iciba.com/tts_dj/8/5/7/857591412ea7048ee00572eca4868c31.mp3", "tts_size": "15K"}]}], "collins_star": "2", "frequency_count": 57610397, "frequency_rank": 1424}