{"ph_en": "\u02ccd\u0292i: en \u02c8pi:", "ph_am": "\u02ccd\u0292ien'pi", "ph_en_mp3": "http://res.iciba.com/resource/amp3/oxford/0/21/ae/21aeae301301b9688e3b9e5a82b1b75d.mp3", "ph_am_mp3": "", "parts": [{"part": "abbr.", "means": ["gross national product\u56fd\u6c11\u751f\u4ea7\u603b\u503c"]}], "collins": [{"posp": "N-VAR", "tran": "\uff08\u7ecf\u6d4e\u5b66\u4e2d\u7684\uff09\u56fd\u6c11\u751f\u4ea7\u603b\u503c", "def": "In economics, a country's GNP is the total value of all the goods produced and services provided by that country in one year. GNP is an abbreviation for (\u7f29\u7565=) 'gross national product'.", "example": [{"ex": "By 1973 the government deficit equalled thirty per cent of GNP.", "tran": "\u52301973\u5e74\uff0c\u653f\u5e9c\u8d22\u653f\u8d64\u5b57\u76f8\u5f53\u4e8e\u56fd\u6c11\u751f\u4ea7\u603b\u503c\u768430%\u3002", "tts_mp3": "http://res-tts.iciba.com/tts_dj/5/8/3/5838090719fb8bcd3e235d09a122496f.mp3", "tts_size": "24K"}]}], "collins_star": "3", "frequency_count": 645240, "frequency_rank": 34010}