{"ph_en": "\u02c8g\u0252\u03b8\u026ak", "ph_am": "\u02c8g\u0251\u03b8\u026ak", "ph_en_mp3": "http://res.iciba.com/resource/amp3/oxford/0/7e/67/7e679c152685de3fadcc18397c99e702.mp3", "ph_am_mp3": "http://res.iciba.com/resource/amp3/1/0/ff/2a/ff2a2b55fee1d33ebf325cb4bb1238d5.mp3", "parts": [{"part": "abbr.", "means": ["\u54e5\u7279\u5f0f\u7684", "\u91ce\u86ee\u7684"]}, {"part": "n.", "means": ["[\u5efa]\u54e5\u7279\u5f0f"]}], "collins": [{"posp": "ADJ", "tran": "\uff08\u5efa\u7b51\u7b49\uff09\u54e5\u7279\u5f0f\u7684\uff0c\u54e5\u7279\u98ce\u683c\u7684", "def": "Gothic architecture and religious art was produced in the Middle Ages. Its features include tall pillars, high curved ceilings, and pointed arches.", "example": [{"ex": "...a vast, lofty Gothic cathedral.", "tran": "\u5b8f\u4f1f\u9ad8\u8038\u7684\u54e5\u7279\u5f0f\u6559\u5802", "tts_mp3": "http://res-tts.iciba.com/tts_dj/0/3/9/039b21e1a1c7d779c24a7b49f83ac5fc.mp3", "tts_size": "13K"}, {"ex": "...Gothic stained glass windows...", "tran": "\u54e5\u7279\u5f0f\u5f69\u8272\u73bb\u7483\u7a97", "tts_mp3": "http://res-tts.iciba.com/tts_dj/a/7/2/a726df872fc92c50e22b5aebbf1dfa74.mp3", "tts_size": "10K"}]}, {"posp": "ADJ", "tran": "\uff08\u5c0f\u8bf4\uff09\u54e5\u7279\u6d3e\u7684\uff08\u63cf\u5199\u602a\u8bde\u3001\u795e\u79d8\u7684\u6050\u6016\u6545\u4e8b\uff09", "def": "In Gothic stories, strange, mysterious adventures happen in dark and lonely places such as graveyards and old castles.", "example": [{"ex": "This novel is not science fiction, nor is it Gothic horror.", "tran": "\u8fd9\u672c\u5c0f\u8bf4\u65e2\u975e\u79d1\u5e7b\u5c0f\u8bf4\u4ea6\u975e\u54e5\u7279\u6d3e\u6050\u6016\u5c0f\u8bf4\u3002", "tts_mp3": "http://res-tts.iciba.com/tts_dj/9/3/1/931f9787d955cf7769d414c99817e077.mp3", "tts_size": "21K"}]}, {"posp": "ADJ", "tran": "\uff08\u5370\u5237\u6216\u4e66\u5199\u6587\u5b57\uff09\u54e5\u7279\u4f53\u7684\uff0c\u82b1\u4f53\u7684\uff0c\u5fb7\u6587\u8001\u5f0f\u5b57\u4f53\u7684", "def": "Gothic is used to describe a style of printing or writing in which the letters are very decorative. German books and signs were often written in Gothic script.", "example": []}], "collins_star": "1", "frequency_count": 6673024, "frequency_rank": 8282}