{"ph_en": "\u02ccd\u0292i: \u02c8pi:", "ph_am": "\u02ccd\u0292i'pi", "ph_en_mp3": "http://res.iciba.com/resource/amp3/oxford/0/fa/c0/fac0e60b7e53c0a1977b5eaca346e57d.mp3", "ph_am_mp3": "", "parts": [{"part": "abbr.", "means": ["Gaseous Polymerization \u6c14\u76f8\u805a\u5408\u6cd5", "Games Played \uff08\u6bd4\u8d5b\uff09 \u573a\u6b21", "general purpose\u901a\u7528\u7684", "general practitioner\u666e\u901a\u5f00\u4e1a\u533b\u751f"]}], "collins": [{"posp": "N-COUNT", "tran": "\u5168\u79d1\u533b\u751f\uff1b\u666e\u901a\u533b\u751f", "def": "A GP is a doctor who does not specialize in any particular area of medicine, but who has a medical practice in which he or she treats all types of illness. GP is an abbreviation for (\u7f29\u7565=) 'general practitioner'.", "example": [{"ex": "Her husband called their local GP.", "tran": "\u5979\u7684\u4e08\u592b\u6253\u7535\u8bdd\u53eb\u6765\u4e86\u5f53\u5730\u7684\u5168\u79d1\u533b\u751f\u3002", "tts_mp3": "http://res-tts.iciba.com/tts_dj/8/2/8/82809bd7cc72014292b6064e47923bc4.mp3", "tts_size": "11K"}]}], "collins_star": "3", "frequency_count": 10720137, "frequency_rank": 5862}