{"ph_en": "\u0261reil", "ph_am": "\u0261rel", "ph_en_mp3": "http://res.iciba.com/resource/amp3/0/0/0c/57/0c579369904780ba3ea770cdcb6c6c9a.mp3", "ph_am_mp3": "http://res.iciba.com/resource/amp3/1/0/c3/1d/c31d9121946c66a4be31950f016b3a49.mp3", "parts": [{"part": "n.", "means": ["\u676f", "\u5723\u676f", "\u5927\u76d8", "\u957f\u671f\u5411\u5f80\u7684\u4e8b\u7269"]}], "collins": [{"posp": "N-PROPER", "tran": "\uff08\u8036\u7a23\u5728\u6700\u540e\u7684\u665a\u9910\u4e0a\u6240\u7528\u7684\uff09\u5723\u676f", "def": "The Grail or the Holy Grail is the cup that was used by Jesus Christ at the Last Supper. In medieval times, many people tried to find the Grail without success.", "example": []}, {"posp": "N-SING", "tran": "\u6e34\u671b\u5f97\u5230\u7684\u4e1c\u897f\uff1b\u52aa\u529b\u8ffd\u6c42\u7684\u76ee\u6807", "def": "If you describe something as a grail or a holy grail, you mean that someone is trying very hard to obtain or achieve it.", "example": [{"ex": "The discovery is being hailed as The Holy Grail of astronomy.", "tran": "\u8fd9\u4e00\u53d1\u73b0\u5706\u4e86\u5929\u6587\u5b66\u754c\u7684\u4e00\u4e2a\u68a6\u60f3\u3002", "tts_mp3": "http://res-tts.iciba.com/tts_dj/8/b/3/8b341e53016581600bc85d9ba224874a.mp3", "tts_size": "18K"}]}], "collins_star": "1", "frequency_count": 1122474, "frequency_rank": 24595}