{"ph_en": "\u02cch\u00e6l\u0259\u028a\u02c8i:n", "ph_am": "\u02cch\u00e6lo\u02c8in", "ph_en_mp3": "http://res.iciba.com/resource/amp3/oxford/0/a8/bf/a8bf0658263615d1a3b1c428036940d5.mp3", "ph_am_mp3": "http://res.iciba.com/resource/amp3/1/0/a6/53/a6539c35ec07965956f1de7b3ec36971.mp3", "parts": [{"part": "n.", "means": ["\u4e07\u5723\u8282\u524d\u5915", "[\u7535\u5f71]\u4e07\u5723\u82829"]}], "collins": [{"posp": "N-UNCOUNT", "tran": "\u4e07\u5723\u8282\u524d\u5915\uff0810\u670831\u65e5\u665a\uff0c\u4f20\u8bf4\u6b64\u65f6\u53ef\u89c1\u9b3c\u5deb\u3002\u5f53\u665a\u513f\u7ae5\u5e38\u5316\u88c5\u6210\u9b3c\u5deb\u5c3d\u60c5\u73a9\u95f9\uff09", "def": "Halloween is the night of the 31st of October and is traditionally said to be the time when ghosts and witches can be seen. On Halloween, children often dress up as ghosts and witches.", "example": [{"ex": "He had insisted that she come up to Lawford for the Halloween party.", "tran": "\u4ed6\u6267\u610f\u8981\u5979\u6765\u52b3\u798f\u5fb7\u53c2\u52a0\u4e07\u5723\u8282\u805a\u4f1a\u3002", "tts_mp3": "http://res-tts.iciba.com/tts_dj/1/8/5/18517c71aed3cee8769027f99d51a9e4.mp3", "tts_size": "18K"}]}], "collins_star": "1", "frequency_count": 11123946, "frequency_rank": 5691}