{"ph_en": "\u02c8hi:bru:", "ph_am": "\u02c8hibru", "ph_en_mp3": "http://res.iciba.com/resource/amp3/oxford/0/d6/84/d684290aef608f46fa09fa0ecd54cfc4.mp3", "ph_am_mp3": "http://res.iciba.com/resource/amp3/1/0/c6/c1/c6c1f81a46666385fa7d85df7eaf8763.mp3", "parts": [{"part": "n.", "means": ["\u5e0c\u4f2f\u6765\u4eba\uff0c\u72b9\u592a\u4eba", "\u5e0c\u4f2f\u6765\u8bed"]}, {"part": "adj.", "means": ["\u5e0c\u4f2f\u6765\u4eba\u7684", "\u5e0c\u4f2f\u6765\u8bed\u7684"]}], "collins": [{"posp": "N-UNCOUNT", "tran": "\u5e0c\u4f2f\u6765\u8bed", "def": "Hebrew is a language that was spoken by Jews in former times. A modern form of Hebrew is spoken now in Israel.", "example": [{"ex": "He is a fluent speaker of Hebrew.", "tran": "\u4ed6\u8bf4\u4e00\u53e3\u6d41\u5229\u7684\u5e0c\u4f2f\u6765\u8bed\u3002", "tts_mp3": "http://res-tts.iciba.com/tts_dj/c/e/c/cec7e11e0afda3a319628712b7cb4f6a.mp3", "tts_size": "10K"}]}, {"posp": "N-COUNT", "tran": "\u5e0c\u4f2f\u6765\u4eba\uff08\u65e7\u65f6\u6307\u72b9\u592a\u4eba\uff09", "def": "In former times, a Hebrew was a Jewish person.", "example": [{"ex": "...the exodus of the Hebrews from Egypt.", "tran": "\u5e0c\u4f2f\u6765\u4eba\u51fa\u57c3\u53ca\u4e4b\u4e8b", "tts_mp3": "http://res-tts.iciba.com/tts_dj/a/2/8/a28af2db1374024a60120f1a283e8a60.mp3", "tts_size": "12K"}]}, {"posp": "ADJ", "tran": "\u5e0c\u4f2f\u6765\u8bed\u7684;\u5e0c\u4f2f\u6765\u4eba\u7684", "def": "Hebrew means belonging to or relating to the Hebrew language or people.", "example": [{"ex": "...the respected Hebrew newspaper Haaretz...", "tran": "\u53d7\u5230\u5c0a\u5d07\u7684\u5e0c\u4f2f\u6765\u8bed\u62a5\u7eb8\u300a\u56fd\u571f\u62a5\u300b", "tts_mp3": "http://res-tts.iciba.com/tts_dj/2/2/1/221d72d8316d4582b3b8dc5018ab6627.mp3", "tts_size": "12K"}, {"ex": "He sits puzzling over ancient Hebrew texts.", "tran": "\u4ed6\u5750\u5728\u90a3\u91cc\u5bf9\u7740\u53e4\u8001\u7684\u5e0c\u4f2f\u6765\u6587\u672c\u5927\u4f24\u8111\u7b4b\u3002", "tts_mp3": "http://res-tts.iciba.com/tts_dj/6/5/8/6580f92889168db534d4b44792de1a5d.mp3", "tts_size": "15K"}]}], "collins_star": "1", "frequency_count": 9126538, "frequency_rank": 6625}