{"ph_en": "", "ph_am": "", "ph_en_mp3": "", "ph_am_mp3": "", "parts": [{"part": "n.", "means": ["\uff08\u82f1\u8054\u90a6\u5404\u56fd\u4e92\u76f8\u6d3e\u9a7b\u7684\uff09\u9ad8\u7ea7\u4e13\u5458", "\uff08\u56fd\u9645\u7ec4\u7ec7\u7684\uff09\u9ad8\u7ea7\u4e13\u5458"]}], "collins": [{"posp": "N-COUNT", "tran": "\uff08\u82f1\u8054\u90a6\u5404\u56fd\u4e92\u76f8\u6d3e\u9a7b\u7684\uff09\u9ad8\u7ea7\u4e13\u5458", "def": "A High Commissioner is a senior representative who is sent by one Commonwealth country to live in another in order to work as an ambassador.", "example": []}, {"posp": "N-COUNT", "tran": "\uff08\u56fd\u9645\u7ec4\u7ec7\u7684\uff09\u9ad8\u7ea7\u4e13\u5458", "def": "A High Commissioner is the head of an international commission.", "example": [{"ex": "...the United Nations High Commissioner for Refugees.", "tran": "\u8054\u5408\u56fd\u96be\u6c11\u4e8b\u52a1\u9ad8\u7ea7\u4e13\u5458", "tts_mp3": "http://res-tts.iciba.com/tts_dj/d/c/7/dc77a48e347b602364dae13645945d2e.mp3", "tts_size": "15K"}]}], "collins_star": "1", "frequency_count": 0, "frequency_rank": 0}