{"ph_en": "\u02c8ha\u026an\u0259s", "ph_am": "\u02c8ha\u026an\u026as", "ph_en_mp3": "http://res.iciba.com/resource/amp3/oxford/0/65/9f/659fd37165d2c8f3815eb9deab7984ba.mp3", "ph_am_mp3": "http://res.iciba.com/resource/amp3/1/0/21/80/21807f7542a76a3a55eec6fd47571bc1.mp3", "parts": [{"part": "n.", "means": ["\uff08\u901a\u5e38\u4f5c Highness\uff09\u6bbf\u4e0b\uff0c\u9601\u4e0b\uff08\u7528\u4f5c\u5bf9\u7687\u5ba4\u6210\u5458\u7684\u5c0a\u79f0\uff09", "\u9ad8\uff0c\u9ad8\u5ea6", "\u9ad8\u4f4d\uff0c\u9ad8\u4ef7", "\u9ad8\u5c1a"]}], "collins": [{"posp": "N-VOC", "tran": "\u6bbf\u4e0b\uff08\u5bf9\u9664\u738b\u3001\u540e\u4ee5\u5916\u738b\u5ba4\u6210\u5458\u7684\u5c0a\u79f0\uff09", "def": "Expressions such as 'Your Highness' or 'His Highness' are used to address or refer to a member of the royal family other than a king or queen.", "example": [{"ex": "That would be best, Your Highness...", "tran": "\u90a3\u6837\u6700\u597d\u4e86\uff0c\u6bbf\u4e0b\u3002", "tts_mp3": "http://res-tts.iciba.com/tts_dj/4/9/6/4960cd7ea1caf71cd6930adc218822c1.mp3", "tts_size": "12K"}, {"ex": "Her Royal Highness the Duchess of Kent opened an art exhibition recently.", "tran": "\u80af\u7279\u516c\u7235\u592b\u4eba\u6bbf\u4e0b\u6700\u8fd1\u4e3a\u4e00\u4e2a\u827a\u672f\u5c55\u89c8\u63ed\u5e55\u3002", "tts_mp3": "http://res-tts.iciba.com/tts_dj/f/6/3/f63beaefa56ec3eaa22b4c39c5cfd39c.mp3", "tts_size": "22K"}]}], "collins_star": "1", "frequency_count": 460563, "frequency_rank": 41379}