{"ph_en": "", "ph_am": "", "ph_en_mp3": "http://res.iciba.com/resource/amp3/0/0/12/ac/12ac9a409c1e241b06ca1a08ad45fc82.mp3", "ph_am_mp3": "", "parts": [{"part": "n.", "means": ["\u7279\u6d3e\u4f7f\u8282\u7684\u804c\u4f4d\uff0c\u7279\u6d3e\u4f7f\u8282\u56e2"]}], "collins": [{"posp": "N-COUNT", "tran": "\u9ad8\u7ea7\u4e13\u5458\u516c\u7f72", "def": "A High Commission is the office where a High Commissioner and his or her staff work, or the group of officials who work there.", "example": []}], "collins_star": "1", "frequency_count": 0, "frequency_rank": 0}