{"ph_en": "\u02c8h\u026andu:", "ph_am": "\u02c8h\u026andu", "ph_en_mp3": "http://res.iciba.com/resource/amp3/oxford/0/97/98/97986aeced1587b5d1e450f033bbb7a8.mp3", "ph_am_mp3": "http://res.iciba.com/resource/amp3/1/0/ab/16/ab16f8fcd6af4ea5c9321eba5259dabc.mp3", "parts": [{"part": "n.", "means": ["\u5370\u5ea6\u4eba\uff0c\uff08\u5c24\u6307\u5370\u5ea6\u5317\u90e8\u7684\uff09\u5370\u5ea6\u65af\u5766\u4eba", "\u5370\u5ea6\u6559\u6559\u5f92"]}, {"part": "adj.", "means": ["\u5370\u5ea6\u4eba\u7684\uff0c\u5370\u5ea6\u65af\u5766\u4eba\u7684", "\u5370\u5ea6\u6559\u7684"]}], "collins": [{"posp": "N-COUNT", "tran": "\u5370\u5ea6\u6559\u5f92", "def": "A Hindu is a person who believes in Hinduism and follows its teachings.", "example": []}, {"posp": "ADJ", "tran": "\u5370\u5ea6\u6559\u7684", "def": "Hindu is used to describe things that belong or relate to Hinduism.", "example": [{"ex": "...a Hindu temple.", "tran": "\u5370\u5ea6\u6559\u5bfa\u5e99", "tts_mp3": "http://res-tts.iciba.com/tts_dj/9/4/c/94c75ac23b6ace1ebc68652e52577417.mp3", "tts_size": "6K"}]}], "collins_star": "2", "frequency_count": 6505867, "frequency_rank": 8444}