{"ph_en": "h\u026a\u02c8sp\u00e6n\u026ak", "ph_am": "h\u026a\u02c8sp\u00e6n\u026ak", "ph_en_mp3": "http://res.iciba.com/resource/amp3/oxford/0/9e/28/9e2894bd835e5645a6f2a2850de45898.mp3", "ph_am_mp3": "http://res.iciba.com/resource/amp3/1/0/da/40/da4043c4493638a5e9032533dfbe8eba.mp3", "parts": [{"part": "adj.", "means": ["\u897f\u73ed\u7259\u7684", "\u897f\u73ed\u7259\u548c\u8461\u8404\u7259\u7684", "\u897f\u73ed\u7259\u53ca\u5176\u4ed6\u8bf4\u897f\u73ed\u7259\u8bed\u56fd\u5bb6\u7684", "\u62c9\u4e01\u7f8e\u6d32\u7684"]}], "collins": [{"posp": "ADJ", "tran": "\u62c9\u7f8e\u88d4\u7f8e\u56fd\u7c4d\u7684", "def": "A Hispanic person is a citizen of the United States of America who originally came from Latin America, or whose family originally came from Latin America.", "example": [{"ex": "...a group of Hispanic doctors in Washington...", "tran": "\u534e\u76db\u987f\u7684\u4e00\u7fa4\u62c9\u7f8e\u88d4\u7f8e\u56fd\u7c4d\u533b\u751f", "tts_mp3": "http://res-tts.iciba.com/tts_dj/7/3/a/73aa823178bdcc8b797d594c90330f61.mp3", "tts_size": "14K"}, {"ex": "The former mayor of San Antonio is Hispanic.", "tran": "\u5723\u5b89\u4e1c\u5c3c\u5965\u5e02\u7684\u524d\u4efb\u5e02\u957f\u662f\u62c9\u7f8e\u88d4\u7f8e\u56fd\u4eba\u3002", "tts_mp3": "http://res-tts.iciba.com/tts_dj/3/5/1/351a760767e4450c45d2f49369b00577.mp3", "tts_size": "15K"}]}], "collins_star": "2", "frequency_count": 10379937, "frequency_rank": 6003}