{"ph_en": "\u02cce\u026at\u0283 a\u026a \u02c8vi:", "ph_am": "\u02cce\u026at\u0283a\u026a'vi", "ph_en_mp3": "http://res.iciba.com/resource/amp3/oxford/0/9d/62/9d62c6faa5b9e05dd78b6a529b3305f1.mp3", "ph_am_mp3": "", "parts": [{"part": "abbr.", "means": ["hiver (French=winter)\uff08\u6cd5\u8bed\uff09\u51ac\u5b63", "Human Immunodeficiency Virus\u827e\u6ecb\u75c5\u75c5\u6bd2"]}], "collins": [{"posp": "N-UNCOUNT", "tran": "\u4eba\u7c7b\u514d\u75ab\u7f3a\u9677\u75c5\u6bd2;\u827e\u6ecb\u75c5\u75c5\u6bd2", "def": "HIV is a virus which reduces people's resistance to illness and can cause AIDS. HIV is an abbreviation for (\u7f29\u7565=) 'hu-man immunodeficiency virus'.", "example": []}, {"posp": "PHRASE", "tran": "\u827e\u6ecb\u75c5\u75c5\u6bd2\u68c0\u6d4b\u5448\u9633\u6027\u7684/\u9634\u6027\u7684", "def": "If someone is HIV positive, they are infected with the HIV virus, and may develop AIDS. If someone is HIV negative, they are not infected with the virus.", "example": []}], "collins_star": "3", "frequency_count": 26575486, "frequency_rank": 2931}