{"ph_en": "\u02cce\u026at\u0283 em \u02c8es", "ph_am": "\u02cce\u026at\u0283em'es", "ph_en_mp3": "http://res.iciba.com/resource/amp3/oxford/0/2b/ae/2bae5bc823a79291ee8403b1c1d8fca7.mp3", "ph_am_mp3": "", "parts": [{"part": "abbr.", "means": ["\u82f1\u56fd\u653f\u5e9c\u516c\u52a1(Her/ His Majesty's Service)", "\u7687\u5bb6\u6d77\u519b\u8230\u8247(Her/ His Majesty's Ship)"]}], "collins": [{"posp": "N-IN-NAMES", "tran": "\u82f1\u56fd\u7687\u5bb6\u6d77\u519b\u8230\u8247\uff08\u7528\u4e8e\u8239\u540d\u524d\uff09", "def": "HMS is used before the names of ships in the British Royal Navy. HMS is an abbreviation for (\u7f29\u7565=) 'Her Majesty's Ship' or 'His Majesty's Ship'.", "example": [{"ex": "...launching HMS Warrior.", "tran": "\u82f1\u56fd\u7687\u5bb6\u6d77\u519b\u519b\u8230\u201c\u52c7\u58eb\u53f7\u201d\u4e0b\u6c34", "tts_mp3": "http://res-tts.iciba.com/tts_dj/8/9/b/89ba2125bc3c278a2b555345af2cff8c.mp3", "tts_size": "9K"}]}], "collins_star": "1", "frequency_count": 1711533, "frequency_rank": 19263}