{"ph_en": "\u02cch\u0252sp\u026a\u02c8t\u00e6l\u0259ti", "ph_am": "\u02cch\u0251sp\u026a\u02c8t\u00e6l\u0259ti", "ph_en_mp3": "http://res.iciba.com/resource/amp3/oxford/0/56/45/5645321a66aa336a704947c3d1ce4e06.mp3", "ph_am_mp3": "http://res.iciba.com/resource/amp3/1/0/6b/1a/6b1ac989904971cacd95b23b555decac.mp3", "parts": [{"part": "n.", "means": ["\u6bb7\u52e4\u597d\u5ba2", "\u62db\u5f85\uff0c\u6b3e\u5f85", "\uff08\u6c14\u5019\uff0c\u73af\u5883\u7b49\u7684\uff09\u5b9c\u4eba\uff0c\u9002\u5b9c"]}], "collins": [{"posp": "N-UNCOUNT", "tran": "\u6bb7\u52e4\u597d\u5ba2;\u70ed\u60c5\u53cb\u597d", "def": "Hospitality is friendly, welcoming behaviour towards guests or people you have just met.", "example": [{"ex": "Every visitor to Georgia is overwhelmed by the kindness, charm and hospitality of the people.", "tran": "\u6765\u5230\u4f50\u6cbb\u4e9a\u5dde\u7684\u6bcf\u4f4d\u6e38\u5ba2\u90fd\u88ab\u5f53\u5730\u4eba\u7684\u5584\u826f\u3001\u53ef\u7231\u548c\u70ed\u60c5\u597d\u5ba2\u6240\u6df1\u6df1\u6253\u52a8\u3002", "tts_mp3": "http://res-tts.iciba.com/tts_dj/4/2/8/42847becb464ddc50b16948f4cec24a5.mp3", "tts_size": "27K"}]}, {"posp": "N-UNCOUNT", "tran": "\uff08\u5927\u578b\u6d3b\u52a8\u4e2d\u516c\u53f8\u4e3a\u6765\u8bbf\u8005\u6216\u5ba2\u6237\u63d0\u4f9b\u7684\uff09\u62db\u5f85\u8336\u70b9\uff0c\u6b3e\u5f85", "def": "Hospitality is the food, drink, and other privileges which some companies provide for their visitors or clients at major sporting or other public events.", "example": [{"ex": "A few of us in the press were there, goggle-eyed at the lavish hospitality.", "tran": "\u6211\u4eec\u51e0\u4f4d\u8bb0\u8005\u5f53\u65f6\u5728\u90a3\u91cc\uff0c\u773c\u998b\u5730\u770b\u7740\u4e30\u76db\u7684\u8336\u70b9\u3002", "tts_mp3": "http://res-tts.iciba.com/tts_dj/e/d/4/ed4c7aedf32b56a0c06e40bb85df7fcb.mp3", "tts_size": "21K"}, {"ex": "...corporate hospitality tents.", "tran": "\u516c\u53f8\u63d0\u4f9b\u8336\u70b9\u7684\u5e10\u7bf7", "tts_mp3": "http://res-tts.iciba.com/tts_dj/3/8/d/38df45f50c616850ed9d12b10c6ef4d3.mp3", "tts_size": "10K"}]}], "collins_star": "1", "frequency_count": 10373383, "frequency_rank": 6007}