{"ph_en": "", "ph_am": "", "ph_en_mp3": "http://res.iciba.com/resource/amp3/0/0/16/13/1613f8dac921856fa0d71833a1bbc2ff.mp3", "ph_am_mp3": "", "parts": [{"part": "n.", "means": ["\u4f17\u8bae\u9662"]}], "collins": [{"posp": "N-PROPER", "tran": "\uff08\u7f8e\u56fd\u7b49\u56fd\u7684\uff09\u4f17\u8bae\u9662", "def": "The House of Representatives is the less powerful of the two parts of Congress in the United States, or the equivalent part of the system of government in some other countries.", "example": [{"ex": "The House of Representatives approved a new budget plan.", "tran": "\u4f17\u8bae\u9662\u6279\u51c6\u4e86\u4e00\u9879\u6700\u65b0\u9884\u7b97\u6848\u3002", "tts_mp3": "http://res-tts.iciba.com/tts_dj/0/e/a/0ea5cbe563efc2e59f0041fb8da3186d.mp3", "tts_size": "16K"}]}], "collins_star": "1", "frequency_count": 0, "frequency_rank": 0}