{"ph_en": "\u02cce\u026at\u0283 \u02c8kju:", "ph_am": "\u02cce\u026at\u0283'kju", "ph_en_mp3": "http://res.iciba.com/resource/amp3/oxford/0/3a/da/3ada1a26e97128598b9ae1d9bc3ac434.mp3", "ph_am_mp3": "", "parts": [{"part": "abbr.", "means": ["(=headquarters)\u603b\u90e8\uff0c\u53f8\u4ee4\u90e8"]}], "collins": [{"posp": "N-VAR", "tran": "", "def": "HQ is an abbreviation for (\u7f29\u7565=) headquarters .", "example": [{"ex": "...the European Commission's luxurious HQ.", "tran": "\u5962\u534e\u7684\u6b27\u76df\u59d4\u5458\u4f1a\u603b\u90e8", "tts_mp3": "http://res-tts.iciba.com/tts_dj/5/f/b/5fb657cb99466400772915230da18f61.mp3", "tts_size": "14K"}]}], "collins_star": "1", "frequency_count": 5840680, "frequency_rank": 9090}