{"ph_en": "\u02cce\u026at\u0283 \u0251: \u02c8ti:", "ph_am": "\u0251r", "ph_en_mp3": "", "ph_am_mp3": "", "parts": [{"part": "abbr.", "means": ["High Resolution Timer \u9ad8\u5206\u8fa8\u529b\u5b9a\u65f6\u5668"]}], "collins": [{"posp": "N-UNCOUNT", "tran": "\u6fc0\u7d20\u66ff\u4ee3\u6cbb\u7597", "def": "HRT is given to women and involves taking the hormone oestrogen, usually in order to control the symptoms of the menopause. HRT is an abbreviation for (\u7f29\u7565=) 'hormone replacement therapy'.", "example": []}], "collins_star": "1", "frequency_count": 823402, "frequency_rank": 29445}