{"ph_en": "a\u026a", "ph_am": "a\u026a", "ph_en_mp3": "http://res.iciba.com/resource/amp3/oxford/0/c1/f2/c1f2dfadeabe9802efcffcb554b217f5.mp3", "ph_am_mp3": "http://res.iciba.com/resource/amp3/1/0/dd/75/dd7536794b63bf90eccfd37f9b147d7f.mp3", "parts": [{"part": "pron.", "means": ["\u6211", "\u4e2a\u4eba", "\u5229\u5df1\u4e3b\u4e49\u8005"]}, {"part": "n.", "means": ["\u7898\u5143\u7d20", "\u82f1\u8bed\u5b57\u6bcd\u8868\u4e2d\u7b2c\u4e5d\u4e2a\u5b57\u6bcd", "\u7f57\u9a6c\u6570\u5b571"]}], "collins": [{"posp": "PRON-SING", "tran": "(\u7b2c\u4e00\u4eba\u79f0\u5355\u6570\u4ee3\u8bcd\uff0c\u7528\u4f5c\u52a8\u8bcd\u7684\u4e3b\u8bed)\u6211", "def": "A speaker or writer uses I to refer to himself or herself. I is a first person singular pronoun. I is used as the subject of a verb.", "example": [{"ex": "Jim and I are getting married...", "tran": "\u6211\u548c\u5409\u59c6\u5c31\u8981\u7ed3\u5a5a\u4e86\u3002", "tts_mp3": "http://res-tts.iciba.com/tts_dj/6/1/e/61e39175ca938dcf4b3d5db55dbe8f00.mp3", "tts_size": "9K"}, {"ex": "She liked me, I think.", "tran": "\u6211\u89c9\u5f97\uff0c\u5979\u66fe\u559c\u6b22\u8fc7\u6211\u3002", "tts_mp3": "http://res-tts.iciba.com/tts_dj/8/8/2/88299e7067025f0a6e6f3d5db48469a9.mp3", "tts_size": "9K"}]}], "collins_star": "5", "frequency_count": 3086225277, "frequency_rank": 14}