{"ph_en": "\u02cca\u026a em \u02c8ef", "ph_am": "\u02cca\u026aem'ef", "ph_en_mp3": "http://res.iciba.com/resource/amp3/oxford/0/ae/db/aedb967ee56619695fc97a04a816d3b0.mp3", "ph_am_mp3": "", "parts": [{"part": "abbr.", "means": ["International Monetary Fund \uff08\u8054\u5408\u56fd\uff09\u56fd\u9645\u8d27\u5e01\u57fa\u91d1\u7ec4\u7ec7 [\u4ea6\u4f5c I.M.F.]"]}], "collins": [{"posp": "N-PROPER", "tran": "\u56fd\u9645\u8d27\u5e01\u57fa\u91d1\u7ec4\u7ec7", "def": "The IMF is an international agency which tries to promote trade and improve economic conditions in poorer countries, sometimes by lending them money. IMF is an abbreviation for (\u7f29\u7565=) 'International Monetary Fund'.", "example": []}], "collins_star": "3", "frequency_count": 3597605, "frequency_rank": 12369}