{"ph_en": "\u02c8ai\u0259ri\u0283\u02ccwum\u0259n", "ph_am": "\u02c8a\u026ar\u026a\u0283\u02ccw\u028am\u0259n", "ph_en_mp3": "http://res.iciba.com/resource/amp3/0/0/d8/e7/d8e7bab36c57faa8ccda05c66308246c.mp3", "ph_am_mp3": "http://res.iciba.com/resource/amp3/1/0/d8/e7/d8e7bab36c57faa8ccda05c66308246c.mp3", "parts": [{"part": "n.", "means": ["\u7231\u5c14\u5170\u5973\u4eba"]}], "collins": [{"posp": "N-COUNT", "tran": "\u7231\u5c14\u5170\u5973\u4eba;\u7231\u5c14\u5170\u5973\u540e\u88d4", "def": "An Irishwoman is a woman who is an Irish citizen or is of Irish origin.", "example": []}], "collins_star": "1", "frequency_count": 0, "frequency_rank": 0}