{"ph_en": "\u02c8ai\u0259ri\u0283m\u0259n", "ph_am": "\u02c8a\u026ar\u026a\u0283m\u0259n", "ph_en_mp3": "http://res.iciba.com/resource/amp3/0/0/bd/cf/bdcf20d401610b08e3db3503014f5d9e.mp3", "ph_am_mp3": "http://res.iciba.com/resource/amp3/1/0/f9/e4/f9e4a9757b659a1c353880df380fdcfd.mp3", "parts": [{"part": "n.", "means": ["\u7231\u5c14\u5170\u4eba"]}], "collins": [{"posp": "N-COUNT", "tran": "\u7231\u5c14\u5170\u4eba;\u7231\u5c14\u5170\u540e\u88d4", "def": "An Irishman is a man who is an Irish citizen or is of Irish origin.", "example": []}], "collins_star": "1", "frequency_count": 264589, "frequency_rank": 57152}