{"ph_en": "\u02cca\u026a ti: \u02c8vi:", "ph_am": "\u02cca\u026ati'vi", "ph_en_mp3": "http://res.iciba.com/resource/amp3/oxford/0/3a/b0/3ab09c724452bf94ac39d78cc5034d71.mp3", "ph_am_mp3": "", "parts": [{"part": "abbr.", "means": ["\u82f1\u3009(=Independent Television)\u72ec\u7acb\u7535\u89c6\u516c\u53f8", "(=industrial television)\u5de5\u4e1a\u7535\u89c6", "(=instructional television)\u6559\u5b66\u7535\u89c6"]}], "collins": [{"posp": "N-PROPER-COLL", "tran": "\u72ec\u7acb\u7535\u89c6\u516c\u53f8(\u82f1\u56fd\u7684\u4e00\u4e2a\u5546\u4e1a\u7535\u89c6\u96c6\u56e2)", "def": "ITV refers to the group of British commercial television companies that broadcasts programmes on one channel. ITV is an abbreviation for (\u7f29\u7565=) 'Independent Television'.", "example": [{"ex": "ITV has set its sights on winning a younger and more upmarket audience.", "tran": "\u72ec\u7acb\u7535\u89c6\u516c\u53f8\u5df2\u7740\u773c\u4e8e\u8d62\u5f97\u66f4\u5e74\u8f7b\u3001\u66f4\u9ad8\u7aef\u7684\u89c2\u4f17\u7fa4\u3002", "tts_mp3": "http://res-tts.iciba.com/tts_dj/a/5/a/a5a8568a7ca8ea131276ad523e11d5d2.mp3", "tts_size": "21K"}]}, {"posp": "N-PROPER", "tran": "(\u82f1\u56fd)\u72ec\u7acb\u7535\u89c6\u9891\u9053", "def": "ITV is the television channel that is run by ITV.", "example": [{"ex": "The first episode will be shown tomorrow at 10.40pm on ITV.", "tran": "\u7b2c\u4e00\u96c6\u5c06\u4e8e\u660e\u665a 10 \u70b9 40 \u5206\u5728\u72ec\u7acb\u7535\u89c6\u9891\u9053\u64ad\u51fa\u3002", "tts_mp3": "http://res-tts.iciba.com/tts_dj/9/6/6/966df89674d860707584350f5445df45.mp3", "tts_size": "24K"}, {"ex": "...ITV viewers.", "tran": "\u72ec\u7acb\u7535\u89c6\u9891\u9053\u7684\u89c2\u4f17", "tts_mp3": "http://res-tts.iciba.com/tts_dj/0/f/3/0f3315061f0297abf87f323bc8c5bfc7.mp3", "tts_size": "7K"}]}], "collins_star": "3", "frequency_count": 1281267, "frequency_rank": 22759}