{"ph_en": "", "ph_am": "", "ph_en_mp3": "", "ph_am_mp3": "", "parts": [{"part": "n.", "means": ["\u6770\u514b\uff08\u7537\u5b50\u540d\uff09", "[\u7535\u5f71]\u8d85\u7ea7\u63d2\u73ed\u751f"]}, {"part": "", "means": ["[\u4eba\u540d] [\u82cf\u683c\u5170\u4eba\u3001\u82f1\u683c\u5170\u4eba\u59d3\u6c0f] \u6770\u514b\u6765\u6e90\u4e8e\u53e4\u6cd5\u8bed\u6559\u540d\u53ca\u62c9\u4e01\u8bedJacobus\u7684\u6cd5\u8bed\u5f62\u5f0f", "[\u4eba\u540d] [\u82cf\u683c\u5170\u4eba\u3001\u82f1\u683c\u5170\u4eba\u59d3\u6c0f] \u6770\u514b John\u7684\u6635\u79f0\uff0c\u53ef\u80fd\u501f\u81ea\u4f4e\u5730\u5fb7\u8bed\u6216\u8377\u5170\u8bed\u7684\u6635\u79f0Jankin,Jackin,\u5373Jan+\u6635\u79f0\u540e\u7f00\ue011kin", "[\u7537\u5b50\u540d] \u6770\u514b John\u7684\u6635\u79f0"]}], "collins": [{"posp": "N-COUNT", "tran": "\u5343\u65a4\u9876\uff1b\u8d77\u91cd\u5668", "def": "A jack is a device for lifting a heavy object off the ground, for example a car.", "example": []}, {"posp": "N-COUNT", "tran": "\uff08\u7eb8\u724c\u4e2d\u7684\uff09J\u724c\uff0c\u6770\u514b", "def": "A jack is a playing card whose value is between a ten and a queen. A jack is usually represented by a picture of a young man.", "example": []}], "collins_star": "2", "frequency_count": 46728329, "frequency_rank": 1765}