{"ph_en": "k\u0259\u02c8r\u0251:n", "ph_am": "", "ph_en_mp3": "http://res.iciba.com/resource/amp3/oxford/0/4a/76/4a76f288489d9b6ba53dcb6f738310bb.mp3", "ph_am_mp3": "", "parts": [{"part": "n.", "means": ["\u300a\u53e4\u5170\u7ecf\u300b\uff08\u4f0a\u65af\u5170\u6559\uff09", "\u300a\u53ef\u5170\u7ecf\u300b"]}], "collins": [{"posp": "N-PROPER", "tran": "\u300a\u53e4\u5170\u7ecf\u300b\uff1b\u300a\u53ef\u5170\u7ecf\u300b", "def": "The Koran is the sacred book on which the religion of Islam is based.", "example": []}], "collins_star": "1", "frequency_count": 923696, "frequency_rank": 27499}