{"ph_en": "\u02c8kreml\u026an", "ph_am": "\u02c8kr\u025bml\u026an", "ph_en_mp3": "http://res.iciba.com/resource/amp3/0/0/85/2a/852a02e2e0abf2c1d1f78cb42b46bf59.mp3", "ph_am_mp3": "http://res.iciba.com/resource/amp3/1/0/ab/27/ab27d1664953995108c38200d0bc6625.mp3", "parts": [{"part": "n.", "means": ["\u514b\u91cc\u59c6\u6797\u5bab", "\u82cf\u8054\u653f\u5e9c", "\u4fc4\u56fd\u57ce\u5e02\u7684\u57ce\u5821"]}], "collins": [{"posp": "N-PROPER", "tran": "\u514b\u91cc\u59c6\u6797\u5bab\uff08\u4f4d\u4e8e\u83ab\u65af\u79d1\uff0c\u4e3a\u4fc4\u7f57\u65af\u653f\u5e9c\u5904\u7406\u516c\u52a1\u7684\u5730\u65b9\uff09", "def": "The Kremlin is the building in Moscow where Russian government business takes place.", "example": [{"ex": "...a two hour meeting in the Kremlin.", "tran": "\u5728\u514b\u91cc\u59c6\u6797\u5bab\u53ec\u5f00\u7684\u4e3a\u65f6\u4e24\u5c0f\u65f6\u7684\u4f1a\u8bae", "tts_mp3": "http://res-tts.iciba.com/tts_dj/b/4/d/b4d50576986d6f399b37362db01ffee9.mp3", "tts_size": "10K"}]}], "collins_star": "3", "frequency_count": 702296, "frequency_rank": 32350}