{"ph_en": "l\u00e6\u02c8ti:n\u0259\u028a", "ph_am": "l\u00e6\u02c8tino\u028a", "ph_en_mp3": "http://res.iciba.com/resource/amp3/1/0/0e/b0/0eb074dcc1bfd7761e1de6772d2baf14.mp3", "ph_am_mp3": "http://res.iciba.com/resource/amp3/1/0/0e/b0/0eb074dcc1bfd7761e1de6772d2baf14.mp3", "parts": [{"part": "n.", "means": ["\u62c9\u4e01\u7f8e\u6d32\u4eba", "\u5177\u6709\u62c9\u4e01\u8840\u7edf\u7684\u4eba"]}], "collins": [{"posp": "N-COUNT", "tran": "\u7f8e\u7c4d\u62c9\u7f8e\u79fb\u6c11\uff1b\u7f8e\u7c4d\u62c9\u7f8e\u540e\u88d4", "def": "A  Latino is a citizen of the United States who originally came from Latin America, or whose family originally came from Latin America.", "example": [{"ex": "He was a champion for Latinos and blacks within the educational system.", "tran": "\u4ed6\u4e00\u76f4\u81f4\u529b\u4e8e\u5728\u6559\u80b2\u7cfb\u7edf\u5185\u4e3a\u7f8e\u7c4d\u62c9\u7f8e\u4eba\u548c\u9ed1\u4eba\u4e89\u53d6\u6743\u76ca\u3002", "tts_mp3": "http://res-tts.iciba.com/tts_dj/f/6/7/f67548875b07c0bb6b84db75d3fbe71f.mp3", "tts_size": "21K"}, {"ex": "...the city's office of Latino Affairs.", "tran": "\u8be5\u5e02\u7684\u62c9\u7f8e\u65cf\u88d4\u4e8b\u52a1\u5c40", "tts_mp3": "http://res-tts.iciba.com/tts_dj/7/c/5/7c5ca045a9409dfbab22f8fb4c3cde4b.mp3", "tts_size": "12K"}]}, {"posp": "ADJ", "tran": "\u7f8e\u7c4d\u62c9\u7f8e\u4eba\u7684\uff1b\u7f8e\u7c4d\u62c9\u7f8e\u6587\u5316\u7684", "def": "Latino means belonging or relating to Latino people or their culture.", "example": [{"ex": "...an exhibition of artwork by local Latino artists.", "tran": "\u672c\u5730\u7f8e\u7c4d\u62c9\u7f8e\u827a\u672f\u5bb6\u4f5c\u54c1\u7684\u5c55\u89c8", "tts_mp3": "http://res-tts.iciba.com/tts_dj/c/b/0/cb0d83a863f322e26caa6a2141f08beb.mp3", "tts_size": "17K"}]}], "collins_star": "1", "frequency_count": 7827064, "frequency_rank": 7415}