{"ph_en": "\u02c8l\u00e6t\u026an", "ph_am": "\u02c8l\u00e6tn", "ph_en_mp3": "http://res.iciba.com/resource/amp3/0/0/f4/b4/f4b418eba9c0b3d4901880b743cbbaff.mp3", "ph_am_mp3": "http://res.iciba.com/resource/amp3/1/0/72/80/7280578e6a45fd916ed9431425289c9e.mp3", "parts": [{"part": "n.", "means": ["\u62c9\u4e01\u6587", "\u62c9\u4e01\u8bed\uff0c\u62c9\u4e01\u6587\u5b66", "\u62c9\u4e01\u7f8e\u6d32\u4eba", "\u62c9\u4e01\u59c6\u4eba"]}, {"part": "adj.", "means": ["\u62c9\u4e01\u7684\uff0c\u62c9\u4e01\u8bed\u7684", "\u53e4\u7f57\u9a6c\u7684", "\u62c9\u4e01\u59c6\u7684", "\u62c9\u4e01\u7f8e\u6d32\u7684"]}], "collins": [{"posp": "N-UNCOUNT", "tran": "\u62c9\u4e01\u8bed", "def": "Latin is the language which the ancient Romans used to speak.", "example": []}, {"posp": "ADJ", "tran": "\uff08\u56fd\u5bb6\uff09\u64cd\u62c9\u4e01\u7cfb\u8bed\u8a00\u7684\uff1b\u62c9\u4e01\u8bed\u7cfb\u56fd\u5bb6\u7684", "def": "Latin countries are countries where Spanish, or perhaps Portuguese, Italian, or French, is spoken. You can also use Latin to refer to things and people that come from these countries.", "example": [{"ex": "Cuba was one of the least Catholic of the Latin countries...", "tran": "\u53e4\u5df4\u662f\u62c9\u4e01\u8bed\u7cfb\u56fd\u5bb6\u4e2d\u5929\u4e3b\u6559\u5316\u7a0b\u5ea6\u6700\u5c0f\u7684\u56fd\u5bb6\u4e4b\u4e00\u3002", "tts_mp3": "http://res-tts.iciba.com/tts_dj/f/4/a/f4af7f4677af9add164ce04470a1578b.mp3", "tts_size": "16K"}, {"ex": "The enthusiasm for Latin music is worldwide.", "tran": "\u5168\u7403\u6380\u8d77\u62c9\u4e01\u97f3\u4e50\u70ed\u6f6e\u3002", "tts_mp3": "http://res-tts.iciba.com/tts_dj/6/7/2/67217b04a4b9ab74be35912a62abe8f2.mp3", "tts_size": "15K"}]}, {"posp": "N-COUNT", "tran": "\u62c9\u4e01\u8bed\u7cfb\u56fd\u5bb6\u516c\u6c11", "def": "Latins are people who come from countries where Spanish, or perhaps Portuguese, Italian, or French, are spoken or whose families come from one of these countries.", "example": [{"ex": "They are role models for thousands of young Latins.", "tran": "\u4ed6\u4eec\u662f\u5343\u4e07\u62c9\u4e01\u9752\u5e74\u7684\u699c\u6837\u3002", "tts_mp3": "http://res-tts.iciba.com/tts_dj/5/b/3/5b30721d55d52cc3e9d940e45e396c38.mp3", "tts_size": "14K"}]}], "collins_star": "3", "frequency_count": 36548259, "frequency_rank": 2211}