{"ph_en": "\u02c8l\u00e6tn \u0259\u02c8mer\u026ak\u0259n", "ph_am": "'l\u00e6tin \u0259\u02c8m\u025br\u026ak\u0259n", "ph_en_mp3": "", "ph_am_mp3": "", "parts": [{"part": "adj.", "means": ["\u62c9\u4e01\u7f8e\u6d32\u7684\uff1b\u62c9\u4e01\u7f8e\u6d32\u4eba\uff08\u6216\u6587\u5316\uff09\u7684"]}, {"part": "n.", "means": ["\u62c9\u4e01\u7f8e\u6d32\u4eba"]}], "collins": [{"posp": "ADJ", "tran": "\u62c9\u4e01\u7f8e\u6d32\u7684\uff1b\u62c9\u4e01\u7f8e\u6d32\u4eba\uff08\u6216\u6587\u5316\uff09\u7684", "def": "Latin American means belonging or relating to the countries of South America, Central America, and Mexico. Latin American also means belonging or relating to the people of culture of these countries.", "example": [{"ex": "Leaders of eight Latin American countries are meeting in Caracas, Venezuela, today.", "tran": "\u62c9\u7f8e8\u4e2a\u56fd\u5bb6\u7684\u9886\u5bfc\u4eba\u4eca\u5929\u5728\u59d4\u5185\u745e\u62c9\u7684\u52a0\u62c9\u52a0\u65af\u4f1a\u6664\u3002", "tts_mp3": "http://res-tts.iciba.com/tts_dj/8/1/6/8160ac21377886b9afc3a8faf142c5d8.mp3", "tts_size": "29K"}, {"ex": "...Latin American art.", "tran": "\u62c9\u7f8e\u827a\u672f", "tts_mp3": "http://res-tts.iciba.com/tts_dj/3/6/5/365dbc3e0d5d43a7b5e5481a3155c49d.mp3", "tts_size": "7K"}]}, {"posp": "N-COUNT", "tran": "\u62c9\u4e01\u7f8e\u6d32\u4eba", "def": "A Latin American is someone who lives in or comes from South America, Central America, or Mexico.", "example": []}], "collins_star": "2", "frequency_count": 0, "frequency_rank": 0}