{"ph_en": "\u02ccel si: \u02c8di:", "ph_am": "\u02ccelsi'di", "ph_en_mp3": "http://res.iciba.com/resource/amp3/oxford/0/4f/f5/4ff535442d77bdb93f5588fe47c91de4.mp3", "ph_am_mp3": "", "parts": [{"part": "abbr.", "means": ["\u6db2\u6676\u663e\u793a\u5c4f\uff0c\u6db2\u6676\u663e\u793a\u5668(Liquid Crystal Display)"]}], "collins": [{"posp": "N-COUNT", "tran": "\u6db2\u6676\u663e\u793a", "def": "An LCD is a display of information on a screen, which uses liquid crystals that become visible when electricity is passed through them. LCD is an abbreviation for (\u7f29\u7565=) 'liquid crystal display'.", "example": []}], "collins_star": "1", "frequency_count": 34879794, "frequency_rank": 2306}