{"ph_en": "\u02c8li:\u0259\u028a", "ph_am": "\u02c8lio\u028a", "ph_en_mp3": "", "ph_am_mp3": "http://res.iciba.com/resource/amp3/1/0/55/0e/550eadb88a230018bf043d1b6ad15863.mp3", "parts": [{"part": "n.", "means": ["\u72ee\u5b50\uff08\u7528\u4e8e\u513f\u7ae5\u6545\u4e8b\u5bd3\u8a00\u7b49\uff09\uff0c\uff08\u5929\u6587\uff09\u72ee\u5b50\u5ea7", "[\u7535\u5f71]\u7070\u767d\u5c81\u6708"]}], "collins": [{"posp": "N-UNCOUNT", "tran": "\u72ee\u5b50\u5bab\uff0c\u72ee\u5b50\u5ea7\uff08\u9ec4\u9053\u5341\u4e8c\u5bab\u4e4b\u4e00\u3002\u51fa\u751f\u4e8e7\u670823\u65e5\u81f38\u670822\u65e5\u4e4b\u95f4\u7684\u4eba\u5c5e\u6b64\u661f\u5ea7\uff09", "def": "Leo is one of the twelve signs of the zodiac. Its symbol is a lion. People who are born approximately between the 23rd of July and the 22nd of August come under this sign.", "example": []}, {"posp": "N-COUNT", "tran": "\u51fa\u751f\u4e8e\u72ee\u5b50\u5bab\u65f6\u6bb5\u7684\u4eba", "def": "A Leo is a person whose sign of the zodiac is Leo.", "example": []}], "collins_star": "2", "frequency_count": 7999564, "frequency_rank": 7306}