{"ph_en": "", "ph_am": "", "ph_en_mp3": "", "ph_am_mp3": "", "parts": [{"part": "n.", "means": ["\u81ea\u7531\u515a"]}], "collins": [{"posp": "N-PROPER", "tran": "\uff08\u82f1\u56fd\u6216\u5176\u4ed6\u56fd\u5bb6\u7684\uff09\u81ea\u7531\u515a", "def": "In Britain, the Liberal Party was a political party which believed in limited controls on industry, the providing of welfare services, and more local government and individual freedom. Liberal Party is also used to refer to similar parties in some other countries.", "example": []}], "collins_star": "1", "frequency_count": 0, "frequency_rank": 0}