{"ph_en": "\u02c8li:br\u0259", "ph_am": "\u02c8libr\u0259", "ph_en_mp3": "http://res.iciba.com/resource/amp3/oxford/0/69/75/6975c6eb9308c4519412a44ce1ac075a.mp3", "ph_am_mp3": "http://res.iciba.com/resource/amp3/1/0/4d/e4/4de447a391e32baeb5a52c55aa14467b.mp3", "parts": [{"part": "n.", "means": ["\u5929\u79e4\u5ea7", "\u78c5\uff08\u91cd\u91cf\u5355\u4f4d\uff09", "\u9551", "\u51fa\u751f\u4e8e\u5929\u79e4\u5bab\u65f6\u6bb5\u7684\u4eba"]}], "collins": [{"posp": "N-UNCOUNT", "tran": "\u5929\u79e4\u5bab\uff0c\u5929\u79e4\u5ea7\uff08\u9ec4\u9053\u5341\u4e8c\u5bab\u4e4b\u4e00\u3002\u51fa\u751f\u4e8e9\u670823\u65e5\u81f310\u670822\u65e5\u4e4b\u95f4\u7684\u4eba\u5c5e\u6b64\u661f\u5ea7\uff09", "def": "Libra is one of the twelve signs of the zodiac. Its symbol is a pair of scales. People who are born approximately between the 23rd of September and the 22nd of October come under this sign.", "example": []}, {"posp": "N-COUNT", "tran": "\u51fa\u751f\u4e8e\u5929\u79e4\u5bab\u65f6\u6bb5\u7684\u4eba", "def": "A Libra is a person whose sign of the zodiac is Libra.", "example": []}], "collins_star": "2", "frequency_count": 1165757, "frequency_rank": 24052}