{"ph_en": "\u02c8l\u0254:d\u02cc\u0283\u026ap", "ph_am": "\u02c8l\u0254rd\u02cc\u0283\u026ap", "ph_en_mp3": "http://res.iciba.com/resource/amp3/0/0/06/14/06144a5c559a3abcb993cd2fadc73e05.mp3", "ph_am_mp3": "http://res.iciba.com/resource/amp3/1/0/2f/29/2f293e98403a610fe5a1cf637a5d6fe7.mp3", "parts": [{"part": "n.", "means": ["\u9601\u4e0b", "\u8d35\u65cf\u8eab\u5206\uff08\u6216\u6743\u5a01\uff09", "\u7edf\u6cbb"]}], "collins": [{"posp": "N-VOC; N-PROPER", "tran": "\uff08\u5bf9\u6cd5\u5b98\u3001\u4e3b\u6559\u548c\u7537\u6027\u8d35\u65cf\u7684\u5c0a\u79f0\uff09\u9601\u4e0b\uff0c\u5927\u4eba", "def": "You use the expressions Your Lordship ,His Lordship, or Their Lordships when you are addressing or referring to a judge, bishop, or male member of the nobility.", "example": [{"ex": "My name is Richard Savage, your Lordship...", "tran": "\u5c0a\u656c\u7684\u9601\u4e0b\uff0c\u6211\u53eb\u7406\u67e5\u5fb7\u00b7\u8428\u7ef4\u5947\u3002", "tts_mp3": "http://res-tts.iciba.com/tts_dj/b/4/9/b4987541e201e5362f466a1aad20712a.mp3", "tts_size": "14K"}, {"ex": "His Lordship expressed the hope that the Law Commission might look at the subject.", "tran": "\u5927\u4eba\u8868\u8fbe\u4e86\u4ed6\u7684\u613f\u671b\uff0c\u5e0c\u671b\u6cd5\u5f8b\u59d4\u5458\u4f1a\u7814\u7a76\u4e00\u4e0b\u8fd9\u4e00\u95ee\u9898\u3002", "tts_mp3": "http://res-tts.iciba.com/tts_dj/5/7/d/57d364975351a54ba5741f6fae0cc8c1.mp3", "tts_size": "21K"}]}], "collins_star": "1", "frequency_count": 424861, "frequency_rank": 43339}