{"ph_en": "\u02ccel \u02c8pi:", "ph_am": "\u02ccel'pi", "ph_en_mp3": "http://res.iciba.com/resource/amp3/oxford/0/1e/b4/1eb4d15e86387fd33b9633f170675334.mp3", "ph_am_mp3": "", "parts": [{"part": "abbr.", "means": ["low pressure \u4f4e\u6c14\u538b", "long primeer \u5341\u70b9\u94c5\u5b57", "long playing \u5bc6\u7eb9\u5531\u7247", "Labour Party <\u82f1>\u5de5\u515a"]}], "collins": [{"posp": "N-COUNT", "tran": "\uff08\u6bcf\u9762\u901a\u5e38\u64ad\u653e\u7ea625\u5206\u949f\u7684\uff09\u5bc6\u7eb9\u5531\u7247\uff0cLP\u5531\u7247", "def": "An LP is a record which usually has about 25 minutes of music or speech on each side. LP is an abbreviation for (\u7f29\u7565=)'long-playing record'.", "example": [{"ex": "...his first LP since 1986.", "tran": "\u4ed6\u81ea1986\u5e74\u4ee5\u6765\u7684\u9996\u5f20\u5927\u789f", "tts_mp3": "http://res-tts.iciba.com/tts_dj/b/b/1/bb1194768a779e04825ac72cff055d8a.mp3", "tts_size": "14K"}]}], "collins_star": "2", "frequency_count": 18590726, "frequency_rank": 3888}