{"ph_en": "\u02ccel es \u02c8di:", "ph_am": "\u02cceles'di", "ph_en_mp3": "http://res.iciba.com/resource/amp3/oxford/0/80/5d/805de22a3048f8785c52053467e399ad.mp3", "ph_am_mp3": "", "parts": [{"part": "abbr.", "means": ["Lysergic acid diethylamide \u8ff7\u5e7b\u836f\uff08\u6447\u5934\u4e38\uff09"]}], "collins": [{"posp": "N-UNCOUNT", "tran": "\u4e8c\u4e59\u57fa\u9ea6\u89d2\u9170\u80fa\uff08\u4e00\u79cd\u81f4\u5e7b\u836f\u7269\uff09", "def": "LSD is a very powerful illegal drug which makes the user see things that only exist in their mind.", "example": []}], "collins_star": "1", "frequency_count": 1284458, "frequency_rank": 22718}