{"ph_en": "", "ph_am": "", "ph_en_mp3": "", "ph_am_mp3": "", "parts": [{"part": "abbr.", "means": ["Lithuania \u7acb\u9676\u5b9b", "letter telegram \u4e66\u4fe1\u7535\u62a5", "LT\u662f\u7f8e\u519b\u7684\u9646\u519b\u4e2d\u5c09\u548c\u6d77\u519b\u4e0a\u5c09\u7684\u7f29\u5199\uff0cLieutenant\u7b80\u79f0LT", "\u6dcb\u5df4\u6bd2\u7d20"]}], "collins": [{"posp": "", "tran": "", "def": "Lt is a written abbreviation for (\u4e66\u9762\u7f29\u7565=) lieutenant .", "example": [{"ex": "He was replaced by Lt Frank Fraser.", "tran": "\u4ed6\u88ab\u5f17\u5170\u514b\u00b7\u5f17\u96f7\u6cfd\u4e2d\u5c09\u9876\u66ff\u3002", "tts_mp3": "http://res-tts.iciba.com/tts_dj/a/c/c/acc9dd7c9d3e07aa1c85e9b973274ea7.mp3", "tts_size": "13K"}]}], "collins_star": "1", "frequency_count": 9532069, "frequency_rank": 6392}