{"ph_en": "", "ph_am": "", "ph_en_mp3": "", "ph_am_mp3": "", "parts": [{"part": "abbr.", "means": ["(=Limited)\u6709\u9650\u516c\u53f8", "\u6fc0\u5149\u76ee\u6807\u6307\u793a\u5668\uff08\u7b49\u4e8eLaser Target Designator\uff09", "\u957f\u671f\u6b8b\u5e9f"]}, {"part": "adj.", "means": ["\u6709\u9650\u7684"]}], "collins": [{"posp": "", "tran": "\uff08\u7528\u4e8e\u516c\u53f8\u540d\u540e\uff09", "def": "Ltd is a written abbreviation for (\u4e66\u9762\u7f29\u7565=) limited when it is used after the name of a company.", "example": []}], "collins_star": "3", "frequency_count": 65747979, "frequency_rank": 1227}