{"ph_en": "\u02c8la\u026akr\u0259", "ph_am": "'la\u026akr\u0259", "ph_en_mp3": "http://res.iciba.com/resource/amp3/oxford/0/86/60/8660458ca7b40d4ee2a64669a8fee741.mp3", "ph_am_mp3": "", "parts": [{"part": "n.", "means": ["\u82f1\u5a01\u8fbe\u6280\u672f\u6709\u9650\u516c\u53f8\u7684\u6ce8\u518c\u5546\u6807\uff0c\u4f7f\u7528\u4e8e\u7ea4\u7ef4\u3001\u7eba\u7ec7\u7269\u3001\u5e03\u6599\u4ee5\u53ca\u7531\u6b64\u7c7b\u6750\u6599\u6240\u5236\u9020\u7684\u4ea7\u54c1\u4e0a\u3002\u8be5\u5546\u68071958\u5e74\u7531\u675c\u90a6\u516c\u53f8\u521b\u9020\u5e76\u6295\u5165\u5546\u4e1a\u4f7f\u7528\u3002\u4ea6\u662f\u76ee\u524d\u7eba\u7ec7\u4e1a\u6700\u8457\u540d\u54c1\u724c\u4e4b\u4e00\u3002"]}], "collins": [{"posp": "N-UNCOUNT", "tran": "\u83b1\u5361\uff08\u7528\u4e8e\u7d27\u8eab\u8863\u548c\u6e38\u6cf3\u8863\u7b49\u7684\u5f3a\u529b\u5f39\u6027\u7ea4\u7ef4\uff09", "def": "Lycra is a type of stretchy fabric, similar to elastic, which is used to make tight-fitting garments such as tights and swimming costumes.", "example": []}], "collins_star": "1", "frequency_count": 1412522, "frequency_rank": 21497}