{"ph_en": "m\u0259'd\u0252n\u0259", "ph_am": "m\u0259\u02c8d\u0251n\u0259", "ph_en_mp3": "http://res.iciba.com/resource/amp3/0/0/6e/cc/6ecc0500d10ea0a41cba814ce259ef75.mp3", "ph_am_mp3": "http://res.iciba.com/resource/amp3/1/0/7d/c4/7dc4e2581480c301945a82e5b6df5b9e.mp3", "parts": [{"part": "n.", "means": ["\u5723\u6bcd\u739b\u5229\u4e9a", "\u5723\u6bcd\u50cf", "(m-)\u592b\u4eba", "\u592a\u592a", "[\u4eba\u540d]\u9ea6\u5f53\u5a1c"]}, {"part": "", "means": ["[\u4eba\u540d] \u9a6c\u591a\u5a1c"]}], "collins": [{"posp": "N-PROPER", "tran": "\u5723\u6bcd\u9a6c\u5229\u4e9a", "def": "Catholics and other Christians sometimes call Mary, the mother of Jesus Christ, the Madonna .", "example": []}], "collins_star": "1", "frequency_count": 10044163, "frequency_rank": 6144}