{"ph_en": "", "ph_am": "", "ph_en_mp3": "", "ph_am_mp3": "", "parts": [{"part": "abbr.", "means": ["\u4e3b\u8981\u7684", "majority\uff08\u5927\uff09\u591a\u6570"]}], "collins": [{"posp": "", "tran": "(\u4e66\u9762\u7f29\u7565 =) <b>Major</b> when it is used as a title. (\u7528\u4e8e\u5934\u8854\u4e2d)\u5c11\u6821", "def": "Maj is a written abbreviation for", "example": [{"ex": "...Maj D B Lee.", "tran": "D.B.\u674e\u5c11\u6821", "tts_mp3": "http://res-tts.iciba.com/tts_dj/6/8/c/68ce312db28f018edd6c4c337795ab32.mp3", "tts_size": "6K"}]}], "collins_star": "1", "frequency_count": 1221844, "frequency_rank": 23417}