{"ph_en": "m\u0259'le\u026a", "ph_am": "m\u0259'le\u026a", "ph_en_mp3": "http://res.iciba.com/resource/amp3/0/0/23/1c/231ce44f07541b685a0d895683abc0db.mp3", "ph_am_mp3": "http://res.iciba.com/resource/amp3/1/0/fc/17/fc179207920005b7dca85323ceacf5eb.mp3", "parts": [{"part": "n.", "means": ["\u9a6c\u6765\u4eba", "\u9a6c\u6765\u8bed"]}, {"part": "adj.", "means": ["\u9a6c\u6765\u4eba\u7684", "\u9a6c\u6765\u8bed\u7684", "\u9a6c\u6765\u897f\u4e9a\u7684"]}], "collins": [{"posp": "ADJ", "tran": "\u9a6c\u6765\u897f\u4e9a\u7684;\u9a6c\u6765\u4eba\u7684;\u9a6c\u6765\u8bed\u7684;\u9a6c\u6765\u6587\u5316\u7684", "def": "Malay means belonging or relating to the people, language, or culture of the largest racial group in Malaysia.", "example": [{"ex": "...the Malay community.", "tran": "\u9a6c\u6765\u4eba\u793e\u7fa4", "tts_mp3": "http://res-tts.iciba.com/tts_dj/2/f/9/2f945998cf11cc7fdb7b3dd117fbfc07.mp3", "tts_size": "7K"}]}, {"posp": "N-COUNT", "tran": "\u9a6c\u6765\u4eba", "def": "A Malay is a member of the largest racial group in Malaysia.", "example": [{"ex": "...the three main racial groups in Malaysia \u2014 the Malays, the Indians and the Chinese.", "tran": "\u9a6c\u6765\u897f\u4e9a\u7684\u4e09\u5927\u79cd\u65cf\u2014\u2014\u9a6c\u6765\u4eba\u3001\u5370\u5ea6\u4eba\u3001\u534e\u4eba", "tts_mp3": "http://res-tts.iciba.com/tts_dj/5/8/8/5881c1199ceaa173523060bc57ea9649.mp3", "tts_size": "24K"}]}, {"posp": "N-UNCOUNT", "tran": "\u9a6c\u6765\u8bed", "def": "Malay is a language that is spoken in Malaysia and in parts of Indonesia.", "example": []}], "collins_star": "1", "frequency_count": 1719249, "frequency_rank": 19194}