{"ph_en": "m\u00e6\u014bks", "ph_am": "m\u00e6\u014bks", "ph_en_mp3": "http://res.iciba.com/resource/amp3/oxford/0/56/c3/56c33c22793d50b57f0f64e4d97c58c7.mp3", "ph_am_mp3": "", "parts": [{"part": "adj.", "means": ["\u9a6c\u6069\u5c9b\u7684", "\u9a6c\u6069\u5c9b\u4eba\u7684"]}, {"part": "n.", "means": ["\u9a6c\u6069\u5c9b\u4eba", "\u9a6c\u6069\u5c9b\u8bed", "\u9a6c\u6069\u5c9b\u732b\uff08\u4e00\u79cd\u65e0\u5c3e\u5bb6\u732b\uff09"]}], "collins": [{"posp": "ADJ", "tran": "\u9a6c\u6069\u5c9b\u7684;\u9a6c\u6069\u5c9b\u4eba\u7684", "def": "Manx is used to describe people or things that belong to or concern the Isle of Man and the people who live there.", "example": []}], "collins_star": "1", "frequency_count": 469166, "frequency_rank": 40954}