{"ph_en": "\u02c8m\u0251:ks\u026az\u0259m", "ph_am": "\u02c8m\u0251rks\u026az\u0259m", "ph_en_mp3": "http://res.iciba.com/resource/amp3/oxford/0/8c/3b/8c3b7268b2cab60b0a751c6cd8dc2ffd.mp3", "ph_am_mp3": "http://res.iciba.com/resource/amp3/1/0/55/bc/55bcd22b3106f584271dbfd74bb64723.mp3", "parts": [{"part": "n.", "means": ["\u9a6c\u514b\u601d\u4e3b\u4e49"]}], "collins": [{"posp": "N-UNCOUNT", "tran": "\u9a6c\u514b\u601d\u4e3b\u4e49", "def": "Marxism is a political philosophy based on the writings of Karl Marx which explains changes in history as the result of a struggle between social classes.", "example": []}], "collins_star": "1", "frequency_count": 1505010, "frequency_rank": 20723}