{"ph_en": "'m\u0251:ks\u026ast", "ph_am": "'m\u0251ks\u026ast", "ph_en_mp3": "http://res.iciba.com/resource/amp3/0/0/02/ac/02ac7509c49ec26d742caa346bc6e749.mp3", "ph_am_mp3": "http://res.iciba.com/resource/amp3/1/0/02/ac/02ac7509c49ec26d742caa346bc6e749.mp3", "parts": [{"part": "n.", "means": ["\u9a6c\u514b\u601d\u4e3b\u4e49\u8005"]}, {"part": "adj.", "means": ["\u9a6c\u514b\u601d\u4e3b\u4e49\u7684"]}], "collins": [{"posp": "ADJ", "tran": "\u9a6c\u514b\u601d\u4e3b\u4e49\u7684\uff1b\u4e0e\u9a6c\u514b\u601d\u4e3b\u4e49\u6709\u5173\u7684", "def": "Marxist means based on Marxism or relating to Marxism.", "example": [{"ex": "...a Marxist state.", "tran": "\u4fe1\u5949\u9a6c\u514b\u601d\u4e3b\u4e49\u7684\u56fd\u5bb6", "tts_mp3": "http://res-tts.iciba.com/tts_dj/9/9/4/994aec2cbc27b89a6eb2ea7309cc391f.mp3", "tts_size": "6K"}, {"ex": "...Marxist ideology.", "tran": "\u9a6c\u514b\u601d\u4e3b\u4e49\u610f\u8bc6\u5f62\u6001", "tts_mp3": "http://res-tts.iciba.com/tts_dj/2/a/6/2a651956ef3f2808e08a785b133e9607.mp3", "tts_size": "8K"}]}, {"posp": "N-COUNT", "tran": "\u9a6c\u514b\u601d\u4e3b\u4e49\u8005;\u9a6c\u514b\u601d\u4e3b\u4e49\u653f\u515a\u6210\u5458", "def": "A Marxist is a person who believes in Marxism or who is a member of a Marxist party.", "example": []}], "collins_star": "2", "frequency_count": 1089060, "frequency_rank": 25024}