{"ph_en": "\u02c8me\u026ade\u026a", "ph_am": "\u02c8me\u02ccde", "ph_en_mp3": "http://res.iciba.com/resource/amp3/oxford/0/85/25/8525338355aa66a55896ef4cb1f8d222.mp3", "ph_am_mp3": "http://res.iciba.com/resource/amp3/1/0/65/40/6540d16d6f44130b992c2cecc8b1e5aa.mp3", "parts": [{"part": "n.", "means": ["\uff08\u98de\u673a\u6216\u8239\u53ea\u9047\u9669\u65f6\u53d1\u51fa\u7684\uff09\u65e0\u7ebf\u7535\u547c\u6551\u4fe1\u53f7", "\u4e94\u6708\u5929\uff08\u53f0\u6e7e\u97f3\u4e50\u7ec4\u5408\uff0c\u7531\u4e50\u961f\u56e2\u957f\u517c\u5409\u4ed6\u624b\u602a\u517d\u3001\u4e3b\u5531\u963f\u4fe1\u3001\u5409\u4ed6\u624b\u77f3\u5934\u3001\u8d1d\u65af\u739b\u838e\u548c\u9f13\u624b\u51a0\u4f51\u7ec4\u6210\uff0c\u524d\u8eab\u4e3a\u201cSo Band\u201d\u4e50\u56e2\uff0c\u57281997\u5e743\u670829\u65e5\u6539\u540d\u4e3a\u201c\u4e94\u6708\u5929\u201d\u3002\uff09"]}], "collins": [{"posp": "N-COUNT", "tran": "(\u98de\u673a\u6216\u8239\u53ea\u9047\u9669\u65f6\u53d1\u51fa\u7684)\u65e0\u7ebf\u7535\u547c\u6551\u4fe1\u53f7", "def": "If someone in a plane or ship sends out a Mayday or a Mayday message, they send out a radio message calling for help because they are in serious difficulty.", "example": [{"ex": "He raced to pick up the lifejackets while his stepmother sent out a Mayday call.", "tran": "\u4ed6\u7684\u7ee7\u6bcd\u53d1\u51fa\u65e0\u7ebf\u7535\u6c42\u6551\u4fe1\u53f7\u7684\u65f6\u5019\uff0c\u4ed6\u98de\u8dd1\u7740\u53bb\u62ff\u6551\u751f\u8863\u3002", "tts_mp3": "http://res-tts.iciba.com/tts_dj/3/d/b/3db2675f2a2b2e987ccb5bf806d52fe0.mp3", "tts_size": "23K"}]}, {"posp": "CONVENTION", "tran": "\uff08\u65e0\u7ebf\u7535\u6c42\u6551\u4fe1\u53f7\u4e2d\u7684\u6c42\u6551\u5185\u5bb9\uff09\u201c\u6c42\u6551\uff01\u6c42\u6551\uff01\u201d", "def": "'Mayday! Mayday!' is the phrase that is used in Mayday messages to indicate that help is needed.", "example": []}], "collins_star": "1", "frequency_count": 311257, "frequency_rank": 51986}