{"ph_en": "\u02ccem bi: \u02c8e\u026a", "ph_am": "\u02ccembi'e\u026a", "ph_en_mp3": "http://res.iciba.com/resource/amp3/oxford/0/81/9c/819c7e5f8b820390d73279c59c89abf5.mp3", "ph_am_mp3": "", "parts": [{"part": "abbr.", "means": ["\u5de5\u5546\u7ba1\u7406\u5b66\u7855\u58eb(Master of Business Administration)", "\u6d77\u6d0b\u751f\u7269\u534f\u4f1a(Marine Biological Association)", "multiple-beam antenna \u591a\u6ce2\u675f\u5929\u7ebf", "\u4e3b\u8981\u6218\u533a(Main Battle Area)"]}], "collins": [{"posp": "N-COUNT", "tran": "\u5de5\u5546\u7ba1\u7406\u7855\u58eb", "def": "An MBA is a master's degree in business administration. You can also refer to a person who has this degree as an MBA .MBA is an abbreviation for (\u7f29\u7565 =) 'Master of Business Administration'.", "example": []}, {"posp": "", "tran": "\u5de5\u5546\u7ba1\u7406\u7855\u58eb(\u7f6e\u4e8e\u4eba\u540d\u4e4b\u540e)", "def": "MBA is written after someone's name to indicate that they have an MBA.", "example": []}], "collins_star": "1", "frequency_count": 8542630, "frequency_rank": 6962}