{"ph_en": "\u02ccem \u02c8si:", "ph_am": "\u02ccem'si", "ph_en_mp3": "http://res.iciba.com/resource/amp3/oxford/0/c2/8c/c28c01da958331cb3c74c337c10bfac5.mp3", "ph_am_mp3": "", "parts": [{"part": "abbr.", "means": ["Master of Ceremonies \u8282\u76ee\u4e3b\u6301\u4eba", "member of Congress \u56fd\u4f1a\u8bae\u5458"]}], "collins": [{"posp": "N-COUNT; N-TITLE", "tran": "\u540c master of ceremonies", "def": "An MC is the same as a master of ceremonies .", "example": []}], "collins_star": "1", "frequency_count": 18760182, "frequency_rank": 3853}