{"ph_en": "\u02ccem \u02c8di:", "ph_am": "", "ph_en_mp3": "http://res.iciba.com/resource/amp3/oxford/0/8d/13/8d135e7d76521b8a0e19787e17fe04aa.mp3", "ph_am_mp3": "", "parts": [{"part": "abbr.", "means": ["minidisk\u8ff7\u4f60\u5149\u789f", "medical department\u533b\u52a1\u90e8", "muscular dystrophy\u808c\u8089\u840e\u7f29\u75c7", "Maryland\u7f8e\u56fd\u9a6c\u91cc\u5170\u5dde"]}], "collins": [{"posp": "", "tran": "\u533b\u5b66\u535a\u58eb", "def": "MD is written after someone's name to indicate that they have been awarded a degree in medicine and are qualified to practise as a doctor.", "example": []}, {"posp": "N-COUNT", "tran": "", "def": "MD is an abbreviation  for (\u7f29\u7565 =) managing director.", "example": [{"ex": "He's going to be the MD of the Park Lane company.", "tran": "\u4ed6\u5373\u5c06\u51fa\u4efb\u67cf\u5b81\u516c\u53f8\u7684\u603b\u7ecf\u7406\u3002", "tts_mp3": "http://res-tts.iciba.com/tts_dj/d/0/7/d07816d26ecf97e904cf51e5cfd73401.mp3", "tts_size": "14K"}]}], "collins_star": "1", "frequency_count": 56253287, "frequency_rank": 1464}