{"ph_en": "\u02ccmed\u026at\u0259\u02c8re\u026ani\u0259n", "ph_am": "\u02ccm\u025bd\u026at\u0259\u02c8reni\u0259n, -\u02c8renj\u0259n", "ph_en_mp3": "http://res.iciba.com/resource/amp3/oxford/0/4c/4e/4c4e15b084ef62dfe6f12a11822e4978.mp3", "ph_am_mp3": "http://res.iciba.com/resource/amp3/1/0/8c/7c/8c7c345ce2a67662e02244778dae2f59.mp3", "parts": [{"part": "adj.", "means": ["\u5730\u4e2d\u6d77\u7684", "\u5730\u4e2d\u6d77\u5730\u533a\u7684", "\u5730\u4e2d\u6d77\u5c45\u6c11\u7684"]}], "collins": [{"posp": "N-PROPER", "tran": "\u5730\u4e2d\u6d77", "def": "The  Mediterranean is the sea between southern Europe and North Africa.", "example": []}, {"posp": "N-PROPER", "tran": "\u5730\u4e2d\u6d77\u5730\u533a(\u6307\u6b27\u6d32\u5357\u90e8\u5730\u4e2d\u6d77\u9644\u8fd1\u5730\u533a)", "def": "The Mediterranean refers to the southern part of Europe, which is next to the Mediterranean Sea.", "example": [{"ex": "...one of the most dynamic and prosperous cities in the Mediterranean.", "tran": "\u5730\u4e2d\u6d77\u5730\u533a\u6700\u6709\u6d3b\u529b\u3001\u6700\u4e3a\u7e41\u8363\u7684\u57ce\u5e02\u4e4b\u4e00", "tts_mp3": "http://res-tts.iciba.com/tts_dj/1/1/d/11db98355343b9d1400a249a4d10d88e.mp3", "tts_size": "18K"}]}, {"posp": "ADJ", "tran": "\u5730\u4e2d\u6d77\u7684;\u5730\u4e2d\u6d77\u5730\u533a\u7684;\u5730\u4e2d\u6d77\u5c45\u6c11\u7684", "def": "Something that is Mediterranean is characteristic of or belongs to the people or region around the Mediterranean Sea.", "example": [{"ex": "...the classic Mediterranean diet.", "tran": "\u5730\u9053\u7684\u5730\u4e2d\u6d77\u996e\u98df", "tts_mp3": "http://res-tts.iciba.com/tts_dj/f/3/c/f3c60da0e6232f392b2fc72c49ece9fe.mp3", "tts_size": "11K"}]}], "collins_star": "2", "frequency_count": 6908392, "frequency_rank": 8081}