{"ph_en": "\u02ccem i: \u02c8pi:", "ph_am": "\u02ccemi'pi", "ph_en_mp3": "http://res.iciba.com/resource/amp3/oxford/0/1d/30/1d30dd2c00324e66af80a71da14cf5de.mp3", "ph_am_mp3": "", "parts": [{"part": "abbr.", "means": ["\u5e73\u5747\u6709\u6548\u538b\u529b(mean effective pressure)", "\u4fee\u6b63\u7684\u8868\u8fbe\u6a21\u5f0f(modified expression patterns)", "\u5de5\u7a0b\u5b9e\u8df5\u624b\u518c(Manuals of Engineering Practice)"]}], "collins": [{"posp": "N-COUNT", "tran": "\u6b27\u6d32\u8bae\u4f1a\u8bae\u5458", "def": "An MEP is a person who has been elected to the European Parliament. MEP is an abbreviation for (\u7f29\u7565 =) 'Member of the European Parliament'.", "example": []}], "collins_star": "1", "frequency_count": 833327, "frequency_rank": 29258}