{"ph_en": "\u02c8mes\u0259z", "ph_am": "\u02c8mes\u0259rz", "ph_en_mp3": "http://res.iciba.com/resource/amp3/oxford/0/93/32/9332e3f6abe8716155e2c47661a30090.mp3", "ph_am_mp3": "", "parts": [{"part": "n.", "means": ["<\u6cd5>(pl.)(=Messieurs)\u5404\u4f4d\uff08\u5148\u751f\uff09"]}], "collins": [{"posp": "N-TITLE", "tran": "(\u7528\u5728\u4e24\u4e2a\u6216\u591a\u4e2a\u4eba\u540d\u4e4b\u524d\uff0c\u4f5c\u4e3a\u516c\u53f8\u540d\u79f0\u7684\u4e00\u90e8\u5206)", "def": "Messrs is used before the names of two or more men as part of the name of a business.", "example": [{"ex": "The repairs were to be done by Messrs Clegg & Sons of Balham.", "tran": "\u4fee\u7406\u5de5\u4f5c\u5c06\u4ea4\u7ed9\u5df4\u5c14\u54c8\u59c6\u7684\u514b\u83b1\u683c\u7236\u5b50\u5efa\u7b51\u516c\u53f8\u5b8c\u6210\u3002", "tts_mp3": "http://res-tts.iciba.com/tts_dj/b/6/a/b6a195be8ddcd2d794f47c7a3169f497.mp3", "tts_size": "19K"}]}, {"posp": "N-TITLE", "tran": "(Mr\u7684\u590d\u6570\uff0c\u7528\u5728\u4e24\u4e2a\u6216\u591a\u4e2a\u4eba\u540d\u524d)", "def": "You use Messrs before the names of two or more men as the plural of Mr .", "example": [{"ex": "I cannot allow the remarks made by Messrs Fortt and Wyre to remain unchallenged.", "tran": "\u6211\u4e0d\u80fd\u5bb9\u8bb8\u65e0\u4eba\u8d28\u7591\u798f\u7279\u5148\u751f\u548c\u6000\u5384\u5148\u751f\u6240\u8bf4\u7684\u8bdd\u3002", "tts_mp3": "http://res-tts.iciba.com/tts_dj/6/9/7/697618b602ee7658dc8575db774a3974.mp3", "tts_size": "24K"}]}], "collins_star": "1", "frequency_count": 183269, "frequency_rank": 70479}