{"ph_en": "\u02c8me\u03b8\u0259d\u026ast", "ph_am": "\u02c8m\u025b\u03b8\u0259d\u026ast", "ph_en_mp3": "http://res.iciba.com/resource/amp3/oxford/0/58/01/5801618b259979671f21770350cb39fd.mp3", "ph_am_mp3": "http://res.iciba.com/resource/amp3/1/0/11/3c/113cd80a2be15b1920bdb26fc20fb45c.mp3", "parts": [{"part": "n.", "means": ["\u536b\u7406\u516c\u4f1a\u6559\u5f92", "\u65b9\u6cd5\u8bba\u8005"]}, {"part": "adj.", "means": ["\u536b\u7406\u516c\u4f1a\u6559\u6d3e\u7684"]}], "collins": [{"posp": "N-COUNT", "tran": "(\u57fa\u7763\u6559\u9075\u5faa\u7ea6\u7ff0\u00b7\u536b\u65af\u7406\u6559\u4e49\u7684)\u5faa\u9053\u5b97\u4fe1\u5f92,\u5faa\u9053\u516c\u4f1a\u6559\u5f92", "def": "Methodists are Christians who follow the teachings of John Wesley and who have their own branch of the Christian church and their own form of worship.", "example": []}], "collins_star": "1", "frequency_count": 4565081, "frequency_rank": 10682}