{"ph_en": "\u02c8m\u026adl\u0259ndz", "ph_am": "", "ph_en_mp3": "http://res.iciba.com/resource/amp3/oxford/0/95/21/9521d94504b39105962ab0361b4787ec.mp3", "ph_am_mp3": "http://res.iciba.com/resource/amp3/1/0/d4/d5/d4d5a7addbfcca1b9247d7ee4b098c74.mp3", "parts": [{"part": "n.", "means": ["\u82f1\u56fd\u4e2d\u90e8", "\u5185\u9646\u5730\u533a"]}], "collins": [{"posp": "N-PROPER-COLL", "tran": "(\u5c24\u6307\u82f1\u683c\u5170\u7684)\u4e2d\u90e8\u5730\u533a", "def": "The Midlands is the region or area in the central part of a country, in particular the central part of England.", "example": [{"ex": "...an engineering company in the Midlands.", "tran": "\u4e2d\u90e8\u5730\u533a\u7684\u4e00\u5bb6\u5de5\u7a0b\u516c\u53f8", "tts_mp3": "http://res-tts.iciba.com/tts_dj/e/1/9/e19fa685cd5b9f855247f880c3e14073.mp3", "tts_size": "12K"}]}], "collins_star": "2", "frequency_count": 7402328, "frequency_rank": 7707}