{"ph_en": "\u02ccm\u026ad\u02c8west", "ph_am": "\u02ccm\u026ad'west", "ph_en_mp3": "http://res.iciba.com/resource/amp3/oxford/0/91/00/9100a4c54c11276dbbb0670fe3eaa6bc.mp3", "ph_am_mp3": "http://res.iciba.com/resource/amp3/1/0/46/a2/46a2eba1433a3e274b8b0693f0cfae35.mp3", "parts": [{"part": "n.", "means": ["\u7f8e\u56fd\u4e2d\u897f\u90e8"]}], "collins": [{"posp": "N-PROPER", "tran": "\u7f8e\u56fd\u4e2d\u897f\u90e8", "def": "The Midwest is the region in the north of the central part of the United States.", "example": [{"ex": "...farmers in the Midwest.", "tran": "\u7f8e\u56fd\u4e2d\u897f\u90e8\u7684\u519c\u573a\u4e3b", "tts_mp3": "http://res-tts.iciba.com/tts_dj/2/0/e/20e5ef8da4d90f7f8e2d3f4576b86540.mp3", "tts_size": "8K"}, {"ex": "...the Midwest states.", "tran": "\u7f8e\u56fd\u4e2d\u897f\u90e8\u8bf8\u5dde", "tts_mp3": "http://res-tts.iciba.com/tts_dj/5/e/6/5e6e7ceca9431fece7eeaf4527841832.mp3", "tts_size": "6K"}]}], "collins_star": "1", "frequency_count": 7572172, "frequency_rank": 7581}