{"ph_en": "", "ph_am": "", "ph_en_mp3": "", "ph_am_mp3": "", "parts": [{"part": "abbr.", "means": ["make \u5236\u9020", "mark \u6807\u8bb0", "\uff08\u673a\u5668\u7684\uff09\u578b\u53f7", "mark (British equivalent of type)\u7b26\u53f7"]}], "collins": [{"posp": "", "tran": "(\u6307\u6c7d\u8f66\u6216\u673a\u5668\u7684\u578b\u53f7\u3001\u6b3e\u5f0f) \u2026\u578b\uff0c\u2026\u5f0f", "def": "Mk is a written abbreviation for(\u4e66\u9762\u7f29\u7565 =)mark .Mk is used to refer to a particular model or design of a car or machine.", "example": [{"ex": "...a 1974 white MG Midget Mk 3.", "tran": "\u4e00\u8f861974\u5e74\u51fa\u4ea7\u7684\u767d\u82723\u4ee3\u540d\u7235\u8ff7\u4f60\u8dd1\u8f66", "tts_mp3": "http://res-tts.iciba.com/tts_dj/e/1/e/e1e265070f1d5230c3724a436fb0329c.mp3", "tts_size": "16K"}]}], "collins_star": "1", "frequency_count": 4881231, "frequency_rank": 10220}