{"ph_en": "", "ph_am": "", "ph_en_mp3": "", "ph_am_mp3": "", "parts": [{"part": "abbr.", "means": ["Monday \u661f\u671f\u4e00", "Montana \u7f8e\u56fd\u8499\u5927\u62ff\u5dde\u5dde\u540d"]}], "collins": [{"posp": "", "tran": "", "def": "Mon. is a written abbreviation for(\u4e66\u9762\u7f29\u7565 =) Monday .", "example": [{"ex": "...Mon Oct 19.", "tran": "10\u670819\u65e5\u661f\u671f\u4e00", "tts_mp3": "http://res-tts.iciba.com/tts_dj/4/a/f/4af7bb4f106389500671daeddf4a8009.mp3", "tts_size": "8K"}]}], "collins_star": "2", "frequency_count": 0, "frequency_rank": 0}