{"ph_en": "m\u0252n\u02c8si:nj\u0259(r)", "ph_am": "m\u0251n\u02c8sinj\u0259", "ph_en_mp3": "http://res.iciba.com/resource/amp3/oxford/0/3a/54/3a5410849d67a8d692c3989953f2162e.mp3", "ph_am_mp3": "http://res.iciba.com/resource/amp3/1/0/8e/c2/8ec2aba526f2250e189a271c9873c3b7.mp3", "parts": [{"part": "n.", "means": ["\u9601\u4e0b", "\u5927\u4eba", "\u6709\u6b64\u8363\u8854\u795e\u804c\u8005"]}], "collins": [{"posp": "N-TITLE; N-COUNT", "tran": "(\u5bf9\u5929\u4e3b\u6559\u9ad8\u7ea7\u6559\u58eb\u7684\u79f0\u8c13)\u9601\u4e0b", "def": "Monsignor is the title of a priest of high rank in the Catholic Church.", "example": [{"ex": "Monsignor Jaime Goncalves was  also there...", "tran": "\u9ad8\u7ea7\u6559\u58eb\u70ed\u59c6\u00b7\u8d21\u8428\u5c14\u7ef4\u65af\u9601\u4e0b\u4e5f\u5728\u90a3\u91cc\u3002", "tts_mp3": "http://res-tts.iciba.com/tts_dj/1/5/d/15de65e64623b1032a69018534f2d9ae.mp3", "tts_size": "14K"}, {"ex": "The Monsignor gave him a slow, expressionless nod.", "tran": "\u6559\u58eb\u9601\u4e0b\u6beb\u65e0\u8868\u60c5\u5730\u671d\u4ed6\u6162\u6162\u70b9\u4e86\u4e0b\u5934\u3002", "tts_mp3": "http://res-tts.iciba.com/tts_dj/8/e/0/8e0d3d60379699df6e4772aaace2789b.mp3", "tts_size": "17K"}]}], "collins_star": "1", "frequency_count": 194124, "frequency_rank": 68267}