{"ph_en": "\u02c8m\u0254:m\u0259n", "ph_am": "\u02c8m\u0254rm\u0259n", "ph_en_mp3": "http://res.iciba.com/resource/amp3/0/0/6e/6a/6e6ae5d09b36f5386f1fb02668a7248a.mp3", "ph_am_mp3": "http://res.iciba.com/resource/amp3/1/0/65/62/6562e5b0987256a8fda56eef026f922f.mp3", "parts": [{"part": "n.", "means": ["\u6469\u95e8\u6559\u5f92", "\u4e00\u592b\u591a\u59bb\u4e3b\u4e49\u8005"]}, {"part": "adj.", "means": ["\u6469\u95e8\u6559\u5f92\u7684", "\u6469\u95e8\u6559\u7684"]}], "collins": [{"posp": "ADJ", "tran": "(\u7ea6\u745f\u592b\u00b7\u53f2\u5bc6\u65af\u5728\u7f8e\u56fd\u521b\u7acb\u7684)\u6469\u95e8\u6559\u7684", "def": "Mormon means relating to the religion started by Joseph Smith in the United States.", "example": [{"ex": "...the Mormon church.", "tran": "\u6469\u95e8\u6559\u6559\u4f1a", "tts_mp3": "http://res-tts.iciba.com/tts_dj/9/2/d/92d8b26a190313c2ca924316dfe81462.mp3", "tts_size": "6K"}, {"ex": "...a Mormon family.", "tran": "\u6469\u95e8\u6559\u5bb6\u5ead", "tts_mp3": "http://res-tts.iciba.com/tts_dj/4/5/d/45de04f1195d44194a4e2afdd681a69f.mp3", "tts_size": "6K"}]}], "collins_star": "1", "frequency_count": 1911630, "frequency_rank": 18010}