{"ph_en": "\u02ccem \u0259\u028a \u02c8ti:", "ph_am": "o\u028a", "ph_en_mp3": "", "ph_am_mp3": "", "parts": [{"part": "abbr.", "means": ["<\u82f1>\u4ea4\u901a\u8fd0\u8f93\u90e8(Ministry of Transport)"]}], "collins": [{"posp": "N-COUNT", "tran": "(\u5728\u82f1\u56fd\uff0c\u6839\u636e\u6cd5\u5f8b\u51e1\u8f66\u9f843\u5e74\u4ee5\u4e0a\u7684\u8f66\u8f86\u5fc5\u987b\u8fdb\u884c\u7684)\u5e74\u68c0\uff0c\u65e7\u8f66\u6027\u80fd\u68c0\u6d4b", "def": "In Britain, an MOT is a test which, by law, must be made each year on all road vehicles that are more than 3 years old, in order to check that they are safe to drive.", "example": [{"ex": "My car is due for its MOT in two days' time.", "tran": "\u6211\u7684\u8f66\u518d\u6709\u4e24\u5929\u5c31\u8be5\u5e74\u68c0\u4e86\u3002", "tts_mp3": "http://res-tts.iciba.com/tts_dj/3/2/0/32043786f9a5e52ac1d3ea4476245e4b.mp3", "tts_size": "14K"}]}], "collins_star": "1", "frequency_count": 2052874, "frequency_rank": 17265}