{"ph_en": "\u02ccem \u02c8pi:", "ph_am": "\u02ccem'pi", "ph_en_mp3": "http://res.iciba.com/resource/amp3/oxford/0/7f/c7/7fc73e2404ffd17a498f4377f24b7c5b.mp3", "ph_am_mp3": "", "parts": [{"part": "abbr.", "means": ["\u8bae\u5458(Member of Parliament)", "Mana Point/Magic Point \u9b54\u6cd5\u503c", "\u91cc\u7a0b\u6807(milepost)", "\u5baa\u5175(military police)"]}], "collins": [{"posp": "N-COUNT", "tran": "(\u82f1\u56fd)\u4e0b\u9662\u8bae\u5458", "def": "In Britain, an MP is a person who has been elected to represent the people from a particular area in the House of Commons. MP is an abbreviation for (\u7f29\u7565 =) 'Member of Parliament'.", "example": [{"ex": "...Colin Pickthall, MP for West Lancashire...", "tran": "\u897f\u5170\u5f00\u590f\u90e1\u7684\u4e0b\u9662\u8bae\u5458\u79d1\u6797\u00b7\u76ae\u514b\u7d22\u5c14", "tts_mp3": "http://res-tts.iciba.com/tts_dj/b/1/c/b1ca14b8004bcd6e76a1fb7577f28514.mp3", "tts_size": "15K"}, {"ex": "Several Conservative MPs have voted against the government.", "tran": "\u51e0\u4e2a\u4fdd\u5b88\u515a\u4e0b\u9662\u8bae\u5458\u7ed9\u653f\u5e9c\u6295\u4e86\u53cd\u5bf9\u7968\u3002", "tts_mp3": "http://res-tts.iciba.com/tts_dj/a/4/3/a4376f353e790888e4cadba20954b760.mp3", "tts_size": "17K"}]}, {"posp": "", "tran": "\uff08\u5199\u5728\u4eba\u540d\u540e\uff09\u2026\u4e0b\u9662\u8bae\u5458", "def": "MP is written after someone's name to indicate that they have been elected as an MP.", "example": [{"ex": "...Margaret Beckett MP.", "tran": "\u4e0b\u9662\u8bae\u5458\u739b\u683c\u4e3d\u7279\u00b7\u8d1d\u514b\u7279", "tts_mp3": "http://res-tts.iciba.com/tts_dj/9/8/6/986f1dd502dc8d17f9f94a19480412dd.mp3", "tts_size": "8K"}]}], "collins_star": "4", "frequency_count": 16074367, "frequency_rank": 4334}