{"ph_en": "\u02ccem es \u02c8si:", "ph_am": "", "ph_en_mp3": "http://res.iciba.com/resource/amp3/oxford/0/cf/cc/cfcce9ac5bc7cf19db36d20842b1b598.mp3", "ph_am_mp3": "", "parts": [{"part": "abbr.", "means": ["\u7406\u5b66\u7855\u58eb(Master of Science)"]}], "collins": [{"posp": "N-COUNT", "tran": "\u7406\u79d1\u7855\u58eb\u5b66\u4f4d", "def": "An MSc is a master's degree in a science subject. MSc is an abbreviation for (\u7f29\u7565 =) 'Master of Science'.", "example": []}, {"posp": "", "tran": "(\u5199\u5728\u4eba\u540d\u540e\u8868\u793a\u5df2\u83b7)\u7406\u79d1\u7855\u58eb\u5b66\u4f4d", "def": "MSc is written after someone's name to indicate that they have an MSc.", "example": [{"ex": "...A. A. Mattick BSc, MSc.", "tran": "\u7406\u79d1\u5b66\u58eb\u3001\u7855\u58eb\uff0cA. A. \u9a6c\u8482\u514b", "tts_mp3": "http://res-tts.iciba.com/tts_dj/1/2/6/1269fc77752c437550077787e61cb28c.mp3", "tts_size": "13K"}]}], "collins_star": "1", "frequency_count": 4079737, "frequency_rank": 11448}