{"ph_en": "", "ph_am": "", "ph_en_mp3": "", "ph_am_mp3": "", "parts": [{"part": "abbr.", "means": ["Magnetic Tape \u78c1\u5e26", "Manual Transmission \u624b\u52a8\u6321", "machine translation \u673a\u5668\u7ffb\u8bd1"]}], "collins": [{"posp": "", "tran": "", "def": "Mt is a written abbreviation for(\u4e66\u9762\u7f29\u7565 =) Mount or Mountain .", "example": [{"ex": "...Mt Kilimanjaro.", "tran": "\u4e5e\u529b\u9a6c\u624e\u7f57\u5c71", "tts_mp3": "http://res-tts.iciba.com/tts_dj/1/0/2/1027bdc6bfcecba6f7b62f637655a902.mp3", "tts_size": "7K"}, {"ex": "...the Rocky Mts.", "tran": "\u843d\u57fa\u5c71\u8109", "tts_mp3": "http://res-tts.iciba.com/tts_dj/6/7/2/672ac3e492cf84b0e8edbc690bdac9f4.mp3", "tts_size": "8K"}]}], "collins_star": "1", "frequency_count": 30286047, "frequency_rank": 2621}