{"ph_en": "\u02c8m\u028azl\u026am", "ph_am": "\u02c8m\u028czl\u0259m, \u02c8m\u028az-, \u02c8m\u028cs-, \u02c8m\u028as-", "ph_en_mp3": "http://res.iciba.com/resource/amp3/oxford/0/b0/04/b00487a597673d865924c1f2020eb728.mp3", "ph_am_mp3": "http://res.iciba.com/resource/amp3/1/0/96/62/9662e472fe6006a5b6f5af57236f27a9.mp3", "parts": [{"part": "n.", "means": ["\u7a46\u65af\u6797\uff0c\u4f0a\u65af\u5170\u6559\u4fe1\u5f92"]}, {"part": "adj.", "means": ["\u7a46\u65af\u6797\u7684\uff0c\u4f0a\u65af\u5170\u6559\u4fe1\u5f92\u7684"]}], "collins": [{"posp": "N-COUNT", "tran": "\u7a46\u65af\u6797;\u4f0a\u65af\u5170\u6559\u4fe1\u5f92", "def": "A Muslim is someone who believes in Islam and lives according to its rules.", "example": []}, {"posp": "ADJ", "tran": "\u7a46\u65af\u6797\u7684;\u4f0a\u65af\u5170\u6559\u7684", "def": "Muslim means relating to Islam or Muslims.", "example": [{"ex": "...Iran and other Muslim countries.", "tran": "\u4f0a\u6717\u548c\u5176\u4ed6\u4f0a\u65af\u5170\u56fd\u5bb6", "tts_mp3": "http://res-tts.iciba.com/tts_dj/3/2/b/32be292b62234796366da994158cc10d.mp3", "tts_size": "11K"}]}], "collins_star": "4", "frequency_count": 11451583, "frequency_rank": 5577}