{"ph_en": "\u02c8n\u00e6s\u0259", "ph_am": "'n\u00e6s\u0259", "ph_en_mp3": "http://res.iciba.com/resource/amp3/oxford/0/50/85/5085f969bb6248b7e8ea370b980a9083.mp3", "ph_am_mp3": "", "parts": [{"part": "abbr.", "means": ["National Aeronautics and Space Administration \u7f8e\u56fd\u56fd\u5bb6\u822a\u7a7a\u548c\u5b87\u5b99\u822a\u884c\u5c40"]}], "collins": [{"posp": "N-PROPER", "tran": "(\u7f8e\u56fd)\u56fd\u5bb6\u822a\u7a7a\u822a\u5929\u5c40", "def": "NASA is the American government organization concerned with spacecraft and space travel. NASA is an abbreviation for (\u7f29\u7565=) 'National Aeronautics and Space Administration'.", "example": []}], "collins_star": "2", "frequency_count": 19009670, "frequency_rank": 3820}