{"ph_en": "", "ph_am": "", "ph_en_mp3": "", "ph_am_mp3": "", "parts": [{"part": "n.", "means": ["\uff08\u82f1\u683c\u5170\u548c\u5a01\u5c14\u58eb5\u81f316\u5c81\u5b66\u751f\u7684\uff09\u5168\u56fd\u7edf\u4e00\u8bfe\u7a0b"]}], "collins": [{"posp": "N-PROPER", "tran": "(\u82f1\u683c\u5170\u548c\u5a01\u5c14\u58eb5\u81f316\u5c81\u5b66\u751f\u7684)\u5168\u56fd\u7edf\u4e00\u8bfe\u7a0b", "def": "The National Curriculum is the course of study that most school pupils in England and Wales are meant to follow between the ages of 5 and 16.", "example": []}], "collins_star": "2", "frequency_count": 0, "frequency_rank": 0}