{"ph_en": "", "ph_am": "", "ph_en_mp3": "", "ph_am_mp3": "", "parts": [{"part": "n.", "means": ["\u5317\u7f8e\u571f\u8457\u5c45\u6c11\uff1b\u5370\u7b2c\u5b89\u4eba"]}], "collins": [{"posp": "N-COUNT", "tran": "\u5317\u7f8e\u571f\u8457\u5c45\u6c11;\u5370\u7b2c\u5b89\u4eba", "def": "Native Americans are people from any of the many groups who were already living in North America before Europeans arrived.", "example": [{"ex": "The eagle is the animal most sacred to the Native Americans.", "tran": "\u5bf9\u5370\u7b2c\u5b89\u4eba\u6765\u8bf4\uff0c\u9e70\u662f\u6700\u795e\u5723\u7684\u52a8\u7269\u3002", "tts_mp3": "http://res-tts.iciba.com/tts_dj/4/1/1/4114323817f06777da0a7f9064e7f541.mp3", "tts_size": "17K"}]}], "collins_star": "1", "frequency_count": 0, "frequency_rank": 0}