{"ph_en": "'ne\u026at\u0259\u028a", "ph_am": "'ne\u026ato\u028a", "ph_en_mp3": "http://res.iciba.com/resource/amp3/oxford/0/19/73/19733179c1a54ff27bf26667a21e807d.mp3", "ph_am_mp3": "", "parts": [{"part": "abbr.", "means": ["the North Atlantic Treaty Organization\u5317\u5927\u897f\u6d0b\u516c\u7ea6\u7ec4\u7ec7"]}], "collins": [{"posp": "N-PROPER", "tran": "\u5317\u5927\u897f\u6d0b\u516c\u7ea6\u7ec4\u7ec7", "def": "NATO is an international organization which consists of the USA, Canada, Britain, and other European countries, all of whom have agreed to support one another if they are attacked. NATO is an abbreviation for (\u7f29\u7565=) 'North Atlantic Treaty Organization'.", "example": [{"ex": "NATO says it will keep a reduced number of modern nuclear weapons to guarantee peace.", "tran": "\u5317\u7ea6\u5ba3\u79f0\u5c06\u524a\u51cf\u73b0\u4ee3\u6838\u6b66\u5668\u7684\u6570\u91cf\u5e76\u5c06\u5176\u7ef4\u6301\u5728\u8fd9\u4e00\u6c34\u5e73\uff0c\u4ee5\u4fdd\u969c\u548c\u5e73\u3002", "tts_mp3": "http://res-tts.iciba.com/tts_dj/0/2/c/02cb415232555301f1b0d287bc5613d5.mp3", "tts_size": "24K"}]}], "collins_star": "3", "frequency_count": 5588698, "frequency_rank": 9376}