{"ph_en": "\u02c8n\u0251:tsi", "ph_am": "\u02c8n\u0251tsi, \u02c8n\u00e6t-", "ph_en_mp3": "http://res.iciba.com/resource/amp3/oxford/0/62/8d/628d37d7e5b04f022967cbea94ec04c4.mp3", "ph_am_mp3": "http://res.iciba.com/resource/amp3/1/0/6f/39/6f3931d35f0395df82b032b8019ac57d.mp3", "parts": [{"part": "n.", "means": ["\uff08\u5fb7\u56fd\u7684\uff09\u7eb3\u7cb9\u515a\u5458", "\u7eb3\u7cb9\u4e3b\u4e49", "\u7eb3\u7cb9\u4e3b\u4e49\u4fe1\u5f92"]}, {"part": "adj.", "means": ["\u7eb3\u7cb9\u515a\u7684", "\u7eb3\u7cb9\u4e3b\u4e49\u7684"]}], "collins": [{"posp": "N-COUNT", "tran": "\u7eb3\u7cb9\u5206\u5b50;\u6cd5\u897f\u65af\u5206\u5b50", "def": "The Nazis were members of the right-wing political party, led by Adolf Hitler, which held power in Germany from 1933 to 1945.", "example": []}, {"posp": "ADJ", "tran": "\u7eb3\u7cb9\u515a\u7684;\u7eb3\u7cb9(\u4e3b\u4e49)\u7684", "def": "You use Nazi to say that something relates to the Nazis.", "example": [{"ex": "...the rise of the Nazi Party.", "tran": "\u7eb3\u7cb9\u515a\u7684\u5174\u8d77", "tts_mp3": "http://res-tts.iciba.com/tts_dj/4/2/e/42ebb2d0b9863131d27fb3118ae6c1b8.mp3", "tts_size": "9K"}, {"ex": "...the Nazi occupation of the Channel Islands.", "tran": "\u7eb3\u7cb9\u5bf9\u6d77\u5ce1\u7fa4\u5c9b\u7684\u5360\u9886", "tts_mp3": "http://res-tts.iciba.com/tts_dj/f/1/a/f1a93059c8a656198bba6971b205c907.mp3", "tts_size": "14K"}]}], "collins_star": "3", "frequency_count": 4055501, "frequency_rank": 11487}