{"ph_en": "\u02c8n\u0251:tsiz\u0259m,\u02c8n\u00e6t-", "ph_am": "\u02c8n\u0251t\u02ccs\u026az\u0259m, \u02c8n\u00e6t-", "ph_en_mp3": "http://res.iciba.com/resource/amp3/1/0/7a/76/7a76f5a6e6aaff6f5d5a97bf78e89f92.mp3", "ph_am_mp3": "http://res.iciba.com/resource/amp3/1/0/97/15/9715fba4b0dfa028727a71c305dd8952.mp3", "parts": [{"part": "n.", "means": ["\u7eb3\u7cb9\u4e3b\u4e49"]}], "collins": [{"posp": "N-UNCOUNT", "tran": "\u7eb3\u7cb9\u4e3b\u4e49(\u6d3b\u52a8)", "def": "Nazism was the political ideas and activities of the German Nazi Party.", "example": []}], "collins_star": "1", "frequency_count": 337398, "frequency_rank": 49624}