{"ph_en": "\u02ccen'bi:", "ph_am": "\u02ccen'bi", "ph_en_mp3": "http://res.iciba.com/resource/amp3/oxford/0/06/bd/06bd696a2ffd16c0a6cfe868a4087fe1.mp3", "ph_am_mp3": "", "parts": [{"part": "abbr.", "means": ["Narrow-Band \u7a84\uff08\u9891\uff09\u5e26"]}], "collins": [{"posp": "", "tran": "\u6ce8\u610f\uff0c\u7559\u5fc3(\u7528\u4e8e\u63d0\u9192\u6ce8\u610f\u6240\u8bf4\u6216\u6240\u5199\u5185\u5bb9)", "def": "You write NB to draw someone's attention to what you are about to say or write.", "example": [{"ex": "NB The opinions stated in this essay do not necessarily represent those of the Church of God Missionary Society.", "tran": "\u8bf7\u6ce8\u610f:\u6587\u4e2d\u6240\u8ff0\u89c2\u70b9\u5e76\u4e0d\u4ee3\u8868\u4f20\u6559\u4f1a\u7684\u7acb\u573a\u3002", "tts_mp3": "http://res-tts.iciba.com/tts_dj/8/b/9/8b9ee23d2f6f5562c0850e3fb1beb613.mp3", "tts_size": "31K"}]}], "collins_star": "1", "frequency_count": 8563390, "frequency_rank": 6945}