{"ph_en": "\u02c8ni:gr\u0259\u028a", "ph_am": "\u02c8nigro\u028a", "ph_en_mp3": "http://res.iciba.com/resource/amp3/oxford/0/d8/a0/d8a0643c2d08a4898b28e7518136cd5f.mp3", "ph_am_mp3": "http://res.iciba.com/resource/amp3/1/0/66/0e/660e413be78188bf2aa293b75e86c3dd.mp3", "parts": [{"part": "n.", "means": ["\u9ed1\u79cd\u4eba\uff0c\u9ed1\u4eba"]}, {"part": "adj.", "means": ["\u9ed1\u4eba\u7684"]}], "collins": [{"posp": "N-COUNT", "tran": "\u9ed1\u4eba", "def": "A Negro is someone with dark skin who comes from Africa or whose ancestors came from Africa.", "example": []}], "collins_star": "1", "frequency_count": 2489080, "frequency_rank": 15402}