{"ph_en": "", "ph_am": "", "ph_en_mp3": "", "ph_am_mp3": "", "parts": [{"part": "", "means": ["\u5143\u65e6"]}], "collins": [{"posp": "N-UNCOUNT", "tran": "\u5143\u65e6(1\u67081\u65e5)", "def": "New Year's Day is the first day of the year. In Western countries this is the 1st of January.", "example": [{"ex": "On New Year's Day in 1974, I started keeping a journal.", "tran": "1974\u5e74\u5143\u65e6\u6211\u5f00\u59cb\u8bb0\u65e5\u8bb0\u3002", "tts_mp3": "http://res-tts.iciba.com/tts_dj/c/0/7/c07a8bfa41b2aa3bf867c09e8d1b6575.mp3", "tts_size": "21K"}]}], "collins_star": "1", "frequency_count": 0, "frequency_rank": 0}