{"ph_en": "", "ph_am": "", "ph_en_mp3": "", "ph_am_mp3": "", "parts": [{"part": "", "means": ["[\u7535\u5f71]\u65b0\u5e74\u524d\u591c", "101\u6b21\u65b0\u5e74\u5feb\u4e50"]}], "collins": [{"posp": "N-UNCOUNT", "tran": "\u9664\u5915;\u5143\u65e6\u524d\u4e00\u5929", "def": "New Year's Eve is the last day of the year, the day before New Year's  Day.", "example": [{"ex": "On New Year's Eve I usually give a party, which is always chaotic.", "tran": "\u6211\u901a\u5e38\u5728\u9664\u5915\u4e3e\u884c\u6d3e\u5bf9\uff0c\u603b\u662f\u5f88\u95f9\u3002", "tts_mp3": "http://res-tts.iciba.com/tts_dj/4/6/f/46f6d1e2e156ec5fc4cb88232e3a1370.mp3", "tts_size": "21K"}]}], "collins_star": "1", "frequency_count": 0, "frequency_rank": 0}