{"ph_en": "\u02ccen e\u026at\u0283 \u02c8es", "ph_am": "\u02ccene\u026at\u0283'es", "ph_en_mp3": "http://res.iciba.com/resource/amp3/oxford/0/e3/0d/e30d7c3822971be2284eb3bdf8a06212.mp3", "ph_am_mp3": "", "parts": [{"part": "abbr.", "means": ["National Health Service \u82f1\u56fd\u56fd\u6c11\u5065\u5eb7\u4fdd\u9669\u5236\u5ea6"]}], "collins": [{"posp": "N-SING", "tran": "", "def": "NHS is an abbreviation for (\u7f29\u7565=) National Health Service .", "example": [{"ex": "This vaccine is not normally provided free under the NHS...", "tran": "\u8fd9\u79cd\u75ab\u82d7\u5728\u56fd\u6c11\u533b\u7597\u4fdd\u5065\u7cfb\u7edf\u4e2d\u901a\u5e38\u4e0d\u662f\u514d\u8d39\u63d0\u4f9b\u7684\u3002", "tts_mp3": "http://res-tts.iciba.com/tts_dj/a/4/8/a48a0001048b8372596b3616d8f70720.mp3", "tts_size": "21K"}, {"ex": "...NHS patients.", "tran": "\u4eab\u53d7\u56fd\u6c11\u533b\u7597\u4fdd\u5065\u670d\u52a1\u7684\u60a3\u8005", "tts_mp3": "http://res-tts.iciba.com/tts_dj/d/4/9/d49a95c688249d2631f82260ed96b186.mp3", "tts_size": "7K"}]}], "collins_star": "3", "frequency_count": 7447103, "frequency_rank": 7676}