{"ph_en": "\u02c8n\u0254:d\u026ak", "ph_am": "\u02c8n\u0254rd\u026ak", "ph_en_mp3": "http://res.iciba.com/resource/amp3/0/0/a9/45/a94562fb46c3ca23d4dd8798cc3464cf.mp3", "ph_am_mp3": "http://res.iciba.com/resource/amp3/1/0/46/0e/460ebccd86ebc5e464cdc933b95a6fe0.mp3", "parts": [{"part": "n.", "means": ["\u5317\u6b27\u4eba", "\u65e5\u8033\u66fc\u6c11\u65cf", "\u5177\u6709\u5317\u6b27\u65e5\u5c14\u66fc\u6c11\u65cf\u5916\u8c8c\u7279\u5f81\u7684\u4eba", "[\u4f53]\u5317\u6b27\u4e24\u9879\u6ed1\u96ea"]}, {"part": "adj.", "means": ["\u5317\u6b27\u4eba\u7684", "\u65e5\u8033\u66fc\u6c11\u65cf\u7684", "\u65af\u582a\u7684\u7eb3\u7ef4\u4e9a\u7684", "\u5317\u6b27\u5f0f\u6ed1\u96ea\u8d5b\u7684"]}], "collins": [{"posp": "ADJ", "tran": "\u5317\u6b27\u8bf8\u56fd\u7684;\u65af\u582a\u7684\u7eb3\u7ef4\u4e9a\u7684", "def": "Nordic means relating to the Scandinavian countries of northern Europe.", "example": [{"ex": "The Nordic countries have been quick to assert their interest in the development of the Baltic States.", "tran": "\u5317\u6b27\u8bf8\u56fd\u5f88\u5feb\u5c31\u8868\u793a\u5b83\u4eec\u5bf9\u6ce2\u7f57\u7684\u6d77\u8bf8\u56fd\u7684\u53d1\u5c55\u611f\u5174\u8da3\u3002", "tts_mp3": "http://res-tts.iciba.com/tts_dj/0/f/3/0f3d4a195f1b626d07d70ab5340670a7.mp3", "tts_size": "25K"}]}, {"posp": "ADJ", "tran": "\u5317\u6b27\u4eba\u7684;\u5177\u6709\u5317\u6b27\u4eba\u5916\u8c8c\u7279\u5f81\u7684", "def": "Someone who looks Nordic has fair hair, blue eyes, and pale skin, and is fairly tall.", "example": [{"ex": "He was a handsome blond Nordic type.", "tran": "\u4ed6\u5c5e\u4e8e\u5317\u6b27\u4eba\u90a3\u79cd\u7c7b\u578b\uff0c\u82f1\u4fca\u6f47\u6d12\uff0c\u91d1\u53d1\u78a7\u773c\u3002", "tts_mp3": "http://res-tts.iciba.com/tts_dj/5/4/4/5449e0f9ed2dba0bdbd2debf42de693a.mp3", "tts_size": "11K"}]}], "collins_star": "1", "frequency_count": 3660365, "frequency_rank": 12220}