{"ph_en": "\u02c8n\u0254:m\u0259n", "ph_am": "\u02c8n\u0254rm\u0259n", "ph_en_mp3": "http://res.iciba.com/resource/amp3/oxford/0/13/bb/13bbb128954898e9f447f1092fbbec0c.mp3", "ph_am_mp3": "http://res.iciba.com/resource/amp3/1/0/e1/39/e13981e25f573df3048f40ffe5ccecfa.mp3", "parts": [{"part": "n.", "means": ["\u8bfa\u66fc\u4eba", "10\u4e16\u7eaa\u5728\u8bfa\u66fc\u5e95\u5b9a\u5c45\u8005\u7684\u540e\u88d4"]}, {"part": "adj.", "means": ["\u8bfa\u66fc\u7684", "\u8bfa\u66fc\u4eba\u7684", "\u8bfa\u66fc\u8bed\u7684", "\uff08\u8bfa\u66fc\u7edf\u6cbb\u65f6\u671f\u53d1\u73b0\u4e8e\u82f1\u56fd\u7684\u4e00\u79cd\u4e2d\u4e16\u7eaa\u7684\uff09\u5efa\u7b51\u98ce\u683c\u7684"]}], "collins": [{"posp": "N-COUNT", "tran": "\u8bfa\u66fc\u4eba;\u8bfa\u66fc\u4eba\u540e\u88d4", "def": "The Normans were the people who came from northern France and took control of England in 1066, or their descendants.", "example": [{"ex": "The Normans built the castle which was reduced to ruins under Cromwell.", "tran": "\u8bfa\u66fc\u4eba\u5efa\u9020\u4e86\u8fd9\u5ea7\u540e\u6765\u5728\u514b\u4f26\u5a01\u5c14\u7edf\u6cbb\u65f6\u671f\u53d8\u6210\u5e9f\u589f\u7684\u57ce\u5821\u3002", "tts_mp3": "http://res-tts.iciba.com/tts_dj/f/f/f/fff481c6e88a1569e8210ec4d846715f.mp3", "tts_size": "19K"}]}, {"posp": "ADJ", "tran": "\u8bfa\u66fc\u65f6\u671f\u7684;(\u5c24\u6307\u5efa\u7b51\u98ce\u683c)\u8bfa\u66fc\u5f0f\u7684", "def": "Norman is used to refer to the period of history in Britain from 1066 until around 1300, and in particular to the style of architecture of that period.", "example": [{"ex": "In Norman England, the greyhound was a symbol of nobility.", "tran": "\u7075\u72ad\u662f\u5728\u8bfa\u66fc\u65f6\u671f\u7684\u82f1\u683c\u5170\u662f\u9ad8\u8d35\u7684\u8c61\u5f81\u3002", "tts_mp3": "http://res-tts.iciba.com/tts_dj/3/5/c/35cdfc32a9662e22ede9baa44c9906a5.mp3", "tts_size": "19K"}, {"ex": "...a Norman castle.", "tran": "\u8bfa\u66fc\u5f0f\u57ce\u5821", "tts_mp3": "http://res-tts.iciba.com/tts_dj/c/d/c/cdcb5894e0ccfa1448e6a7b8c4bf8965.mp3", "tts_size": "7K"}]}], "collins_star": "1", "frequency_count": 10063272, "frequency_rank": 6137}