{"ph_en": "", "ph_am": "", "ph_en_mp3": "", "ph_am_mp3": "", "parts": [{"part": "abbr.", "means": ["November\u5341\u4e00\u6708", "novelist\u5c0f\u8bf4\u5bb6"]}], "collins": [{"posp": "", "tran": "", "def": "Nov. is a written abbreviation for(\u4e66\u9762\u7f29\u7565=) November .", "example": [{"ex": "The first ballot is on Tuesday Nov 20.", "tran": "\u7b2c\u4e00\u8f6e\u6295\u7968\u572811\u670820\u53f7\uff0c\u661f\u671f\u4e8c\u3002", "tts_mp3": "http://res-tts.iciba.com/tts_dj/e/9/e/e9edf921a8d9e88f1d7324ed7234a26b.mp3", "tts_size": "16K"}]}], "collins_star": "2", "frequency_count": 0, "frequency_rank": 0}