{"ph_en": "", "ph_am": "", "ph_en_mp3": "", "ph_am_mp3": "", "parts": [{"part": "abbr.", "means": ["octagon \u516b\u89d2\u5f62\uff0c\u516b\u8fb9\u5f62", "October \u5341\u6708"]}], "collins": [{"posp": "", "tran": "", "def": "Oct. is a written abbreviation for (\u4e66\u9762\u7f29\u7565=) October .", "example": [{"ex": "...Tuesday Oct. 25th.", "tran": "10\u670825\u65e5\u661f\u671f\u4e8c", "tts_mp3": "http://res-tts.iciba.com/tts_dj/f/6/d/f6d0bf66d0ac2cde81d4cc49e63763f8.mp3", "tts_size": "10K"}]}], "collins_star": "2", "frequency_count": 0, "frequency_rank": 0}