{"ph_en": "\u02c8\u0259\u028apek", "ph_am": "\u02c8o\u028apek", "ph_en_mp3": "http://res.iciba.com/resource/amp3/oxford/0/c2/c2/c2c2d7771a335b537031925ebb9b52b7.mp3", "ph_am_mp3": "", "parts": [{"part": "abbr.", "means": ["Organization of Petroleum Exporting Countries\u77f3\u6cb9\u8f93\u51fa\u56fd\u7ec4\u7ec7"]}], "collins": [{"posp": "N-PROPER", "tran": "\u77f3\u6cb9\u8f93\u51fa\u56fd\u7ec4\u7ec7\uff1b\u6b27\u4f69\u514b", "def": "OPEC is an organization of countries that produce oil. It tries to develop a common policy and system of prices. OPEC is an abbreviation for (\u7f29\u7565=) 'Organization of Petroleum-Exporting Countries'.", "example": [{"ex": "Each member of OPEC would seek to maximize its own production.", "tran": "\u77f3\u6cb9\u8f93\u51fa\u56fd\u7ec4\u7ec7\u7684\u6bcf\u4e2a\u6210\u5458\u56fd\u90fd\u5bfb\u6c42\u6700\u5927\u9650\u5ea6\u5730\u63d0\u9ad8\u672c\u56fd\u77f3\u6cb9\u4ea7\u91cf\u3002", "tts_mp3": "http://res-tts.iciba.com/tts_dj/2/c/e/2ce7152b85c4a8a16067a41ee7ac2851.mp3", "tts_size": "19K"}]}], "collins_star": "2", "frequency_count": 1030087, "frequency_rank": 25876}