{"ph_en": "", "ph_am": "", "ph_en_mp3": "http://res.iciba.com/resource/amp3/0/0/31/4a/314a0d98770acf2fd868d4567ee3e565.mp3", "ph_am_mp3": "", "parts": [{"part": "un.", "means": ["\u5f00\u653e\u5927\u5b66"]}], "collins": [{"posp": "N-PROPER", "tran": "\uff08\u82f1\u56fd\u4ee5\u5e7f\u64ad\u3001\u7535\u89c6\u6559\u5b66\u4e3a\u4e3b\u7684\uff09\u516c\u5f00\u5927\u5b66\uff0c\u5f00\u653e\u5927\u5b66", "def": "In Britain, the Open University is a university that runs degree courses using the radio and television, for students who want to study part-time or mainly at home.", "example": [{"ex": "She was holding down a job she was enjoying and studying at the Open University.", "tran": "\u5979\u4fdd\u7559\u7740\u81ea\u5df1\u559c\u6b22\u7684\u5de5\u4f5c\uff0c\u540c\u65f6\u5728\u516c\u5f00\u5927\u5b66\u5b66\u4e60\u3002", "tts_mp3": "http://res-tts.iciba.com/tts_dj/2/5/2/252557d8987d7824429bb12c97c4a04b.mp3", "tts_size": "23K"}]}], "collins_star": "1", "frequency_count": 0, "frequency_rank": 0}