{"ph_en": "\u02c8\u0252ksbr\u026ad\u0292", "ph_am": "\u02c8\u0251ksbr\u026ad\u0292", "ph_en_mp3": "http://res.iciba.com/resource/amp3/oxford/0/2c/be/2cbe2f5f88b8f4ef5d19bc4bc6d659e7.mp3", "ph_am_mp3": "", "parts": [{"part": "n.", "means": ["\u725b\u6d25\u5251\u6865(\u725b\u6d25\u5927\u5b66"]}, {"part": "adj.", "means": ["\u725b\u6d25\u5927\u5b66\u6216\u5251\u6865\u5927\u5b66\u7684"]}], "collins": [{"posp": "N-PROPER", "tran": "\u725b\u6d25\u5927\u5b66\u548c\u5251\u6865\u5927\u5b66", "def": "Oxbridge is used to refer to the British universities of Oxford and Cambridge together.", "example": [{"ex": "Last year Oxbridge graduates accounted for 41% of entrants to the civil service's fast stream to promotion.", "tran": "\u53bb\u5e74\u52a0\u5165\u5feb\u901f\u664b\u804c\u961f\u4f0d\u7684\u65b0\u516c\u52a1\u5458\u4e2d\uff0c\u725b\u6d25\u548c\u5251\u6865\u5927\u5b66\u7684\u6bd5\u4e1a\u751f\u5360\u4e8641%\u3002", "tts_mp3": "http://res-tts.iciba.com/tts_dj/e/6/a/e6a4a515dfc8b159656f5c408eddcce9.mp3", "tts_size": "35K"}, {"ex": "...an offer of a place at Oxbridge.", "tran": "\u725b\u6d25\u548c\u5251\u6865\u5927\u5b66\u63d0\u4f9b\u7684\u4e00\u4e2a\u804c\u4f4d", "tts_mp3": "http://res-tts.iciba.com/tts_dj/2/7/d/27de9322b65659cdae3f9a9f7d2f9e34.mp3", "tts_size": "11K"}]}], "collins_star": "1", "frequency_count": 311112, "frequency_rank": 51997}