{"ph_en": "", "ph_am": "", "ph_en_mp3": "http://res.iciba.com/resource/amp3/0/0/bf/d8/bfd8f40d5308bed193375555832ab94d.mp3", "ph_am_mp3": "", "parts": [{"part": "n.", "means": ["\u5df4\u9ece\u4eba"]}, {"part": "adj.", "means": ["\u5df4\u9ece\u7684", "\u5df4\u9ece\u4eba\u7684"]}], "collins": [{"posp": "ADJ", "tran": "\u5df4\u9ece\u7684", "def": "Parisian means belonging or relating to Paris.", "example": [{"ex": "...a Parisian restaurant.", "tran": "\u5df4\u9ece\u9910\u9986", "tts_mp3": "http://res-tts.iciba.com/tts_dj/6/2/8/628c399232b8b1359ac85940a50f6fbb.mp3", "tts_size": "7K"}, {"ex": "...Parisian fashion.", "tran": "\u5df4\u9ece\u65f6\u5c1a", "tts_mp3": "http://res-tts.iciba.com/tts_dj/0/f/9/0f9b3ca23a31b788cce008272ab1322d.mp3", "tts_size": "6K"}]}, {"posp": "N-COUNT", "tran": "\u5df4\u9ece\u4eba", "def": "A Parisian is a person who comes from Paris.", "example": []}], "collins_star": "1", "frequency_count": 609595, "frequency_rank": 35166}