{"ph_en": "\u02c8p\u0251:m\u026az\u00e6n", "ph_am": "\u02c8p\u0251rm\u0259z\u0251n", "ph_en_mp3": "http://res.iciba.com/resource/amp3/0/0/43/31/4331ac26e387e5cc7d15b71fdcd0e847.mp3", "ph_am_mp3": "http://res.iciba.com/resource/amp3/1/0/1b/ae/1bae668752632e38e1d2d70cb7697b6a.mp3", "parts": [{"part": "n.", "means": ["\uff08\u6e90\u81ea\u610f\u5927\u5229\u8bed\uff09\u5e15\u5c14\u9a6c\u5e72\u916a"]}, {"part": "adj.", "means": ["\uff08\u610f\u5927\u5229\u5317\u90e8\u57ce\u5e02\uff09\u5df4\u9a6c\u7684"]}], "collins": [{"posp": "N-UNCOUNT", "tran": "\u5e15\u5c14\u9a6c\u5e72\u916a\uff08\u610f\u5927\u5229\u70f9\u8c03\u4e2d\u5e38\u7528\u7684\u6d53\u5473\u786c\u5e72\u916a\uff09", "def": "Parmesan or Parmesan cheese is a hard cheese with a strong flavour which is often used in Italian cooking.", "example": []}], "collins_star": "1", "frequency_count": 897145, "frequency_rank": 27971}