{"ph_en": "\u02ccpi: \u02c8si:", "ph_am": "\u02ccpi'si", "ph_en_mp3": "http://res.iciba.com/resource/amp3/oxford/0/e2/2a/e22a02b9bb0b80ea08dce04322a7ba81.mp3", "ph_am_mp3": "", "parts": [{"part": "abbr.", "means": ["personal computer \u4e2a\u4eba\u8ba1\u7b97\u673a", "\u5de1\u903b\u8f66(Patrol Car)"]}], "collins": [{"posp": "N-COUNT; N-TITLE", "tran": "\uff08\u82f1\u56fd\u6700\u4f4e\u7ea7\u522b\u7684\u7537\u6027\uff09\u8b66\u5458", "def": "In Britain, a PC is a male police officer of the lowest rank. PC is an abbreviation for (\u7f29\u7565=) 'police constable'.", "example": [{"ex": "The PCs took her to the local station...", "tran": "\u8b66\u5458\u4eec\u628a\u5979\u5e26\u5230\u4e86\u5f53\u5730\u8b66\u5bdf\u5c40\u3002", "tts_mp3": "http://res-tts.iciba.com/tts_dj/b/1/d/b1de6974cc715da2d72d9c9b3b3a3f6f.mp3", "tts_size": "12K"}, {"ex": "PC Keith Gate helped arrest the men.", "tran": "\u8b66\u5458\u57fa\u601d\u00b7\u76d6\u7279\u534f\u52a9\u902e\u6355\u4e86\u90a3\u4e9b\u4eba\u3002", "tts_mp3": "http://res-tts.iciba.com/tts_dj/d/c/d/dcd15828d4149b5bec8a6a3ab8a537b3.mp3", "tts_size": "12K"}]}, {"posp": "N-COUNT", "tran": "\u4e2a\u4eba\u8ba1\u7b97\u673a\uff1b\u4e2a\u4eba\u7535\u8111", "def": "A PC is a computer that is used by one person at a time in a business, a school, or at home.  PC is an abbreviation for (\u7f29\u7565=) 'personal computer'.", "example": [{"ex": "The price of a PC has fallen by an average of 25% a year since 1982...", "tran": "\u81ea1982\u5e74\u4ee5\u6765\uff0c\u4e2a\u4eba\u8ba1\u7b97\u673a\u7684\u5355\u4ef7\u5e74\u5747\u4e0b\u964d25%\u3002", "tts_mp3": "http://res-tts.iciba.com/tts_dj/a/8/9/a89fbceb6e3dc7222e27df2767d1ed62.mp3", "tts_size": "28K"}, {"ex": "Drawing offices may use PCs for computer-aided design.", "tran": "\u5236\u56fe\u5ba4\u53ef\u4ee5\u4f7f\u7528\u4e2a\u4eba\u8ba1\u7b97\u673a\u8fdb\u884c\u8ba1\u7b97\u673a\u8f85\u52a9\u8bbe\u8ba1\u3002", "tts_mp3": "http://res-tts.iciba.com/tts_dj/b/2/9/b298fe1b0cf016790d4ae62f7c3e9763.mp3", "tts_size": "18K"}]}, {"posp": "ADJ-GRADED", "tran": "\u653f\u6cbb\u4e0a\u6b63\u786e\u7684\uff1b\u4e0d\u5632\u5f04\u5f31\u52bf\u7fa4\u4f53\u7684", "def": "If you say that someone is PC, you mean that they are extremely careful not to offend or upset any group of people in society who have a disadvantage. PC is an abbreviation for (\u7f29\u7565=) 'politically correct'.", "example": []}], "collins_star": "3", "frequency_count": 153460135, "frequency_rank": 507}