{"ph_en": "\u02ccpi:'i:", "ph_am": "\u02ccpi'i", "ph_en_mp3": "http://res.iciba.com/resource/amp3/oxford/0/45/9a/459afdb6960c2f1d57833ab0a9d3da2e.mp3", "ph_am_mp3": "", "parts": [{"part": "abbr.", "means": ["physical education \u4f53\u80b2\uff08\u8bfe\uff09", "Peru \u79d8\u9c81", "Product Engineering \u4ea7\u54c1\u5de5\u7a0b", "\u79c1\u52df\u80a1\u6743\u57fa\u91d1(Private Equity Fund)\u7b80\u79f0"]}], "collins": [{"posp": "N-UNCOUNT", "tran": "\u4f53\u80b2\uff08\u8bfe\uff09", "def": "In schools, PE is a lesson in which pupils do physical exercises or sport. PE is an abbreviation for (\u7f29\u7565=) 'physical education'.", "example": []}], "collins_star": "1", "frequency_count": 11638517, "frequency_rank": 5524}