{"ph_en": "pi:s", "ph_am": "pis", "ph_en_mp3": "", "ph_am_mp3": "", "parts": [{"part": "n.", "means": ["\uff08\u7f8e\u56fd\uff09\u548c\u5e73\u5de5\u4f5c\u961f"]}], "collins": [{"posp": "N-PROPER", "tran": "\u548c\u5e73\u961f\uff08\u7f8e\u56fd\u6d3e\u5f80\u53d1\u5c55\u4e2d\u56fd\u5bb6\u534f\u52a9\u5f00\u5c55\u5404\u7c7b\u9879\u76ee\u7684\u5e74\u8f7b\u4eba\u7ec4\u7ec7\uff09", "def": "The Peace Corps is an American organization that sends young people to help with projects in developing countries.", "example": []}], "collins_star": "1", "frequency_count": 0, "frequency_rank": 0}