{"ph_en": "\u02ccpi: \u02c8d\u0292i:", "ph_am": "\u02ccpi'd\u0292i", "ph_en_mp3": "http://res.iciba.com/resource/amp3/oxford/0/f1/52/f152838405fa0d77caf008aab91af590.mp3", "ph_am_mp3": "http://res.iciba.com/resource/amp3/1/0/23/5e/235ec52392b77977539cf78b62e708d3.mp3", "parts": [{"part": "abbr.", "means": ["(=parental guidance)\uff08\u6307\u7535\u5f71\uff09\u9002\u5408\u4e00\u822c\u89c2\u4f17\u770b\u4f46\u5efa\u8bae\u7236\u6bcd\uff08\u5bf9\u513f\u7ae5\u89c2\u4f17\uff09\u52a0\u4ee5\u6307\u5bfc", "\u7a0b\u5e8f\u5236\u5bfc(Program Guidance)"]}], "collins": [{"posp": "", "tran": "\uff08\u82f1\u56fd\uff09PG\u7ea7\uff08\u5fc5\u987b\u5728\u5bb6\u957f\u6307\u5bfc\u4e0b\u89c2\u770b\u7684\u7535\u5f71\uff09", "def": "In Britain, films that are labelled PG are not considered suitable for younger children to see without an adult being with them. PG is an abbreviation for (\u7f29\u7565=) 'parental guidance'.", "example": []}], "collins_star": "1", "frequency_count": 17796113, "frequency_rank": 4011}