{"ph_en": "\u02ccpi:e\u026at\u0283'di:", "ph_am": "\u02ccpie\u026at\u0283'di", "ph_en_mp3": "http://res.iciba.com/resource/amp3/oxford/0/5b/45/5b456516693d557650f7ccf36f92d9e1.mp3", "ph_am_mp3": "", "parts": [{"part": "n.", "means": ["\u54f2\u5b66\u535a\u58eb\u5b66\u4f4d(Doctor of Philosophy)"]}], "collins": [{"posp": "N-COUNT", "tran": "\uff08\u54f2\u5b66\uff09\u535a\u58eb\u5b66\u4f4d", "def": "A PhD is a degree awarded to people who have done advanced research into a particular subject. PhD is an abbreviation for (\u7f29\u7565=) 'Doctor of Philosophy'.", "example": [{"ex": "He is more highly educated, with a PhD in Chemistry.", "tran": "\u4ed6\u53d7\u8fc7\u66f4\u9ad8\u7684\u6559\u80b2\uff0c\u62e5\u6709\u5316\u5b66\u535a\u58eb\u5b66\u4f4d\u3002", "tts_mp3": "http://res-tts.iciba.com/tts_dj/f/3/4/f348c64e292bbbf7febfe6f412c038d4.mp3", "tts_size": "19K"}, {"ex": "...an unpublished PhD thesis.", "tran": "\u672a\u53d1\u8868\u7684\u535a\u58eb\u8bba\u6587", "tts_mp3": "http://res-tts.iciba.com/tts_dj/c/e/7/ce7aa4cfc53ec6f5867fbe1a7b9680cc.mp3", "tts_size": "13K"}]}, {"posp": "", "tran": "\uff08\u7528\u4e8e\u4eba\u540d\u540e\uff09\u2026\u535a\u58eb", "def": "PhD is written after someone's name to indicate that they have a PhD.", "example": [{"ex": "...R.D. Combes, PhD.", "tran": "R.D.\u5e93\u59c6\u65af\u535a\u58eb", "tts_mp3": "http://res-tts.iciba.com/tts_dj/8/4/0/840e27beb25467fa8394c63d744733d8.mp3", "tts_size": "14K"}]}], "collins_star": "1", "frequency_count": 11665297, "frequency_rank": 5516}