{"ph_en": "'f\u026al\u026api:n", "ph_am": "'f\u026al\u026apin", "ph_en_mp3": "http://res.iciba.com/resource/amp3/0/0/9a/b9/9ab9d891affa3f8c7f3d5f2c016a83ff.mp3", "ph_am_mp3": "http://res.iciba.com/resource/amp3/1/0/14/2f/142f022e1e15727f2619fdce2f5195c3.mp3", "parts": [{"part": "adj.", "means": ["\u83f2\u5f8b\u5bbe\u7684\uff0c\u83f2\u5f8b\u5bbe\u4eba\u7684"]}], "collins": [{"posp": "ADJ", "tran": "\u83f2\u5f8b\u5bbe\u7684\uff1b\u83f2\u5f8b\u5bbe\u4eba\u7684\uff1b\u83f2\u5f8b\u5bbe\u6587\u5316\u7684", "def": "Philippine means belonging or relating to the Philippines, or to their people or culture.", "example": []}], "collins_star": "1", "frequency_count": 3843510, "frequency_rank": 11862}