{"ph_en": "\u02c8pa\u026asi:z", "ph_am": "\u02c8pa\u026asiz", "ph_en_mp3": "http://res.iciba.com/resource/amp3/oxford/0/39/d3/39d35c449ef1aa1dbcccd4cb3cefc5bf.mp3", "ph_am_mp3": "http://res.iciba.com/resource/amp3/1/0/63/5c/635cbc8a5dc1a528c3b5cb9eecdc1086.mp3", "parts": [{"part": "n.", "means": ["\u53cc\u9c7c\u5ea7\uff0c\u53cc\u9c7c\u5bab", "\u51fa\u751f\u4e8e\u53cc\u9c7c\u5bab\u65f6\u6bb5\u7684\u4eba", "[\u7535\u5f71]\u9519\u7231\u53cc\u9c7c\u5ea7"]}], "collins": [{"posp": "N-UNCOUNT", "tran": "\u53cc\u9c7c\u5bab\uff0c\u53cc\u9c7c\u5ea7\uff08\u9ec4\u9053\u5341\u4e8c\u5bab\u4e4b\u4e00\uff1b\u51fa\u751f\u4e8e2\u670819\u65e5\u81f33\u670820\u65e5\u4e4b\u95f4\u7684\u4eba\u5c5e\u6b64\u661f\u5ea7\uff09", "def": "Pisces is one of the twelve signs of the zodiac. Its symbol is two fish. People who are born approximately between the 19th of February and the 20th of March come under this sign.", "example": []}, {"posp": "N-SING", "tran": "\u51fa\u751f\u4e8e\u53cc\u9c7c\u5bab\u65f6\u6bb5\u7684\u4eba", "def": "A Pisces is a person whose sign of the zodiac is Pisces.", "example": []}], "collins_star": "2", "frequency_count": 1127882, "frequency_rank": 24517}