{"ph_en": "\u02ccpi: \u02c8em", "ph_am": "\u02ccpi'em", "ph_en_mp3": "http://res.iciba.com/resource/amp3/oxford/0/44/60/4460c9aebab2e5eda1dd83fa9f3cd164.mp3", "ph_am_mp3": "", "parts": [{"part": "abbr.", "means": ["\u4e0b\u5348(Post Meridiem,\u7b49\u4e8eafternoon)", "\u8c03\u76f8(Phase Modulation)", "(=prime minister)\u603b\u7406\uff0c\u9996\u76f8", "[\u5316](=promethium)"]}], "collins": [{"posp": "N-COUNT", "tran": "", "def": "The PM is an abbreviation for (\u7f29\u7565=) the Prime Minister.", "example": [{"ex": "The PM pledged to make life better for the poorest families.", "tran": "\u9996\u76f8\u627f\u8bfa\u6539\u5584\u6700\u8d2b\u56f0\u5bb6\u5ead\u7684\u751f\u6d3b\u72b6\u51b5\u3002", "tts_mp3": "http://res-tts.iciba.com/tts_dj/f/d/e/fde1cc8c60b2f872f88a69f11a286eeb.mp3", "tts_size": "17K"}]}], "collins_star": "2", "frequency_count": 604577485, "frequency_rank": 78}