{"ph_en": "\u02ccpi: em \u02c8es:", "ph_am": "\u02ccpiem'es", "ph_en_mp3": "http://res.iciba.com/resource/amp3/oxford/0/4e/71/4e71570882d14583952802463578845d.mp3", "ph_am_mp3": "", "parts": [{"part": "abbr.", "means": ["pre-menstrual syndrome \u7ecf\u524d\u7efc\u5408\u5f81", "Property Management System \u8d22\u4ea7\u7ba1\u7406\u7cfb\u7edf"]}], "collins": [{"posp": "N-UNCOUNT", "tran": "", "def": "PMS is an abbreviation for (\u7f29\u7565=) premenstrual syndrome.", "example": []}], "collins_star": "1", "frequency_count": 2041156, "frequency_rank": 17327}