{"ph_en": "", "ph_am": "", "ph_en_mp3": "", "ph_am_mp3": "", "parts": [{"part": "n.", "means": ["\u90ae\u653f\u4fe1\u7bb1"]}], "collins": [{"posp": "", "tran": "\uff08\u7528\u4e8e\u6570\u5b57\u4e4b\u524d\uff09\u90ae\u653f\u4fe1\u7bb1", "def": "PO Box is used before a number as a kind of address. The Post Office keeps letters addressed to the PO Box until they are collected by the person who has paid for the service.", "example": []}], "collins_star": "2", "frequency_count": 0, "frequency_rank": 0}