{"ph_en": "\u02c8p\u0259\u028al\u0259r\u0254\u026ad", "ph_am": "\u02c8po\u028al\u0259r\u0254\u026ad", "ph_en_mp3": "http://res.iciba.com/resource/amp3/oxford/0/99/5c/995cbee71f460da672924d4d9a367497.mp3", "ph_am_mp3": "http://res.iciba.com/resource/amp3/1/0/a8/75/a87564a98474a3c3a7be6a0ed95bf345.mp3", "parts": [{"part": "n.", "means": ["\uff08\u7528\u4e8e\u592a\u9633\u955c\u3001\u6c7d\u8f66\u73bb\u7483\u7b49\u7684\uff09\u504f\u632f\u7247\uff0c\u504f\u5149\u8584\u819c\uff0c\u4eba\u9020\u504f\u5149\u677f"]}], "collins": [{"posp": "ADJ", "tran": "\uff08\u7167\u76f8\u673a\uff09\u5b9d\u4e3d\u6765\u7684\uff0c\u4e00\u6b21\u6210\u50cf\u7684", "def": "A Polaroid camera is a small camera that can take, develop, and print a photograph in a few seconds.", "example": [{"ex": "He called the Polaroid camera a godsend to his work...", "tran": "\u4ed6\u79f0\u5b9d\u4e3d\u6765\u7167\u76f8\u673a\u662f\u8001\u5929\u7237\u7279\u610f\u4e3a\u4ed6\u7684\u5de5\u4f5c\u8d50\u4e88\u7684\u5b9d\u8d1d\u3002", "tts_mp3": "http://res-tts.iciba.com/tts_dj/1/f/9/1f96ede83519b038b4f811db331e2085.mp3", "tts_size": "15K"}, {"ex": "Polaroid film is very sensitive.", "tran": "\u5b9d\u4e3d\u6765\u80f6\u5377\u611f\u5149\u6027\u975e\u5e38\u5f3a\u3002", "tts_mp3": "http://res-tts.iciba.com/tts_dj/6/6/8/668dec9c9d3fc0714aef82565a474e75.mp3", "tts_size": "11K"}]}, {"posp": "N-COUNT", "tran": "\u5b9d\u4e3d\u6765\u4e00\u6b21\u6210\u50cf\u7167\u7247", "def": "A Polaroid is a photograph taken with a Polaroid camera.", "example": [{"ex": "I took a Polaroid of them so I could remember them when they were gone.", "tran": "\u6211\u7ed9\u4ed6\u4eec\u62cd\u4e86\u4e00\u5f20\u5b9d\u4e3d\u6765\u7167\u7247\uff0c\u8fd9\u6837\u4ed6\u4eec\u8d70\u540e\u6211\u80fd\u7559\u4f5c\u7eaa\u5ff5\u3002", "tts_mp3": "http://res-tts.iciba.com/tts_dj/6/6/d/66d6f0891c15b92aed5950a6c0b614b1.mp3", "tts_size": "19K"}]}, {"posp": "ADJ", "tran": "\uff08\u592a\u9633\u955c\uff09\u504f\u632f\u6750\u6599\u7684", "def": "Polaroid sunglasses have been treated with a special substance in order to make the sun seem less bright.", "example": []}], "collins_star": "1", "frequency_count": 1788581, "frequency_rank": 18766}