{"ph_en": "\u02c8p\u0254l\u026at\u02ccbj\u028a\u0259r\u0259\u028a, p\u0259\u02c8l\u026at-", "ph_am": "\u02c8p\u0251l\u026at\u02ccbj\u028aro, p\u0259\u02c8l\u026at-", "ph_en_mp3": "http://res.iciba.com/resource/amp3/0/0/e0/21/e021ea5a9d53fe41b5f73dc32bdbab3b.mp3", "ph_am_mp3": "http://res.iciba.com/resource/amp3/1/0/13/f9/13f9dd051d6f9215dd89cc91946789cb.mp3", "parts": [{"part": "n.", "means": ["\u653f\u6cbb\u5c40\uff08\u5171\u4ea7\u515a\u7684\u4e2d\u592e\u6267\u884c\u59d4\u5458\u4f1a\uff09"]}], "collins": [{"posp": "N-COUNT", "tran": "\uff08\u5171\u4ea7\u4e3b\u4e49\u56fd\u5bb6\u7684\uff09\u653f\u6cbb\u5c40", "def": "In communist countries the Politburo is the chief committee that decides on government policy and makes decisions.", "example": [{"ex": "The Politburo has been meeting in Peking to discuss the situation.", "tran": "\u653f\u6cbb\u5c40\u5df2\u5728\u5317\u4eac\u53ec\u5f00\u4f1a\u8bae\u8ba8\u8bba\u5f62\u52bf\u3002", "tts_mp3": "http://res-tts.iciba.com/tts_dj/2/4/3/24382b5b54d1524252cbdf35be791ada.mp3", "tts_size": "19K"}]}], "collins_star": "1", "frequency_count": 303561, "frequency_rank": 52765}