{"ph_en": "\u02ccpi: \u0259\u028a \u02c8d\u028cblju:", "ph_am": "o\u028a", "ph_en_mp3": "http://res.iciba.com/resource/amp3/0/0/30/d7/30d7e0494351def45591fccb21d3510b.mp3", "ph_am_mp3": "http://res.iciba.com/resource/amp3/1/0/30/d7/30d7e0494351def45591fccb21d3510b.mp3", "parts": [{"part": "n.", "means": ["\u8111\u888b", "\u7830\uff08\u8868\u793a\u5c04\u51fb\u3001\u7206\u70b8\u58f0\u7b49\u7684\u62df\u58f0\u8bcd\uff09"]}, {"part": "abbr.", "means": ["(=prisoner of war)\u6218\u4fd8"]}], "collins": [{"posp": "N-COUNT", "tran": "\u540c prisoner of war", "def": "A POW is the same as a prisoner of war .", "example": []}], "collins_star": "1", "frequency_count": 2417177, "frequency_rank": 15652}