{"ph_en": "\u02ccpi: \u02c8\u0251:(r)", "ph_am": "\u02ccpi'\u0251r", "ph_en_mp3": "http://res.iciba.com/resource/amp3/oxford/0/37/8e/378ee1eeaa92a7dc7332097a5b393a70.mp3", "ph_am_mp3": "", "parts": [{"part": "abbr.", "means": ["\u516c\u5171\u5173\u7cfb(public relations)", "\u6027\u80fd\u8981\u6c42(Performance Requirement)", "[\u5316](=praseodymium)\u9568"]}], "collins": [{"posp": "N-UNCOUNT", "tran": "", "def": "PR is an abbreviation for (\u7f29\u7565=) public relations.", "example": [{"ex": "It will be good PR.", "tran": "\u8fd9\u5c06\u662f\u5f88\u597d\u7684\u516c\u5173\u5ba3\u4f20\u3002", "tts_mp3": "http://res-tts.iciba.com/tts_dj/5/5/c/55cd58f2c29215ef69f236451e3d0e21.mp3", "tts_size": "6K"}, {"ex": "...a PR firm.", "tran": "\u516c\u5173\u516c\u53f8", "tts_mp3": "http://res-tts.iciba.com/tts_dj/1/7/b/17bb86df4656427da74a7070309335d8.mp3", "tts_size": "6K"}]}, {"posp": "N-UNCOUNT", "tran": "", "def": "PR is an abbreviation for (\u7f29\u7565=) proportional representation.", "example": []}], "collins_star": "3", "frequency_count": 30599220, "frequency_rank": 2592}