{"ph_en": "\u02ccprezb\u026a\u02c8t\u026a\u0259ri\u0259n", "ph_am": "\u02ccprezb\u026a\u02c8t\u026ari\u0259n", "ph_en_mp3": "http://res.iciba.com/resource/amp3/oxford/0/bc/55/bc558382b7b2e52c1fcb061baabb3e49.mp3", "ph_am_mp3": "http://res.iciba.com/resource/amp3/1/0/8f/a7/8fa7db2770f3069e3b6c80e63b145df8.mp3", "parts": [{"part": "n.", "means": ["\u957f\u8001\u6d3e\u6210\u5458\uff08\u957f\u8001\u4f1a\u4e3a\u82cf\u683c\u5170\u56fd\u6559\u53ca\u7f8e\u56fd\u6700\u5927\u6559\u4f1a\u4e4b\u4e00\uff09", "\u957f\u8001\u5236\u4e3b\u4e49\u8005"]}, {"part": "adj.", "means": ["\u957f\u8001\u4f1a\u7684", "\u957f\u8001\u5236\u7684"]}], "collins": [{"posp": "ADJ", "tran": "\u957f\u8001\u5236\u7684\uff0c\u957f\u8001\u4f1a\u7684\uff08\u5c24\u6307\u82cf\u683c\u5170\u548c\u7f8e\u56fd\u7684\u65b0\u6559\u6559\u4f1a\uff09", "def": "Presbyterian means belonging or relating to a Protestant church, found especially in Scotland or the United States, which is governed by a body of official people all of equal rank.", "example": [{"ex": "...a Presbyterian minister.", "tran": "\u957f\u8001\u4f1a\u7267\u5e08", "tts_mp3": "http://res-tts.iciba.com/tts_dj/9/0/d/90dbca8487a60223bdc01568c2fdf994.mp3", "tts_size": "8K"}, {"ex": "...long Presbyterian sermons.", "tran": "\u957f\u65f6\u95f4\u7684\u957f\u8001\u4f1a\u5e03\u9053", "tts_mp3": "http://res-tts.iciba.com/tts_dj/7/c/a/7caa6f2394e03365d007c5644a9622c8.mp3", "tts_size": "10K"}]}, {"posp": "N-COUNT", "tran": "\u957f\u8001\u4f1a\u6559\u5f92", "def": "A Presbyterian is a member of the Presbyterian church.", "example": []}], "collins_star": "1", "frequency_count": 3252804, "frequency_rank": 13186}