{"ph_en": "", "ph_am": "", "ph_en_mp3": "", "ph_am_mp3": "", "parts": [{"part": "n.", "means": ["\u603b\u7406\uff1b\u9996\u76f8"]}], "collins": [{"posp": "N-COUNT", "tran": "\u603b\u7406\uff1b\u9996\u76f8", "def": "The leader of the government in some countries is called the Prime Minister .", "example": [{"ex": "...the former Prime Minister of Pakistan, Miss Benazir Bhutto...", "tran": "\u5df4\u57fa\u65af\u5766\u524d\u603b\u7406\u8d1d\u5a1c\u9f50\u5c14\u00b7\u5e03\u6258\u5973\u58eb", "tts_mp3": "http://res-tts.iciba.com/tts_dj/8/e/1/8e15c84a85b7e5a8e67c39f3e2be4592.mp3", "tts_size": "19K"}, {"ex": "This had been a disastrous week for Prime Minister Major.", "tran": "\u8fd9\u5bf9\u4e8e\u6885\u6770\u9996\u76f8\u6765\u8bf4\u662f\u707e\u96be\u6027\u7684\u4e00\u5468\u3002", "tts_mp3": "http://res-tts.iciba.com/tts_dj/6/f/c/6fce92f58cfe9f63e9cd089587c13c2a.mp3", "tts_size": "15K"}]}], "collins_star": "5", "frequency_count": 0, "frequency_rank": 0}