{"ph_en": "'pr\u0252t\u026ast\u0259nt", "ph_am": "'pr\u0251t\u026ast\u0259nt", "ph_en_mp3": "", "ph_am_mp3": "", "parts": [{"part": "n.", "means": ["\u65b0\u6559\u6559\u5f92"]}, {"part": "adj.", "means": ["\u65b0\u6559\u6559\u5f92\u7684", "\u65b0\u6559\u7684"]}], "collins": [{"posp": "N-COUNT", "tran": "\u65b0\u6559\u6559\u5f92", "def": "A Protestant is a Christian who belongs to the branch of the Christian church which separated from the Catholic church in the sixteenth century.", "example": []}, {"posp": "ADJ", "tran": "\u65b0\u6559\u6559\u5f92\u7684\uff1b\u65b0\u6559\u7684", "def": "Protestant means relating to Protestants or their churches.", "example": [{"ex": "Most Protestant churches now have women ministers.", "tran": "\u5982\u4eca\u5927\u591a\u6570\u65b0\u6559\u6559\u4f1a\u90fd\u6709\u5973\u7267\u5e08\u3002", "tts_mp3": "http://res-tts.iciba.com/tts_dj/3/d/a/3dab9c301de4e346141e1140429a9a52.mp3", "tts_size": "16K"}]}], "collins_star": "2", "frequency_count": 2350938, "frequency_rank": 15926}