{"ph_en": "\u02ccpi: \u02c8es", "ph_am": "\u02ccpi'es", "ph_en_mp3": "http://res.iciba.com/resource/amp3/oxford/0/29/29/29298d01b74c0c495cca3a98bbdeeb04.mp3", "ph_am_mp3": "", "parts": [{"part": "abbr.", "means": ["postscript\u9644\u8a00", "picosecond\u4e00\u5146\u5206\u4e4b\u4e00\u79d2", "per second\u6bcf\u79d2", "photoshop\u4e00\u79cd\u56fe\u5f62\u5904\u7406\u8f6f\u4ef6"]}], "collins": [{"posp": "", "tran": "\uff08\u4fe1\u672b\u7b7e\u540d\u540e\u7684\uff09\u9644\u7b14\uff0c\u53c8\u53ca", "def": "You write PS to introduce something that you add at the end of a letter after you have signed it.", "example": [{"ex": "PS. Please show your friends this letter and the enclosed leaflet.", "tran": "\u9644:\u8bf7\u628a\u8fd9\u5c01\u4fe1\u548c\u5185\u88c5\u7684\u5c0f\u518c\u5b50\u7ed9\u4f60\u7684\u670b\u53cb\u4eec\u770b\u770b\u3002", "tts_mp3": "http://res-tts.iciba.com/tts_dj/d/1/d/d1df52256747c964f531afc270b06ad6.mp3", "tts_size": "24K"}]}], "collins_star": "1", "frequency_count": 20356304, "frequency_rank": 3638}