{"ph_en": "p\u028an\u02c8d\u0292\u0251:bi", "ph_am": "p\u028cn\u02c8d\u0292\u0251bi, -\u02c8d\u0292\u00e6bi", "ph_en_mp3": "http://res.iciba.com/resource/amp3/oxford/0/17/b2/17b28de4e26040a8a8e331123602373b.mp3", "ph_am_mp3": "http://res.iciba.com/resource/amp3/1/0/bb/c0/bbc0294ce6177b932fad9c75af2b8563.mp3", "parts": [{"part": "n.", "means": ["\u65c1\u906e\u666e\u8bed", "\u65c1\u906e\u666e\u4eba"]}, {"part": "adj.", "means": ["\u65c1\u906e\u666e\u7684", "\u65c1\u906e\u666e\u4eba\u7684"]}], "collins": [{"posp": "ADJ", "tran": "\u65c1\u906e\u666e\u7684\uff1b\u65c1\u906e\u666e\u4eba\u7684\uff1b\u65c1\u906e\u666e\u8bed\u7684", "def": "Punjabi means belonging or relating to the Punjab region of India or Pakistan, its people, or its language.", "example": [{"ex": "He comes from a middle-class Punjabi family.", "tran": "\u4ed6\u6765\u81ea\u65c1\u906e\u666e\u7684\u4e00\u4e2a\u4e2d\u4ea7\u9636\u7ea7\u5bb6\u5ead\u3002", "tts_mp3": "http://res-tts.iciba.com/tts_dj/a/5/7/a5739bd17bae24a890e6f282b2692ee0.mp3", "tts_size": "14K"}, {"ex": "...Punjabi cuisine.", "tran": "\u65c1\u906e\u666e\u83dc\u80b4", "tts_mp3": "http://res-tts.iciba.com/tts_dj/3/2/4/324ed7de637bd79ca63dd5af68c2ae67.mp3", "tts_size": "7K"}]}, {"posp": "N-COUNT", "tran": "\u65c1\u906e\u666e\u4eba", "def": "A Punjabi is a person who comes from the Punjab.", "example": []}, {"posp": "N-UNCOUNT", "tran": "\u65c1\u906e\u666e\u8bed", "def": "Punjabi is the language spoken by people who live in the Punjab.", "example": []}], "collins_star": "1", "frequency_count": 1024194, "frequency_rank": 25958}