{"ph_en": "\u02cckju: \u02c8si:", "ph_am": "\u02cckju'si", "ph_en_mp3": "http://res.iciba.com/resource/amp3/oxford/0/b6/7b/b67b03185aaab30c347b1b7a2cef6f31.mp3", "ph_am_mp3": "", "parts": [{"part": "abbr.", "means": ["Quality Control \u8d28\u91cf\u63a7\u5236\uff1b\u8d28\u91cf\u7ba1\u7406"]}], "collins": [{"posp": "N-COUNT", "tran": "\uff08\u82f1\u56fd\uff09\u738b\u5ba4\u6cd5\u5f8b\u987e\u95ee", "def": "In Britain, a QC is a senior barrister. QC is an abbreviation for (\u7f29\u7565=) 'Queen's Counsel'.", "example": [{"ex": "He hired a top QC to defend him.", "tran": "\u4ed6\u96c7\u4e86\u4e00\u540d\u9876\u7ea7\u7684\u738b\u5ba4\u6cd5\u5f8b\u987e\u95ee\u4e3a\u4ed6\u8fa9\u62a4\u3002", "tts_mp3": "http://res-tts.iciba.com/tts_dj/8/e/f/8ef669f87a465d2ed842a5a661e66a4b.mp3", "tts_size": "11K"}, {"ex": "...Channel 4's counsel, George Carman QC.", "tran": "\u7b2c\u56db\u9891\u9053\u7684\u6cd5\u5f8b\u987e\u95ee\u2014\u2014\u738b\u5ba4\u6cd5\u5f8b\u987e\u95ee\u4e54\u6cbb\u00b7\u5361\u66fc", "tts_mp3": "http://res-tts.iciba.com/tts_dj/f/0/8/f086e22e44e1d846fbdd3dfac4853005.mp3", "tts_size": "16K"}]}], "collins_star": "2", "frequency_count": 5455396, "frequency_rank": 9525}