{"ph_en": "\u02c8kwe\u026ak\u0259(r)", "ph_am": "\u02c8kwek\u025a", "ph_en_mp3": "http://res.iciba.com/resource/amp3/oxford/0/0f/55/0f55f98337776e4bf2bf4ca7cad53482.mp3", "ph_am_mp3": "http://res.iciba.com/resource/amp3/1/0/a2/a1/a2a1365fca48ebfd5c629849ba731895.mp3", "parts": [{"part": "n.", "means": ["\u6559\u53cb\u4f1a\u6559\u5f92\uff0c\u6559\u53cb\u6d3e\u4fe1\u5f92"]}], "collins": [{"posp": "N-COUNT", "tran": "(\u57fa\u7763\u6559)\u8d35\u683c\u4f1a\u6559\u5f92\uff0c\u516c\u8c0a\u4f1a\u6559\u5f92\uff0c\u6559\u53cb\u4f1a\u6559\u5f92", "def": "A Quaker is a person who belongs to a Christian group called the Society of Friends.", "example": []}], "collins_star": "1", "frequency_count": 1401179, "frequency_rank": 21595}