{"ph_en": "\u0251:(r)", "ph_am": "", "ph_en_mp3": "http://res.iciba.com/resource/amp3/oxford/0/7f/a5/7fa5e11477d62290730fc2a5d8e289be.mp3", "ph_am_mp3": "", "parts": [{"part": "n.", "means": ["\u82f1\u8bed\u5b57\u6bcd\u8868\u7684\u7b2c18\u4e2a\u5b57\u6bcd", "\u56fd\u738b\uff0c\u5973\u738b", "[\u7535\u5f71]\u72f1\u4e2d\u56f0\u6597"]}], "collins": [{"posp": "N-VAR", "tran": "\u82f1\u8bed\u5b57\u6bcd\u8868\u7684\u7b2c18\u4e2a\u5b57\u6bcd", "def": "R is the eighteenth letter of the English alphabet.", "example": []}, {"posp": "N-TITLE", "tran": "\u56fd\u738b\uff0c\u5973\u738b\uff08\u4e66\u9762\u7f29\u7565\u5f62\u5f0f\uff0c\u4e3a\u62c9\u4e01\u6587rex\u6216regina\u7684\u7b80\u5199\uff09", "def": "R is a written abbreviation meaning king or queen. R is short for the Latin words 'rex' and 'regina'.", "example": [{"ex": "...Elizabeth R.", "tran": "\u4f0a\u4e3d\u838e\u767d\u5973\u738b", "tts_mp3": "http://res-tts.iciba.com/tts_dj/2/b/e/2be3bb4c8c7d53fbcc9f6860b89d180e.mp3", "tts_size": "5K"}]}, {"posp": "", "tran": "\uff08\u7528\u4e8e\u9996\u5b57\u6bcd\u4e3ar\u7684\u4e00\u4e9b\u5355\u8bcd\u7684\u7f29\u5199\uff0c\u5982\u5728\u5730\u56fe\u4e0a\u4ee3\u8868river\uff09", "def": "R is used as an abbreviation for words beginning with r. For example, it is used on maps as a written abbreviation for 'river'.", "example": []}, {"posp": "", "tran": "R\u7ea7\u7535\u5f71\uff08\u7f8e\u56fd\u7535\u5f71\u5206\u7ea7\uff0c17\u5c81\u4ee5\u4e0b\u672a\u6210\u5e74\u4eba\u9700\u7531\u6210\u4eba\u966a\u540c\u89c2\u770b\uff09", "def": "In the United States, some cinema films are marked R to show that children under 17 years old are only allowed to see them if an adult is with them.", "example": []}], "collins_star": "2", "frequency_count": 0, "frequency_rank": 0}