{"ph_en": "\u02cc\u0251:r e\u026a \u02c8ef", "ph_am": "\u02cc\u0251re\u026a'ef", "ph_en_mp3": "http://res.iciba.com/resource/amp3/oxford/0/ab/fd/abfd0db554cb596584bbfe9d95a9103d.mp3", "ph_am_mp3": "", "parts": [{"part": "abbr.", "means": ["Royal Air Force \u82f1\u56fd\u7687\u5bb6\u7a7a\u519b"]}], "collins": [{"posp": "N-PROPER", "tran": "\u82f1\u56fd\u7687\u5bb6\u7a7a\u519b", "def": "The RAF is the air force of the United Kingdom. RAF is an abbreviation for (\u7f29\u7565=) 'Royal Air Force'.", "example": [{"ex": "An RAF helicopter rescued the men after the boat began taking in water.", "tran": "\u5728\u8239\u5f00\u59cb\u8fdb\u6c34\u540e\uff0c\u4e00\u67b6\u82f1\u56fd\u7687\u5bb6\u7a7a\u519b\u7684\u76f4\u5347\u673a\u6551\u8d77\u4e86\u90a3\u4e9b\u8239\u5458\u3002", "tts_mp3": "http://res-tts.iciba.com/tts_dj/8/9/2/8929c18ca8cbd1727ec4f92b5320a40a.mp3", "tts_size": "20K"}]}], "collins_star": "2", "frequency_count": 1838579, "frequency_rank": 18473}