{"ph_en": "r\u0251:d\u0292", "ph_am": "", "ph_en_mp3": "http://res.iciba.com/resource/amp3/oxford/0/ce/de/cedeeff448c3b5ea89a69fb6297c7228.mp3", "ph_am_mp3": "", "parts": [{"part": "abbr.", "means": ["Rajah (Hindi=king, prince, ruler)\uff08\u5317\u5370\u5ea6\u8bed\uff09\u56fd\u738b", "Rajasthani (=culture, language, or people)\u6587\u660e", "the period of British rule in India \u82f1\u56fd\u7edf\u6cbb\u5370\u5ea6\u7684\u65f6\u671f\uff08\u4ee3\u53f7\uff09", "Rajasthan <\u5370\u5ea6>\u62c9\u8d3e\u65af\u5766\u90a6"]}], "collins": [{"posp": "N-SING", "tran": "\uff08\u7ed3\u675f\u4e8e1947\u5e74\u7684)\u82f1\u56fd\u7edf\u6cbb\u5370\u5ea6\u7684\u65f6\u671f", "def": "The British Raj was the period of British rule in India which ended in 1947.", "example": [{"ex": "...Indian living conditions under the Raj.", "tran": "\u5728\u82f1\u56fd\u7edf\u6cbb\u4e0b\u5370\u5ea6\u4eba\u6c11\u7684\u751f\u6d3b\u72b6\u51b5", "tts_mp3": "http://res-tts.iciba.com/tts_dj/1/4/1/14165b9edf8c1035b429470f043e9024.mp3", "tts_size": "12K"}]}], "collins_star": "1", "frequency_count": 1404214, "frequency_rank": 21574}