{"ph_en": "\u02c8r\u00e6m\u0259d\u00e6n", "ph_am": "\u02ccr\u00e6m\u0259\u02c8d\u0251n, \u02c8r\u00e6m\u0259\u02ccd\u0251n", "ph_en_mp3": "http://res.iciba.com/resource/amp3/oxford/0/b9/32/b93209ff4ff51c0fb2f7dd38085b60cd.mp3", "ph_am_mp3": "http://res.iciba.com/resource/amp3/1/0/24/e3/24e38cfd0bee94c9a221c04bf5bfa692.mp3", "parts": [{"part": "n.", "means": ["\u658b\u6708\uff08\u8be5\u6708\u5185\u4f0a\u65af\u5170\u6559\u5f92\u6bcf\u65e5\u4ece\u9ece\u660e\u5230\u65e5\u843d\u7981\u98df\uff09"]}], "collins": [{"posp": "N-UNCOUNT", "tran": "\u658b\u6708\uff08\u4f0a\u65af\u5170\u53869\u6708\uff0c\u8be5\u6708\u5185\u7a46\u65af\u6797\u4ece\u65e5\u51fa\u5230\u65e5\u843d\u7981\u98df\uff09", "def": "Ramadan is the ninth month of the Muslim year, when Muslims do not eat between the rising and setting of the sun. During Ramadan, Muslims celebrate the fact that it was in this month that God first revealed the words of the Quran to Mohammed.", "example": []}], "collins_star": "1", "frequency_count": 926182, "frequency_rank": 27452}