{"ph_en": "\u02cc\u0251: \u02c8si:", "ph_am": "\u02cc\u0251r", "ph_en_mp3": "", "ph_am_mp3": "", "parts": [{"part": "abbr.", "means": ["(=resistance capacitance)\uff08\u7535\uff09\u963b\uff08\u7535\uff09\u5bb9", "\u7ea2\u5341\u5b57\u4f1a(Red Cross)", "\u65e0\u7ebf\u7535\u7f57\u76d8(Radio Compass)", "\u9065\u63a7(Remote Control)"]}], "collins": [{"posp": "ADJ", "tran": "", "def": "RC is an abbreviation for (\u7f29\u7565=) Roman Catholic .", "example": [{"ex": "...St Mary's RC Cathedral.", "tran": "\u5723\u739b\u4e3d\u5929\u4e3b\u6559\u5927\u6559\u5802", "tts_mp3": "http://res-tts.iciba.com/tts_dj/8/5/b/85ba46de1f1ef59f1c7491f062138b4b.mp3", "tts_size": "11K"}]}], "collins_star": "3", "frequency_count": 14693072, "frequency_rank": 4637}