{"ph_en": "", "ph_am": "", "ph_en_mp3": "", "ph_am_mp3": "", "parts": [{"part": "adj.", "means": ["\uff08\u620f\u5267\u3001\u5efa\u7b51\u7b49\uff09\u738b\u653f\u590d\u8f9f\u65f6\u671f\u7684"]}, {"part": "n.", "means": ["\u738b\u653f\u590d\u8f9f\uff08\u63071660\u5e74\u82f1\u738b\u67e5\u7406\u4e8c\u4e16\u590d\u8f9f\uff09", "[\u7535\u5f71]\u4e71\u4e16\u60c5\u7f18"]}], "collins": [{"posp": "N-PROPER", "tran": "\u738b\u653f\u590d\u8f9f\uff08\u63071660\u5e74\u82f1\u738b\u67e5\u7406\u4e8c\u4e16\u590d\u8f9f\uff09", "def": "The Restoration was the event in 1660 when Charles the Second became King of England, Scotland, and Ireland after a period when there had been no King or Queen.", "example": []}, {"posp": "ADJ", "tran": "\uff08\u620f\u5267\u3001\u5efa\u7b51\u7b49\uff09\u738b\u653f\u590d\u8f9f\u65f6\u671f\u7684", "def": "Restoration is used to refer to the style of drama and architecture that was popular during and just after the rule of Charles the Second in England.", "example": [{"ex": "...a Restoration comedy.", "tran": "\u738b\u653f\u590d\u8f9f\u65f6\u671f\u7684\u559c\u5267", "tts_mp3": "http://res-tts.iciba.com/tts_dj/7/2/3/723a04e54f99b2cdc5475cfbc5701a3d.mp3", "tts_size": "8K"}]}], "collins_star": "3", "frequency_count": 12202668, "frequency_rank": 5345}