{"ph_en": "", "ph_am": "", "ph_en_mp3": "", "ph_am_mp3": "", "parts": [{"part": "n.", "means": ["\uff08\u57fa\u7763\u6559\u4e2d\u7684\uff09\u8036\u7a23\u590d\u6d3b", "[\u7535\u5f71]\u590d\u6d3b\u4e4b\u65e5"]}], "collins": [{"posp": "N-PROPER", "tran": "(\u57fa\u7763\u6559\u4e2d\u7684)\u8036\u7a23\u590d\u6d3b", "def": "In Christian belief, the Resurrection is the event in which Jesus Christ came back to life after he had been killed.", "example": []}], "collins_star": "1", "frequency_count": 3299623, "frequency_rank": 13051}