{"ph_en": "\u02c8rev\u0275r\u0275nd", "ph_am": "\u02c8r\u025bv\u0259r\u0259nd", "ph_en_mp3": "http://res.iciba.com/resource/amp3/0/0/01/16/0116aa4987704e7deb8340bb250db71c.mp3", "ph_am_mp3": "http://res.iciba.com/resource/amp3/1/0/6f/ad/6fad5cb4be404efaabf47a6499901743.mp3", "parts": [{"part": "n.", "means": ["\u6559\u58eb\uff0c\u7267\u5e08"]}, {"part": "adj.", "means": ["\u6559\u58eb\u7684", "\u53ef\u5c0a\u656c\u7684\uff0c\u53ef\u656c\u754f\u7684"]}], "collins": [{"posp": "N-TITLE", "tran": "(\u7528\u5728\u6b63\u5f0f\u4efb\u547d\u7684\u5b97\u6559\u9886\u8896\u7684\u540d\u5b57\u6216\u8eab\u4efd\u524d\u8868\u793a\u5c0a\u656c\uff0c\u7f29\u7565\u5f62\u5f0f\u4e3aRev\u6216Revd)\u5927\u4eba", "def": "Reverend is a title used before the name or rank of an officially appointed religious leader. The abbreviation Rev or Revd is also used.", "example": [{"ex": "The service was led by the Reverend Jim Simons.", "tran": "\u8fd9\u6b21\u793c\u62dc\u4eea\u5f0f\u662f\u7531\u5409\u59c6\u00b7\u897f\u8499\u65af\u7267\u5e08\u5927\u4eba\u4e3b\u6301\u7684\u3002", "tts_mp3": "http://res-tts.iciba.com/tts_dj/c/7/9/c795e9ac26fe0f284ac125e990a14b25.mp3", "tts_size": "14K"}, {"ex": "...the Bishop of Norwich, the Right Reverend Peter Knott.", "tran": "\u8bfa\u91cc\u5947\u7684\u4e3b\u6559\uff0c\u5f7c\u5f97\u00b7\u8bfa\u7279\u5927\u4eba", "tts_mp3": "http://res-tts.iciba.com/tts_dj/9/8/5/9853e44cd09222f929f6e272587fc1cf.mp3", "tts_size": "16K"}]}], "collins_star": "2", "frequency_count": 1988924, "frequency_rank": 17578}