{"ph_en": "\u02c8r\u026akt\u0259 ske\u026al", "ph_am": "\u02c8r\u026akt\u0259r ske\u026al", "ph_en_mp3": "", "ph_am_mp3": "http://res.iciba.com/resource/amp3/1/0/06/b2/06b2fa0fcaafd89782a59dcbb97d8280.mp3", "parts": [{"part": "n.", "means": ["\u91cc\u514b\u7279\u9707\u7ea7", "\u91cc\u6c0f\u9707\u7ea7\uff08\u5171\u520610\u7ea7\uff09"]}], "collins": [{"posp": "N-SING", "tran": "\u91cc\u514b\u7279\u9707\u7ea7;\u91cc\u6c0f\u9707\u7ea7", "def": "The Richter scale is a scale which is used for measuring how severe an earthquake is.", "example": [{"ex": "An earthquake measuring 6.1 on the Richter Scale struck California yesterday.", "tran": "\u6628\u5929\u52a0\u5229\u798f\u5c3c\u4e9a\u53d1\u751f\u4e86\u91cc\u6c0f6.1\u7ea7\u5730\u9707\u3002", "tts_mp3": "http://res-tts.iciba.com/tts_dj/f/a/2/fa270c04af5f60763c265b0f71f4c5fe.mp3", "tts_size": "24K"}]}], "collins_star": "1", "frequency_count": 0, "frequency_rank": 0}