{"ph_en": "\u02cc\u0251:r en \u02c8e\u026a", "ph_am": "\u02cc\u0251ren'e\u026a", "ph_en_mp3": "http://res.iciba.com/resource/amp3/oxford/0/a5/69/a569ba1f8c5e38d99bebd24feb4e8616.mp3", "ph_am_mp3": "", "parts": [{"part": "abbr.", "means": ["ribonucleic acid \u6838\u7cd6\u6838\u9178\uff08\u7565\u4f5cRNA\uff09", "\u6d6a\u6f2b\u6d3e\u5c0f\u8bf4\u5bb6\u534f\u4f1a(Romantic Novelists ' Association)"]}], "collins": [{"posp": "N-UNCOUNT", "tran": "\u6838\u7cd6\u6838\u9178", "def": "RNA is an acid in the chromo-somes of the cells of living things which plays an important part in passing information about protein structure between different cells. RNA is an abbreviation for (\u7f29\u7565=) 'ribonucleic acid'.", "example": []}], "collins_star": "1", "frequency_count": 7916693, "frequency_rank": 7363}