{"ph_en": "r\u0252m", "ph_am": "r\u0251m", "ph_en_mp3": "", "ph_am_mp3": "", "parts": [{"part": "n.", "means": ["\u53ea\u8bfb\u5b58\u50a8\u5668 read-only memory", "\u7f57\u59c6\uff08\u7c73\u00b7\u5343\u514b\u00b7\u79d2\u5236\u7535\u5bfc\u7387\u5355\u4f4d\uff09"]}], "collins": [{"posp": "N-UNCOUNT", "tran": "\u53ea\u8bfb\u5b58\u50a8\u5668", "def": "ROM is the permanent part of a computer's memory. The information stored there can be read but not changed. ROM is an abbreviation for (\u7f29\u7565=) 'read-only memory'.", "example": []}], "collins_star": "1", "frequency_count": 27234302, "frequency_rank": 2875}