{"ph_en": "\u02ccs\u00e6d\u0292\u026a\u02c8te\u0259ri\u0259s", "ph_am": "\u02ccs\u00e6d\u0292\u026a\u02c8teri\u0259s", "ph_en_mp3": "http://res.iciba.com/resource/amp3/oxford/0/af/a9/afa96a6d42955c6737c02858f748d329.mp3", "ph_am_mp3": "http://res.iciba.com/resource/amp3/1/0/44/ca/44ca0844398b2d010d8cd4a31ddb023d.mp3", "parts": [{"part": "n.", "means": ["\u4eba\u9a6c\uff08\u661f\uff09\u5ea7\uff0c\uff08\u7eb9\u7ae0\u5b66\u4e2d\u7684\uff09\u5f13\u5c04\u624b\uff08\u6216\u534a\u4eba\u534a\u9a6c\u602a\u7269\uff09\u56fe\u5f62", "\u5357\u6597"]}], "collins": [{"posp": "N-UNCOUNT", "tran": "\u4eba\u9a6c\u5bab\uff0c\u4eba\u9a6c\u5ea7(\u9ec4\u9053\u5341\u4e8c\u5bab\u4e4b\u4e00\u3002\u51fa\u751f\u4e8e11\u670822\u65e5\u81f312\u670821\u65e5\u4e4b\u95f4\u7684\u4eba\u5c5e\u6bd4\u661f\u5ea7)", "def": "Sagittarius is one of the twelve signs of the zodiac. Its symbol is a creature that is half horse, half man, shooting an arrow. People who are born approximately between the 22nd of November and the 21st of December come under this sign.", "example": []}, {"posp": "N-SING", "tran": "\u51fa\u751f\u4e8e\u4eba\u9a6c\u5bab\u65f6\u6bb5\u7684\u4eba", "def": "A Sagittarius is a person whose sign of the zodiac is Sagittarius.", "example": []}], "collins_star": "2", "frequency_count": 828086, "frequency_rank": 29340}