{"ph_en": "\u02c8s\u00e6nt\u0259 kl\u0254:z", "ph_am": "\u02c8s\u00e6nt\u0259\u02cckl\u0254z", "ph_en_mp3": "http://res.iciba.com/resource/amp3/oxford/0/57/43/5743eef6e1e5371efce665ea5cb70a18.mp3", "ph_am_mp3": "http://res.iciba.com/resource/amp3/1/0/7a/b7/7ab7df3f4425f4c446ea4e5398da8847.mp3", "parts": [{"part": "n.", "means": ["\u5723\u8bde\u8001\u4eba"]}], "collins": [{"posp": "N-PROPER", "tran": "\u5723\u8bde\u8001\u4eba", "def": "Santa Claus or Santa is an imaginary old man with a long white beard and a red coat. Traditionally, young children in many countries are told that he brings their Christmas presents.", "example": []}], "collins_star": "1", "frequency_count": 0, "frequency_rank": 0}