{"ph_en": "\u02c8se\u026atn", "ph_am": "\u02c8setn", "ph_en_mp3": "http://res.iciba.com/resource/amp3/oxford/0/0d/0e/0d0eda6306b49dab253dc685da848afe.mp3", "ph_am_mp3": "http://res.iciba.com/resource/amp3/1/0/b3/f8/b3f894165d6166da47d52ffbf77b5d87.mp3", "parts": [{"part": "n.", "means": ["\u6492\u65e6\uff0c\u9b54\u9b3c"]}], "collins": [{"posp": "N-PROPER", "tran": "\u6492\u65e6(\u57fa\u7763\u6559\u4e2d\u4e0e\u4e0a\u5e1d\u4e3a\u654c\u7684\u9b54\u738b)", "def": "In the Christian religion, Satan is the Devil, a powerful evil being who is the chief opponent of God.", "example": []}], "collins_star": "1", "frequency_count": 3653674, "frequency_rank": 12240}