{"ph_en": "\u02c8s\u00e6ksn", "ph_am": "\u02c8s\u00e6ks\u0259n", "ph_en_mp3": "http://res.iciba.com/resource/amp3/oxford/0/da/1d/da1d672fc933c9f4c54650d32eb2a9c5.mp3", "ph_am_mp3": "http://res.iciba.com/resource/amp3/1/0/b7/3b/b73b52b0fbcabe5ba72cf058b2106e1f.mp3", "parts": [{"part": "n.", "means": ["\u6492\u514b\u900a\u4eba", "\u6492\u514b\u900a\u8bed", "\u82f1\u683c\u5170\u4eba", "\u76ce\u683c\u9c81\u6492\u514b\u900a\u4eba"]}, {"part": "adj.", "means": ["\u6492\u514b\u900a\u4eba\u7684", "\u6492\u514b\u900a\u8bed\u7684", "\u82f1\u683c\u5170\u4eba\u7684", "\u76ce\u683c\u9c81\u6492\u514b\u900a\u7684"]}], "collins": [{"posp": "N-COUNT", "tran": "\u6492\u514b\u900a\u4eba(\u65e9\u671f\u4e3a\u897f\u65e5\u8033\u66fc\u90e8\u843d\u6210\u5458\uff0c\u540e\u4e00\u4e9b\u4eba\u5b9a\u5c45\u5728\u4e0d\u5217\u98a0\uff0c\u88ab\u79f0\u4e3a\u76ce\u683c\u9c81\u6492\u514b\u900a\u4eba)", "def": "In former times, Saxons were members of a West Germanic tribe. Some members of this tribe settled in Britain and were known as Anglo-Saxons .", "example": []}, {"posp": "ADJ", "tran": "\u6492\u514b\u900a\u4eba\u7684;\u76ce\u683c\u9c81\u6492\u514b\u900a\u4eba\u7684;\u82f1\u56fd\u4eba\u7684", "def": "Something that is Saxon is related to or characteristic of the ancient Saxons, the Anglo-Saxons, or their descendants.", "example": [{"ex": "...a seventh-century Saxon church.", "tran": "\u4e00\u5ea77\u4e16\u7eaa\u7684\u6492\u514b\u900a\u6559\u5802", "tts_mp3": "http://res-tts.iciba.com/tts_dj/7/5/d/75dd59e9e6ff228c6e90d38ba31354d9.mp3", "tts_size": "10K"}]}], "collins_star": "1", "frequency_count": 2118651, "frequency_rank": 16963}