{"ph_en": "\u02ccsk\u00e6nd\u026a'ne\u026av\u026a\u0259n", "ph_am": "\u02ccsk\u00e6nd\u026a'ne\u026av\u026arn", "ph_en_mp3": "http://res.iciba.com/resource/amp3/0/0/8e/cd/8ecd8eed6f0f4603c4c0c4ab8cdbbe78.mp3", "ph_am_mp3": "http://res.iciba.com/resource/amp3/1/0/8e/cd/8ecd8eed6f0f4603c4c0c4ab8cdbbe78.mp3", "parts": [{"part": "adj.", "means": ["\u65af\u582a\u7684\u7eb3\u7ef4\u4e9a\uff08\u4eba\uff09\u7684", "\u65af\u582a\u7684\u7eb3\u7ef4\u4e9a\u8bed\u7684", "\u5317\u5317\u6b27\u65e5\u8033\u66fc\u8bed\u7cfb\u7684"]}, {"part": "n.", "means": ["\u65af\u582a\u7684\u7eb3\u7ef4\u4e9a\u4eba", "\u65af\u582a\u7684\u7eb3\u7ef4\u4e9a\u8bed", "\u5317\u6b27\u65e5\u8033\u66fc\u8bed\u7cfb"]}], "collins": [{"posp": "ADJ", "tran": "\u65af\u582a\u7684\u7eb3\u7ef4\u4e9a\u7684;\u65af\u582a\u7684\u7eb3\u7ef4\u4e9a\u4eba\u7684;\u65af\u582a\u7684\u7eb3\u7ef4\u4e9a\u8bed\u8a00\u7684", "def": "Scandinavian means belonging or relating to a group of northern European countries that includes Denmark, Norway, and Sweden, or to the people, languages, or culture of those countries.", "example": [{"ex": "The Baltic republics have called on the Scandinavian countries for help.", "tran": "\u6ce2\u7f57\u7684\u6d77\u8bf8\u5171\u548c\u56fd\u5df2\u547c\u5401\u65af\u582a\u7684\u7eb3\u7ef4\u4e9a\u8bf8\u56fd\u63d0\u4f9b\u63f4\u52a9\u3002", "tts_mp3": "http://res-tts.iciba.com/tts_dj/3/0/a/30a3e8869c55b3712e9e96cf2a5f3782.mp3", "tts_size": "19K"}, {"ex": "...a festival of Scandinavian culture in London.", "tran": "\u5728\u4f26\u6566\u4e3e\u529e\u7684\u65af\u582a\u7684\u7eb3\u7ef4\u4e9a\u6587\u5316\u8282", "tts_mp3": "http://res-tts.iciba.com/tts_dj/9/b/0/9b0af6c16be6f743032b75338466845b.mp3", "tts_size": "15K"}]}, {"posp": "N-COUNT", "tran": "\u65af\u582a\u7684\u7eb3\u7ef4\u4e9a\u4eba", "def": "Scandinavians are people from Scandinavian countries.", "example": []}], "collins_star": "1", "frequency_count": 2364674, "frequency_rank": 15867}