{"ph_en": "\u02c8sk\u0254:pi\u0259\u028a", "ph_am": "\u02c8sk\u0254rpio\u028a", "ph_en_mp3": "http://res.iciba.com/resource/amp3/0/0/72/da/72dabe497516c268bc78ed8a0f3c2a73.mp3", "ph_am_mp3": "http://res.iciba.com/resource/amp3/1/0/7c/70/7c70e2cb2b4a13c4590f6b15c30385fd.mp3", "parts": [{"part": "n.", "means": ["[\u5929]\u5929\u874e\u5ea7\uff0c\u5929\u874e\u5bab", "\u51fa\u751f\u4e8e\u5929\u874e\u5ea7\u7684\u4eba", "[\u7535\u5f71]\u5929\u874e\u661f"]}], "collins": [{"posp": "N-UNCOUNT", "tran": "\u5929\u874e\u5bab\uff0c\u5929\u874e\u5ea7(\u9ec4\u9053\u5341\u4e8c\u5bab\u4e4b\u4e00\u3002\u51fa\u751f\u4e8e10\u670823\u65e5\u81f311\u670821\u65e5\u4e4b\u95f4\u7684\u4eba\u5c5e\u6b64\u661f\u5ea7)", "def": "Scorpio is one of the twelve signs of the zodiac. Its symbol is a scorpion. People who are born approximately between the 23rd of October and the 21st of November come under this sign.", "example": []}, {"posp": "N-COUNT", "tran": "\u51fa\u751f\u4e8e\u5929\u874e\u5bab\u65f6\u6bb5\u7684\u4eba", "def": "A Scorpio is a person whose sign of the zodiac is Scorpio.", "example": []}], "collins_star": "2", "frequency_count": 1644846, "frequency_rank": 19722}