{"ph_en": "sk\u0252t", "ph_am": "sk\u0251t", "ph_en_mp3": "http://res.iciba.com/resource/amp3/0/0/80/07/800729c319c8ce9d97a4ee925f8e7c86.mp3", "ph_am_mp3": "http://res.iciba.com/resource/amp3/1/0/14/35/14353785bd288b7bb30487f7f8e266ef.mp3", "parts": [{"part": "n.", "means": ["\u82cf\u683c\u5170\u4eba"]}], "collins": [{"posp": "N-COUNT", "tran": "\u82cf\u683c\u5170\u4eba;\u82cf\u683c\u5170\u88d4\u4eba", "def": "A Scot is a person of Scottish origin.", "example": []}, {"posp": "N-UNCOUNT", "tran": "\u82cf\u683c\u5170\u82f1\u8bed", "def": "Scots is a dialect of the English language that is spoken in Scotland.", "example": [{"ex": "There are things you can express in Scots that you can't say in English.", "tran": "\u6709\u4e9b\u8bdd\u53ef\u4ee5\u7528\u82cf\u683c\u5170\u82f1\u8bed\u8868\u8fbe\uff0c\u800c\u65e0\u6cd5\u7528\u6807\u51c6\u82f1\u8bed\u8868\u8fbe\u3002", "tts_mp3": "http://res-tts.iciba.com/tts_dj/4/a/a/4aa17eb616216efa47af06cc935c5bd0.mp3", "tts_size": "19K"}]}, {"posp": "ADJ", "tran": "Scots \u540c Scottish", "def": "Scots means the same as Scottish .", "example": [{"ex": "...his guttural Scots accent.", "tran": "\u4ed6\u90a3\u4ece\u5589\u5499\u53d1\u58f0\u7684\u82cf\u683c\u5170\u53e3\u97f3", "tts_mp3": "http://res-tts.iciba.com/tts_dj/7/a/a/7aad28fb9290554c69176fa0c1ca31b7.mp3", "tts_size": "10K"}, {"ex": "...the Scots Tories.", "tran": "\u82cf\u683c\u5170\u6258\u5229\u515a\u4eba", "tts_mp3": "http://res-tts.iciba.com/tts_dj/a/2/3/a231395b1d2a678461cd24c134ddc2e3.mp3", "tts_size": "7K"}]}], "collins_star": "2", "frequency_count": 1250219, "frequency_rank": 23090}