{"ph_en": "\u02c8sk\u0254tsm\u0259n", "ph_am": "\u02c8sk\u0251tsm\u0259n", "ph_en_mp3": "http://res.iciba.com/resource/amp3/0/0/75/a8/75a856600181da0c270c29aadd9e6b30.mp3", "ph_am_mp3": "http://res.iciba.com/resource/amp3/1/0/1c/0e/1c0e0f3830336adbbc37b3b162829963.mp3", "parts": [{"part": "n.", "means": ["\u82cf\u683c\u5170\u4eba"]}], "collins": [{"posp": "N-COUNT", "tran": "\u82cf\u683c\u5170(\u7537)\u4eba", "def": "A Scotsman is a man of Scottish origin.", "example": []}], "collins_star": "1", "frequency_count": 1227492, "frequency_rank": 23349}