{"ph_en": "\u02c8sk\u0254ts\u02ccw\u028am\u0259n", "ph_am": "\u02c8sk\u0251ts\u02ccw\u028am\u0259n", "ph_en_mp3": "http://res.iciba.com/resource/amp3/0/0/1e/2c/1e2cba53df85c202c435643cda5b2f6b.mp3", "ph_am_mp3": "http://res.iciba.com/resource/amp3/1/0/1e/2c/1e2cba53df85c202c435643cda5b2f6b.mp3", "parts": [{"part": "n.", "means": ["\u82cf\u683c\u5170\u5973\u4eba"]}], "collins": [{"posp": "", "tran": "\u82cf\u683c\u5170\u5973\u4eba", "def": "Scotswomen A Scotswoman is a woman of Scottish origin.", "example": []}], "collins_star": "1", "frequency_count": 0, "frequency_rank": 0}