{"ph_en": "s\u0259\u02c8m\u026at\u026ak", "ph_am": "s\u0259\u02c8m\u026at\u026ak", "ph_en_mp3": "http://res.iciba.com/resource/amp3/oxford/0/b6/89/b6893d938c62d1b8a1d1ab4e9e72f772.mp3", "ph_am_mp3": "http://res.iciba.com/resource/amp3/1/0/0a/3f/0a3f96cc5395ecfedfc043c167b11dc6.mp3", "parts": [{"part": "adj.", "means": ["\u95ea\u7c73\u7279\u4eba\u7684", "\u95ea\u65cf\u8bed\u7cfb\u7684"]}, {"part": "n.", "means": ["\u95ea\u8bed", "\u95ea\u8bed\u65cf"]}], "collins": [{"posp": "ADJ", "tran": "\u95ea\u7c73\u7279\u8bed\u65cf\u7684\uff0c\u95ea\u8bed\u7684(\u5305\u62ec\u963f\u62c9\u4f2f\u8bed\u548c\u5e0c\u4f2f\u6765\u8bed)", "def": "Semitic languages are a group of languages that include Arabic and Hebrew.", "example": []}, {"posp": "ADJ", "tran": "\u95ea\u7c73\u7279\u4eba\u7684;\u95ea\u65cf\u7684", "def": "Semitic people belong to one of the groups of people who speak a Semitic language.", "example": [{"ex": "...the Semitic races.", "tran": "\u95ea\u7c73\u7279\u4eba", "tts_mp3": "http://res-tts.iciba.com/tts_dj/b/3/a/b3a291d09220b0caa748fed126206090.mp3", "tts_size": "7K"}]}, {"posp": "ADJ", "tran": "(\u6709\u65f6\u6307)\u72b9\u592a\u4eba\u7684", "def": "Semitic is sometimes used to mean Jewish.", "example": []}], "collins_star": "1", "frequency_count": 886778, "frequency_rank": 28171}