{"ph_en": "", "ph_am": "", "ph_en_mp3": "", "ph_am_mp3": "http://res.iciba.com/resource/amp3/1/0/39/6e/396e36e9741a2bb47d82e7ed884beacc.mp3", "parts": [{"part": "n.", "means": ["\uff08\u7f8e\u56fd\u3001\u6fb3\u5927\u5229\u4e9a\u7b49\u56fd\u8bae\u4f1a\u7684\uff09\u53c2\u8bae\u9662", "\uff08\u67d0\u4e9b\u5927\u5b66\u7684\uff09\u5927\u5b66\u7406\u4e8b\u4f1a\uff0c\u5927\u5b66\u8bc4\u8bae\u4f1a"]}], "collins": [{"posp": "N-PROPER-COLL", "tran": "(\u7f8e\u56fd\u3001\u6fb3\u5927\u5229\u4e9a\u7b49\u56fd\u8bae\u4f1a\u7684)\u53c2\u8bae\u9662", "def": "The Senate is the smaller and more important of the two parts of the parliament in some countries, for example the United States and Australia.", "example": [{"ex": "The Senate is expected to pass the bill shortly.", "tran": "\u9884\u8ba1\u53c2\u8bae\u9662\u4e0d\u4e45\u5c31\u4f1a\u901a\u8fc7\u6b64\u8bae\u6848\u3002", "tts_mp3": "http://res-tts.iciba.com/tts_dj/a/0/4/a044fec1359b978badb0d2351f14d2eb.mp3", "tts_size": "13K"}, {"ex": "...a Senate committee.", "tran": "\u53c2\u8bae\u9662\u59d4\u5458\u4f1a", "tts_mp3": "http://res-tts.iciba.com/tts_dj/a/d/0/ad0ae69eb0340491e45b99c0543b8cef.mp3", "tts_size": "6K"}]}, {"posp": "N-PROPER-COLL", "tran": "\uff08\u67d0\u4e9b\u5927\u5b66\u7684\uff09\u5927\u5b66\u7406\u4e8b\u4f1a\uff0c\u5927\u5b66\u8bc4\u8bae\u4f1a", "def": "Senate or the Senate is the governing council at some universities.", "example": [{"ex": "By the time I was Vice Chancellor, Senate had become a much larger and a much more democratic body...", "tran": "\u5230\u4e86\u6211\u5f53\u6821\u957f\u7684\u65f6\u5019\uff0c\u5927\u5b66\u8bc4\u8bae\u4f1a\u7684\u4eba\u5458\u89c4\u6a21\u5df2\u663e\u8457\u6269\u5927\uff0c\u4e5f\u53d8\u5f97\u66f4\u52a0\u6c11\u4e3b\u4e86\u3002", "tts_mp3": "http://res-tts.iciba.com/tts_dj/1/0/1/101ba2038cc8b4abeee1c2f6db2649ec.mp3", "tts_size": "29K"}, {"ex": "The new bill would remove student representation from the university Senate.", "tran": "\u65b0\u8bae\u6848\u5c06\u53d6\u6d88\u5927\u5b66\u8bc4\u8bae\u4f1a\u4e2d\u7684\u5b66\u751f\u4ee3\u8868\u3002", "tts_mp3": "http://res-tts.iciba.com/tts_dj/4/0/f/40fda778e07af1b607fe3473086c088e.mp3", "tts_size": "20K"}]}], "collins_star": "4", "frequency_count": 34302775, "frequency_rank": 2345}