{"ph_en": "", "ph_am": "", "ph_en_mp3": "", "ph_am_mp3": "", "parts": [{"part": "abbr.", "means": ["\u4e5d\u6708"]}], "collins": [{"posp": "", "tran": "(\u66f4\u5e38\u7528\u7684\u7f29\u7565\u5f62\u5f0f\u4e3aSept.)", "def": "Sep. is a written abbreviation for (\u4e66\u9762\u7f29\u7565=) September. The more usual abbreviation is Sept .", "example": [{"ex": "...Friday Sep. 21, 1990.", "tran": "1990 \u5e74 9 \u6708 21 \u65e5\u661f\u671f\u4e94", "tts_mp3": "http://res-tts.iciba.com/tts_dj/9/8/5/985fc56fd7b4f131b5b31db3ece23705.mp3", "tts_size": "13K"}]}], "collins_star": "2", "frequency_count": 0, "frequency_rank": 0}