{"ph_en": "", "ph_am": "", "ph_en_mp3": "", "ph_am_mp3": "", "parts": [{"part": "abbr.", "means": ["septem (Latin=seven)\uff08\u62c9\u4e01\u8bed\uff09\u4e03\uff0c\u4e03\u4e2a"]}], "collins": [{"posp": "", "tran": "", "def": "Sept. is a written abbreviation for (\u4e66\u9762\u7f29\u7565=) September .", "example": [{"ex": "I've booked it for Thurs. 8th Sept.", "tran": "\u6211\u9884\u8ba2\u4e86 9 \u6708 8 \u53f7\u661f\u671f\u56db\u7684\u7968\u3002", "tts_mp3": "http://res-tts.iciba.com/tts_dj/5/f/7/5f7ff1ab2a19909ee47f7b9d0652ddcc.mp3", "tts_size": "12K"}]}], "collins_star": "2", "frequency_count": 0, "frequency_rank": 0}