{"ph_en": "\u0283\u0251:", "ph_am": "\u0283\u0251", "ph_en_mp3": "http://res.iciba.com/resource/amp3/0/0/16/30/1630937c3d00b4f4b153599d93469963.mp3", "ph_am_mp3": "http://res.iciba.com/resource/amp3/1/0/16/30/1630937c3d00b4f4b153599d93469963.mp3", "parts": [{"part": "n.", "means": ["\u738b\uff0c\u4f0a\u6717\u56fd\u738b\u7684\u79f0\u53f7"]}], "collins": [{"posp": "N-PROPER", "tran": "\u6c99(\u65e7\u65f6\u4f0a\u6717\u56fd\u738b\u7684\u79f0\u53f7)", "def": "In former times, the Shah of Iran was its ruler.", "example": []}], "collins_star": "1", "frequency_count": 2455068, "frequency_rank": 15522}