{"ph_en": "", "ph_am": "", "ph_en_mp3": "", "ph_am_mp3": "", "parts": [{"part": "adj.", "means": ["\u897f\u897f\u91cc\u5c9b\u7684", "\u897f\u897f\u91cc\u5c9b\u4eba\u7684"]}, {"part": "n.", "means": ["\u897f\u897f\u91cc\u5c9b\u4eba"]}], "collins": [{"posp": "ADJ", "tran": "\u897f\u897f\u91cc\u7684;\u897f\u897f\u91cc\u4eba\u7684;\u897f\u897f\u91cc\u6587\u5316\u7684", "def": "Sicilian means belonging or relating to Sicily, or to its people or culture.", "example": [{"ex": "...the Sicilian village of Corleone.", "tran": "\u897f\u897f\u91cc\u5c9b\u79d1\u83b1\u5965\u5185\u9547\u7684\u6751\u5e84", "tts_mp3": "http://res-tts.iciba.com/tts_dj/b/6/3/b633fd02e31cba51180cc8983909542a.mp3", "tts_size": "11K"}]}, {"posp": "N-COUNT", "tran": "\u897f\u897f\u91cc\u4eba;\u897f\u897f\u91cc\u5c9b\u4eba\u7684\u540e\u88d4", "def": "A Sicilian is a Sicilian citizen, or a person of Sicilian origin.", "example": []}], "collins_star": "1", "frequency_count": 579142, "frequency_rank": 36248}