{"ph_en": "si:k", "ph_am": "sik", "ph_en_mp3": "http://res.iciba.com/resource/amp3/oxford/0/4f/ac/4fac02e9f3714688c8a3dbdfaf43175b.mp3", "ph_am_mp3": "", "parts": [{"part": "n.", "means": ["\u5370\u5ea6\u9521\u514b\u6559\u5f92"]}, {"part": "adj.", "means": ["\u9521\u514b\u6559\u5f92\u7684", "\u9521\u514b\u6559\u5f92\u4f3c\u7684"]}], "collins": [{"posp": "N-COUNT", "tran": "\u9521\u514b\u6559\u6559\u5f92", "def": "A Sikh is a person who follows the Indian religion of Sikhism.", "example": [{"ex": "The rise of racism concerns Sikhs because they are such a visible minority.", "tran": "\u79cd\u65cf\u4e3b\u4e49\u7684\u62ac\u5934\u8ba9\u9521\u514b\u6559\u5f92\u5f88\u62c5\u5fe7\uff0c\u56e0\u4e3a\u4ed6\u4eec\u662f\u529b\u91cf\u975e\u5e38\u8584\u5f31\u7684\u5c11\u6570\u7fa4\u4f53\u3002", "tts_mp3": "http://res-tts.iciba.com/tts_dj/8/d/1/8d1c10d6566bc9fae8d5f14a16d74356.mp3", "tts_size": "22K"}, {"ex": "...a Sikh temple.", "tran": "\u9521\u514b\u6559\u5bfa\u5e99", "tts_mp3": "http://res-tts.iciba.com/tts_dj/7/4/1/741e27c488b0052135ffb9fc83ece5f1.mp3", "tts_size": "6K"}]}], "collins_star": "2", "frequency_count": 894501, "frequency_rank": 28021}