{"ph_en": "sl\u0251:v", "ph_am": "sl\u0251v", "ph_en_mp3": "http://res.iciba.com/resource/amp3/oxford/0/a9/d2/a9d2614b14843a8300e02ba1cb245411.mp3", "ph_am_mp3": "http://res.iciba.com/resource/amp3/1/0/c6/3a/c63a63d3a3553a8a410f9ccecefbbcf9.mp3", "parts": [{"part": "n.", "means": ["\u65af\u62c9\u592b\u4eba"]}, {"part": "adj.", "means": ["\u65af\u62c9\u592b\u4eba\u7684", "\u65af\u62c9\u592b\u8bed\u7684"]}], "collins": [{"posp": "N-COUNT", "tran": "\u65af\u62c9\u592b\u4eba", "def": "A Slav is a member of any of the peoples of Eastern Europe who speak a Slavonic language.", "example": []}], "collins_star": "1", "frequency_count": 165182, "frequency_rank": 74801}