{"ph_en": "'sp\u00e6n\u026a\u0259d", "ph_am": "\u02c8sp\u00e6nj\u0259d", "ph_en_mp3": "http://res.iciba.com/resource/amp3/0/0/6b/3a/6b3ab2b8217b828934518990cf246a73.mp3", "ph_am_mp3": "http://res.iciba.com/resource/amp3/1/0/3d/c2/3dc24853a69cd43e4878bd08c6ad3be8.mp3", "parts": [{"part": "n.", "means": ["\u897f\u73ed\u7259\u4eba\uff0c\u897f\u73ed\u7259\u5c45\u6c11"]}], "collins": [{"posp": "N-COUNT", "tran": "\u897f\u73ed\u7259\u4eba\uff1b\u897f\u73ed\u7259\u88d4\u4eba", "def": "A Spaniard is a Spanish citizen, or a person of Spanish origin.", "example": []}], "collins_star": "1", "frequency_count": 236922, "frequency_rank": 60906}