{"ph_en": "", "ph_am": "", "ph_en_mp3": "", "ph_am_mp3": "", "parts": [{"part": "un.", "means": ["\uff08\u519b\uff09\u7279\u522b\u5175\u79cd"]}], "collins": [{"posp": "N-PROPER", "tran": "(\u82f1\u56fd\u8b66\u5bdf\u90e8\u95e8\u7684)\u653f\u6cbb\u4fdd\u5b89\u5904(\u8d1f\u8d23\u5904\u7406\u53cd\u6050\u3001\u5916\u56fd\u9886\u5bfc\u4eba\u6765\u8bbf\u7b49\u95ee\u9898)", "def": "The Special Branch is the department of the British police that is concerned with political security and deals with things such as terrorism and visits by foreign leaders.", "example": []}], "collins_star": "1", "frequency_count": 0, "frequency_rank": 0}