{"ph_en": "\u02c8s\u028cnde\u026a", "ph_am": "\u02c8s\u028cn\u02ccde\u026a", "ph_en_mp3": "http://res.iciba.com/resource/amp3/0/0/78/7c/787c74a2e618a696e34e025adda33ad3.mp3", "ph_am_mp3": "http://res.iciba.com/resource/amp3/1/0/9d/1a/9d1a0949c39e66a0cd65240bc0ac9177.mp3", "parts": [{"part": "n.", "means": ["\u661f\u671f\u65e5\uff0c\u661f\u671f\u5929", "\u6bcf\u9022\u661f\u671f\u65e5\u51fa\u7248\u7684\u62a5\u7eb8", "\u661f\u671f\u65e5\u62a5", "[\u4eba\u540d] \u68ee\u8fea"]}], "collins": [{"posp": "N-VAR", "tran": "\u661f\u671f\u65e5;\u661f\u671f\u5929", "def": "Sunday is the day after Saturday and before Monday.", "example": [{"ex": "I thought we might go for a drive on Sunday...", "tran": "\u6211\u60f3\u661f\u671f\u5929\u6211\u4eec\u53ef\u4ee5\u5f00\u8f66\u53bb\u515c\u515c\u98ce\u3002", "tts_mp3": "http://res-tts.iciba.com/tts_dj/f/f/7/ff74200b61e89a3694ffcc4ba1229388.mp3", "tts_size": "13K"}, {"ex": "Naomi used to go to church in Granville every Sunday.", "tran": "\u5a1c\u5965\u7c73\u4ee5\u524d\u6bcf\u4e2a\u661f\u671f\u5929\u90fd\u53bb\u683c\u5170\u7ef4\u5c14\u7684\u6559\u5802\u505a\u793c\u62dc\u3002", "tts_mp3": "http://res-tts.iciba.com/tts_dj/e/a/e/eaed16c922e892a2df349a112b747d87.mp3", "tts_size": "15K"}]}], "collins_star": "1", "frequency_count": 75287070, "frequency_rank": 1075}