{"ph_en": "'ti:,\u0283\u025c:t", "ph_am": "'t\u026a,\u0283\u025crt", "ph_en_mp3": "http://res.iciba.com/resource/amp3/0/0/7c/c4/7cc481e3eab24b4ef9ccc945c00f7784.mp3", "ph_am_mp3": "", "parts": [{"part": "n.", "means": ["T\u6064\uff0c\u77ed\u8896\u6c57\u886b", "\u6837\u5f0f\u7c7b\u4f3cT\u6064\u7684\u5916\u8863"]}], "collins": [{"posp": "N-COUNT", "tran": "T\u6064\u886b;\u77ed\u8896\u65e0\u6263\u68c9\u6c57\u886b;\u77ed\u8896\u65e0\u9886\u886b", "def": "A T-shirt is a cotton shirt with no collar or buttons. T-shirts usually have short sleeves.", "example": []}], "collins_star": "2", "frequency_count": 0, "frequency_rank": 0}