{"ph_en": "", "ph_am": "", "ph_en_mp3": "", "ph_am_mp3": "http://res.iciba.com/resource/amp3/1/0/e6/e4/e6e4740b61f51be7df07321c851ed56a.mp3", "parts": [{"part": "n.", "means": ["\u5854\u7f57\u724c", "\uff08\u7b97\u547d\u7528\u7684\uff09\u6709\u56fe\u7eb8\u724c"]}], "collins": [{"posp": "N-UNCOUNT", "tran": "\u5854\u7f57\u724c;\u5854\u7f57\u724c\u5360\u535c", "def": "The Tarot is a pack of cards with pictures on them that is used to predict what will happen to people in the future. Tarot is also used to refer to the system of predicting people's futures using these cards.", "example": [{"ex": "...the suits of the Tarot...", "tran": "\u5854\u7f57\u724c\u91cc\u7684\u5404\u79cd\u82b1\u8272", "tts_mp3": "http://res-tts.iciba.com/tts_dj/8/b/2/8b218d6a045acb1985dd24cc77c67d72.mp3", "tts_size": "7K"}, {"ex": "Today there is a considerable revival of tarot.", "tran": "\u5982\u4eca\u5854\u7f57\u724c\u53c8\u5e7f\u4e3a\u6d41\u884c\u8d77\u6765\u4e86\u3002", "tts_mp3": "http://res-tts.iciba.com/tts_dj/6/b/f/6bf02126c792334ffa300f5af177d0f2.mp3", "tts_size": "15K"}]}], "collins_star": "1", "frequency_count": 3561389, "frequency_rank": 12436}