{"ph_en": "\u02c8t\u0254:r\u0259s", "ph_am": "\u02c8t\u0254r\u0259s", "ph_en_mp3": "http://res.iciba.com/resource/amp3/oxford/0/d2/5e/d25e549f82068ee80ecf6c4e131daa2b.mp3", "ph_am_mp3": "http://res.iciba.com/resource/amp3/1/0/b9/c9/b9c94e8a87e3647c5a0fa4ff358ecc65.mp3", "parts": [{"part": "n.", "means": ["\u91d1\u725b\u5ea7", "\uff08\u5360\u661f\u672f\u4e2d\uff09\u91d1\u725b\u5bab", "[\u7535\u5f71]\u9057\u5fd8\u5217\u5b81"]}], "collins": [{"posp": "N-UNCOUNT", "tran": "\u91d1\u725b\u5bab\uff0c\u91d1\u725b\u5ea7(\u9ec4\u9053\u5341\u4e8c\u5bab\u4e4b\u4e00\u3002\u51fa\u751f\u4e8e 4 \u6708 20 \u65e5\u4e0e 5 \u6708 20 \u65e5\u4e4b\u95f4\u7684\u4eba\u5c5e\u6b64\u661f\u5ea7)", "def": "Taurus is one of the twelve signs of the zodiac. Its symbol is a bull. People who are born approximately between the 20th of April and the 20th of May come under this sign.", "example": []}, {"posp": "N-SING", "tran": "\u51fa\u751f\u4e8e\u91d1\u725b\u5bab\u65f6\u6bb5\u7684\u4eba", "def": "A Taurus is a person whose sign of the zodiac is Taurus.", "example": []}], "collins_star": "2", "frequency_count": 2150339, "frequency_rank": 16815}