{"ph_en": "\u02ccti: \u02c8bi:", "ph_am": "\u02ccti'bi", "ph_en_mp3": "http://res.iciba.com/resource/amp3/oxford/0/b7/cd/b7cd0639af511b760859be18f43ef25b.mp3", "ph_am_mp3": "", "parts": [{"part": "abbr.", "means": ["tuberculosis \u80ba\u7ed3\u6838", "tile base \u74f7\u7816\u57fa\u5730", "turbine \u53f6\u8f6e\u673a", "turretbase \u70ae\u5854\u57fa"]}], "collins": [{"posp": "N-UNCOUNT", "tran": "\u80ba\u7ed3\u6838;\u7ed3\u6838\u75c5", "def": "TB is an extremely serious infectious disease that affects someone's lungs and other parts of their body. TB is an abbreviation for (\u7f29\u7565=) 'tuberculosis'.", "example": []}], "collins_star": "1", "frequency_count": 6972398, "frequency_rank": 8042}