{"ph_en": "", "ph_am": "", "ph_en_mp3": "", "ph_am_mp3": "", "parts": [{"part": "abbr.", "means": ["\u661f\u671f\u56db\uff0c\u793c\u62dc\u56db"]}], "collins": [{"posp": "", "tran": "", "def": "Thurs. is a written abbreviation for (\u4e66\u9762\u7f29\u7565=) Thursday .", "example": [{"ex": "Its opening hours are Mon-Wed 10am-12.30am; Thurs-Fri 10am-1am.", "tran": "\u5f00\u653e\u65f6\u95f4\uff1a\u5468\u4e00\u81f3\u5468\u4e09\uff0c\u4e0a\u5348 10: 00 \u81f3\u51cc\u6668 12: 30;\u5468\u56db\u81f3\u5468\u4e94\uff0c\u4e0a\u5348 10: 00 \u81f3\u51cc\u6668 1: 00\u3002", "tts_mp3": "http://res-tts.iciba.com/tts_dj/d/b/8/db8c0212bb14e929bdfe165e4fc42746.mp3", "tts_size": "32K"}]}], "collins_star": "2", "frequency_count": 0, "frequency_rank": 0}