{"ph_en": "\u02c8t\u0254:ri", "ph_am": "\u02c8t\u0254ri, \u02c8tori", "ph_en_mp3": "http://res.iciba.com/resource/amp3/oxford/0/33/cd/33cd0af8b4508e32e69c363c49bab265.mp3", "ph_am_mp3": "http://res.iciba.com/resource/amp3/1/0/9a/87/9a877742ad347d1521d75e029da8f9b1.mp3", "parts": [{"part": "n.", "means": ["\u82f1\u56fd\u4fdd\u5b88\u515a\u7684\u515a\u5458", "\u4fdd\u5b88\u515a\u515a\u5458", "\u4eb2\u82f1\u5206\u5b50", "\u4fdd\u5b88\u4e3b\u4e49\u8005"]}, {"part": "adj.", "means": ["\u4fdd\u5b88\u6d3e\u7684\uff0c\u4fdd\u5b88\u4e3b\u4e49\u7684"]}], "collins": [{"posp": "ADJ", "tran": "(\u82f1\u56fd)\u6258\u5229\u515a\u515a\u5458\u7684\uff0c\u4fdd\u5b88\u515a\u515a\u5458\u7684", "def": "In Britain, a Tory politician or voter is a member of or votes for the Conservative Party.", "example": [{"ex": "...the former Tory Party chairman, Chris Patten.", "tran": "\u6258\u5229\u515a\u524d\u4e3b\u5e2d\u5f6d\u5b9a\u5eb7", "tts_mp3": "http://res-tts.iciba.com/tts_dj/f/7/f/f7fa92f3f7b69991fc19b8b50a66eb00.mp3", "tts_size": "15K"}, {"ex": "\u2026the constituency with the largest Tory majority in the country.", "tran": "\u8be5\u56fd\u6258\u5229\u515a\u591a\u6570\u7968\u7684\u7968\u6570\u5c45\u9996\u7684\u9009\u533a", "tts_mp3": "http://res-tts.iciba.com/tts_dj/c/6/5/c65d66e2dfdb35c123ed3778a33a504f.mp3", "tts_size": "24K"}]}], "collins_star": "4", "frequency_count": 1967098, "frequency_rank": 17702}