{"ph_en": "\u02c8tr\u026an\u026ati:", "ph_am": "\u02c8tr\u026an\u026ati", "ph_en_mp3": "http://res.iciba.com/resource/amp3/0/0/ee/20/ee2055701c742262f93d083f854350b9.mp3", "ph_am_mp3": "http://res.iciba.com/resource/amp3/1/0/16/d0/16d00ec132daebedc1dc487a10d4261c.mp3", "parts": [{"part": "n.", "means": ["\u4e09\u4f4d\u4e00\u4f53", "\u4e09\u4e2a\u4e00\u7ec4\u7684\u4e1c\u897f"]}], "collins": [{"posp": "N-PROPER", "tran": "(\u57fa\u7763\u6559\u5723\u7236\u3001\u5723\u5b50\u3001\u5723\u7075\u7684)\u4e09\u4f4d\u4e00\u4f53", "def": "In the Christian religion, the Trinity or the Holy Trinity is the union of the Father, the Son, and the Holy Spirit in one God.", "example": []}], "collins_star": "1", "frequency_count": 7877415, "frequency_rank": 7382}