{"ph_en": "\u02ccti: ju: \u02c8si:", "ph_am": "\u02cctiju'si", "ph_en_mp3": "http://res.iciba.com/resource/amp3/oxford/0/1f/91/1f913e6264eba30195edc8bb36dd4938.mp3", "ph_am_mp3": "", "parts": [{"part": "abbr.", "means": ["Trades Union Congress \u82f1\u56fd\u52b3\u5de5\u8054\u5408\u4f1a\u8bae"]}], "collins": [{"posp": "N-PROPER", "tran": "\uff08\u82f1\u56fd\uff09\u5de5\u4f1a\u8054\u5408\u4f1a", "def": "In Britain, the TUC is an organization which represents trade unions, and to which most trade unions belong. TUC is an abbreviation for (\u7f29\u7565=) 'Trades Union Congress'.", "example": []}], "collins_star": "1", "frequency_count": 614678, "frequency_rank": 34978}