{"ph_en": "t\u025c:k", "ph_am": "t\u0259k", "ph_en_mp3": "", "ph_am_mp3": "http://res.iciba.com/resource/amp3/1/0/b7/67/b767bcc1cf8b48435c694b711ca4708a.mp3", "parts": [{"part": "n.", "means": ["\u571f\u8033\u5176\u4eba\uff0c\u7a81\u53a5\u4eba", "\u571f\u8033\u5176\u9a6c", "\u5f3a\u66b4\u7684\u4eba\uff0c\u6b8b\u5fcd\u7684\u4eba", "\u987d\u7ae5"]}], "collins": [{"posp": "N-COUNT", "tran": "\u571f\u8033\u5176\u4eba;\u571f\u8033\u5176\u88d4\u4eba", "def": "A Turk is a Turkish citizen, or a person of Turkish origin.", "example": []}], "collins_star": "2", "frequency_count": 1119068, "frequency_rank": 24632}