{"ph_en": "\u02ccti: \u02c8vi:", "ph_am": "\u02ccti'vi", "ph_en_mp3": "http://res.iciba.com/resource/amp3/oxford/0/62/a0/62a0594353d72ee9189ef13124546066.mp3", "ph_am_mp3": "", "parts": [{"part": "abbr.", "means": ["television \u7535\u89c6\u673a", "total volume \u603b\u91cf", "test vehicle \u5b9e\u9a8c\u7528\u98de\u884c\u5668", "terminal velocity \u7ec8\u7aef\u901f\u5ea6"]}], "collins": [{"posp": "N-VAR", "tran": "\u540c television", "def": "TV means the same as television .", "example": [{"ex": "The TV was on...", "tran": "\u7535\u89c6\u5f00\u7740\u3002", "tts_mp3": "http://res-tts.iciba.com/tts_dj/5/2/5/525a6d0bf477e3b671a205d983e326de.mp3", "tts_size": "7K"}, {"ex": "I prefer going to the cinema to watching TV.", "tran": "\u6211\u66f4\u559c\u6b22\u770b\u7535\u5f71\u800c\u4e0d\u662f\u770b\u7535\u89c6\u3002", "tts_mp3": "http://res-tts.iciba.com/tts_dj/3/8/4/3843da540aa901d1a505569fa73d286c.mp3", "tts_size": "13K"}]}], "collins_star": "4", "frequency_count": 159603914, "frequency_rank": 483}