{"ph_en": "\u02c8ju:\u02cct\u025c:n", "ph_am": "\u02c8ju\u02cct\u0259n", "ph_en_mp3": "http://res.iciba.com/resource/amp3/0/0/6f/be/6fbe5bac5b6a84270255692aec7f2f32.mp3", "ph_am_mp3": "", "parts": [{"part": "n.", "means": ["\u8c03\u5934", "\u3008\u6bd4\u55bb\u3009\u65b9\u5411\u7684\u5927\u6539\u53d8", "\u4f3c U \u5f62\u8f6c\u5f2f\u7684\u4e1c\u897f"]}, {"part": "v.", "means": ["\u8c03\u5934", "\u4f5c180(U\u5f62)\u5ea6\u5927\u8f6c\u5f2f"]}], "collins": [{"posp": "N-COUNT", "tran": "U\u578b\u8f6c\u5f2f\uff1b180\u5ea6\u8f6c\u5f2f\uff1b\u6389\u5934", "def": "If you make a U-turn when you are driving or cycling, you turn in a half circle in one movement, so that you are then going in the opposite direction.", "example": [{"ex": "Making a sharp U-turn, she headed back...", "tran": "\u5979\u731b\u5730\u6389\u8f6c\u8f66\u5934\uff0c\u5f80\u56de\u5f00\u3002", "tts_mp3": "http://res-tts.iciba.com/tts_dj/c/b/7/cb78e1a928e453fa988b5519624db704.mp3", "tts_size": "14K"}, {"ex": "Eventually, he turned off the main route and suddenly did a U-turn.", "tran": "\u6700\u540e\uff0c\u4ed6\u9a76\u79bb\u4e3b\u9053\uff0c\u6765\u4e86\u4e00\u4e2a\u6025\u6389\u5934\u3002", "tts_mp3": "http://res-tts.iciba.com/tts_dj/2/9/e/29eb743d326687160f39bd7179aa0289.mp3", "tts_size": "20K"}]}, {"posp": "N-COUNT", "tran": "\uff08\u653f\u6cbb\u5bb6\u5728\u653f\u7b56\u3001\u8ba1\u5212\u3001\u884c\u52a8\u65b9\u9762\u7684\uff09180\u5ea6\u5927\u8f6c\u5f2f\uff0c\u5f7b\u5e95\u8f6c\u53d8", "def": "If you describe a change in a politician's policy, plans, or actions as a U-turn, you mean that it is a complete change and that they made the change because they were weak or were wrong.", "example": [{"ex": "...a humiliating U-turn by the Prime Minister.", "tran": "\u9996\u76f8\u6781\u4e0d\u5149\u5f69\u7684180\u5ea6\u5927\u8f6c\u53d8", "tts_mp3": "http://res-tts.iciba.com/tts_dj/2/0/f/20f0457184171af45e953baf1715baa0.mp3", "tts_size": "13K"}, {"ex": "...the U-turns he made on economic policy and pit closures.", "tran": "\u4ed6\u5728\u7ecf\u6d4e\u653f\u7b56\u548c\u7164\u7a91\u5173\u95ed\u65b9\u9762\u7684\u90a3\u4e9b180\u5ea6\u5927\u8f6c\u53d8", "tts_mp3": "http://res-tts.iciba.com/tts_dj/3/6/f/36f12961958739c407ba66c59707b0ad.mp3", "tts_size": "19K"}]}], "collins_star": "1", "frequency_count": 0, "frequency_rank": 0}