{"ph_en": "\u02ccju:'en", "ph_am": "\u02ccju'en", "ph_en_mp3": "http://res.iciba.com/resource/amp3/oxford/0/58/15/5815bd762c0e389e70e5754db6652f39.mp3", "ph_am_mp3": "", "parts": [{"part": "pron.", "means": ["\u5bb6\u4f19\uff0c\u4e1c\u897f"]}, {"part": "abbr.", "means": ["\u8054\u5408\u56fd(United Nations)", "\u785d\u9178\u94c0\u94e3(Uranyl Nitrate)"]}, {"part": "n.", "means": ["[\u7ec4]\u8054\u5408\u56fd\uff0c\u6210\u7acb\u4e8e1945\u5e74\uff0c\u81f4\u529b\u4e8e\u63a8\u52a8\u56fd\u9645\u793e\u4f1a\u7684\u548c\u5e73\u7a33\u5b9a"]}], "collins": [{"posp": "N-PROPER", "tran": "\u540c United Nations", "def": "The UN is the same as the United Nations .", "example": [{"ex": "...a UN peace-keeping mission.", "tran": "\u8054\u5408\u56fd\u7ef4\u548c\u884c\u52a8", "tts_mp3": "http://res-tts.iciba.com/tts_dj/e/5/9/e596a654d936c00ceb1ec591bf4c7079.mp3", "tts_size": "9K"}]}], "collins_star": "4", "frequency_count": 48651550, "frequency_rank": 1689}