{"ph_en": "", "ph_am": "", "ph_en_mp3": "", "ph_am_mp3": "", "parts": [{"part": "abbr.", "means": ["\u5168\u4e16\u754c\u7684", "\u5b87\u5b99\u7684", "\u4e07\u80fd\u7684", "\u901a\u7528\u7684"]}], "collins": [{"posp": "", "tran": "\uff08\u5c24\u7528\u4e8e\u5927\u5b66\u540d\u79f0\u4e2d\uff09", "def": "Univ is a written abbreviation for (\u4e66\u9762\u7f29\u7565=) University which is used especially in the names of universities.", "example": [{"ex": "...the Wharton School, Univ. of Pennsylvania.", "tran": "\u5bbe\u5915\u6cd5\u5c3c\u4e9a\u5927\u5b66\u6c83\u987f\u5546\u5b66\u9662", "tts_mp3": "http://res-tts.iciba.com/tts_dj/8/3/2/8324d2ca0c02bcefb5c94ea75594b8c3.mp3", "tts_size": "15K"}]}], "collins_star": "1", "frequency_count": 8991617, "frequency_rank": 6700}