{"ph_en": "\u02c8v\u00e6li\u0259m", "ph_am": "\u02c8v\u00e6li\u0259m", "ph_en_mp3": "http://res.iciba.com/resource/amp3/oxford/0/b9/c1/b9c164b697273b49cd7891d3f5839a96.mp3", "ph_am_mp3": "http://res.iciba.com/resource/amp3/1/0/dd/c7/ddc77e9b7ffb995f9a441ce8928b382f.mp3", "parts": [{"part": "n.", "means": ["\u5b89\u5b9a\uff08\u9547\u9759\u836f\uff09", "\u5b89\u5b9a\u836f\u7247"]}], "collins": [{"posp": "N-VAR", "tran": "\u5b89\u5b9a(\u4e00\u79cd\u9547\u9759\u836f)", "def": "Valium is a drug given to people to calm their nerves when they are very depressed or upset.", "example": []}], "collins_star": "1", "frequency_count": 8043979, "frequency_rank": 7277}