{"ph_en": "\u02c8v\u00e6t\u026ak\u0259n", "ph_am": "\u02c8v\u00e6t\u026ak\u0259n", "ph_en_mp3": "http://res.iciba.com/resource/amp3/oxford/0/2d/80/2d80a3408506997999ce7876c9e788d6.mp3", "ph_am_mp3": "http://res.iciba.com/resource/amp3/1/0/a8/57/a8571795df5a56146cfde039bd9c1a5a.mp3", "parts": [{"part": "n.", "means": ["\u68b5\u8482\u5188", "\u7f57\u9a6c\u6559\u5ef7"]}], "collins": [{"posp": "N-PROPER", "tran": "\u68b5\u8482\u5188;\u5929\u4e3b\u6559\u6559\u7687\uff08\u6216\u6559\u5ef7\uff09", "def": "The Vatican is the city state in Rome ruled by the Pope which is the centre of the Roman Catholic Church. You can also use the Vatican to refer to the Pope or his officials.", "example": [{"ex": "The president had an audience with the Pope in the Vatican...", "tran": "\u603b\u7edf\u5728\u68b5\u8482\u5188\u8c12\u89c1\u4e86\u6559\u7687\u3002", "tts_mp3": "http://res-tts.iciba.com/tts_dj/2/8/3/28359e5f194a3a201bebdfbf81462816.mp3", "tts_size": "15K"}, {"ex": "Normally the Vatican does not intervene in the internal affairs of religious orders except in cases of disputed elections.", "tran": "\u9664\u975e\u6d89\u53ca\u4e00\u4e9b\u6709\u4e89\u8bae\u7684\u9009\u4e3e\uff0c\u7f57\u9a6c\u6559\u5ef7\u4e00\u822c\u4e0d\u4f1a\u5e72\u9884\u5404\u6559\u6d3e\u7684\u5185\u90e8\u4e8b\u52a1\u3002", "tts_mp3": "http://res-tts.iciba.com/tts_dj/4/6/c/46cb08b0b3f3b87b5059349cdabee462.mp3", "tts_size": "33K"}]}], "collins_star": "2", "frequency_count": 5678469, "frequency_rank": 9270}