{"ph_en": "\u02ccvi: \u02c8si:", "ph_am": "\u02ccvi'si", "ph_en_mp3": "http://res.iciba.com/resource/amp3/oxford/0/86/25/862565984d066763364a4412e8abed6f.mp3", "ph_am_mp3": "", "parts": [{"part": "abbr.", "means": ["Victoria Cross \u7ef4\u591a\u5229\u4e9a\u5341\u5b57\u52cb\u7ae0", "vice-chairman\u526f\u4e3b\u5e2d\uff0c\u526f\u8bae\u957f", "vice-chancellor\u5927\u5b66\u526f\u6821\u957f\uff0c\u526f\u5927\u6cd5\u5b98", "venture capital \u98ce\u9669\u8d44\u672c"]}], "collins": [{"posp": "N-COUNT", "tran": "\u7ef4\u591a\u5229\u4e9a\u5341\u5b57\u52cb\u7ae0\uff08\u6388\u4e88\u82f1\u56fd\u6216\u82f1\u8054\u90a6\u519b\u4eba\u4ee5\u8868\u5f70\u5176\u4f5c\u6218\u4e2d\u7684\u82f1\u52c7\u884c\u4e3a\uff09", "def": "The VC is a medal awarded to soldiers, sailors, and airmen in Britain and the Commonwealth for acts of great bravery in battle. VC is an abbreviation for (\u7f29\u7565=)  'Victoria Cross'.", "example": []}, {"posp": "", "tran": "", "def": "VC is a written abbreviation for (\u4e66\u9762\u7f29\u7565=) vice-chancellor .", "example": []}, {"posp": "N-COUNT", "tran": "", "def": "VC is an abbreviation for (\u7f29\u7565=) 'vice-chairman'.", "example": [{"ex": "They can have the most unique idea but if the VC is not comfortable with the team, it's not going to work.", "tran": "\u4ed6\u4eec\u53ef\u4ee5\u6709\u6700\u72ec\u7279\u7684\u60f3\u6cd5\uff0c\u4f46\u5982\u679c\u526f\u4e3b\u5e2d\u5bf9\u8be5\u961f\u4e0d\u6ee1\u610f\uff0c\u90a3\u600e\u6837\u90fd\u884c\u4e0d\u901a\u3002", "tts_mp3": "http://res-tts.iciba.com/tts_dj/c/b/4/cb462edfa22bafbffacf676c25cfbede.mp3", "tts_size": "31K"}]}], "collins_star": "1", "frequency_count": 5393889, "frequency_rank": 9583}