{"ph_en": "\u02ccvi: si: \u02c8\u0251:(r)", "ph_am": "\u02ccvisi'\u0251r", "ph_en_mp3": "http://res.iciba.com/resource/amp3/oxford/0/0c/37/0c3741b7f5cbbe4713f2f08c82eaa361.mp3", "ph_am_mp3": "", "parts": [{"part": "abbr.", "means": ["\u5f55\u50cf\u673a(Video Cassette Recorder)", "\u53ef\u53d8\u538b\u7f29\u6bd4(Variable Compression Ratio)"]}], "collins": [{"posp": "N-COUNT", "tran": "\u5f55\u50cf\u673a;\u5361\u5f0f\u5f55\u653e\u673a", "def": "A VCR is a machine that can be used to record television programmes or films onto videotapes, so that people can play them back and watch them later on a television set. VCR is an abbreviation for (\u7f29\u7565=) 'video cassette recorder'.", "example": []}], "collins_star": "1", "frequency_count": 6160813, "frequency_rank": 8757}