{"ph_en": "v\u026ak\u02c8t\u0254:ri\u0259n", "ph_am": "v\u026ak\u02c8t\u0254ri\u0259n, -\u02c8tor-", "ph_en_mp3": "http://res.iciba.com/resource/amp3/oxford/0/01/4f/014fb34908c4cd75e5fc9595587d90f6.mp3", "ph_am_mp3": "http://res.iciba.com/resource/amp3/1/0/2d/79/2d798a8f807e855fe0adaae6f066bbaa.mp3", "parts": [{"part": "adj.", "means": ["\u7ef4\u591a\u5229\u4e9a\u65f6\u4ee3\u7684"]}, {"part": "n.", "means": ["\u7ef4\u591a\u5229\u4e9a\u65f6\u4ee3\u7684\u4eba"]}], "collins": [{"posp": "ADJ", "tran": "\uff08\u82f1\u56fd\uff09\u7ef4\u591a\u5229\u4e9a\uff08\u5973\u738b\uff09\u65f6\u4ee3\u7684", "def": "Victorian means belonging to, connected with, or typical of Britain in the middle and last parts of the 19th century, when Victoria was Queen.", "example": [{"ex": "We have a lovely old Victorian house.", "tran": "\u6211\u4eec\u6709\u4e00\u680b\u6f02\u4eae\u7684\u7ef4\u591a\u5229\u4e9a\u65f6\u4ee3\u7684\u8001\u623f\u5b50\u3002", "tts_mp3": "http://res-tts.iciba.com/tts_dj/1/a/8/1a84c4e351498d1b322d54de2b0fc372.mp3", "tts_size": "12K"}, {"ex": "...a Victorian-style family portrait.", "tran": "\u4e00\u5e45\u7ef4\u591a\u5229\u4e9a\u65f6\u4ee3\u98ce\u683c\u7684\u5bb6\u5ead\u753b\u50cf", "tts_mp3": "http://res-tts.iciba.com/tts_dj/1/6/f/16f9018379508cbc8bdaaaee258d4369.mp3", "tts_size": "12K"}]}, {"posp": "ADJ-GRADED", "tran": "\uff08\u5c24\u6307\u5bf9\u826f\u597d\u884c\u4e3a\u7684\u8bc4\u5224\u6807\u51c6\u548c\u9053\u5fb7\u89c2\uff09\u6709\u7ef4\u591a\u5229\u4e9a\u65f6\u4ee3\u7279\u70b9\u7684\uff0c\u4f20\u7edf\u7684", "def": "You can use Victorian to describe people who have old-fashioned attitudes, especially about good behaviour and morals.", "example": [{"ex": "Victorian values are much misunderstood...", "tran": "\u7ef4\u591a\u5229\u4e9a\u65f6\u4ee3\u7684\u4ef7\u503c\u89c2\u53d7\u5230\u4e86\u4e25\u91cd\u8bef\u89e3\u3002", "tts_mp3": "http://res-tts.iciba.com/tts_dj/7/8/4/78489b223240d3bc66387acf9db8a9f7.mp3", "tts_size": "14K"}, {"ex": "My grandfather was very Victorian.", "tran": "\u6211\u7684\u7956\u7236\u975e\u5e38\u4f20\u7edf\u3002", "tts_mp3": "http://res-tts.iciba.com/tts_dj/0/e/8/0e83cdd7da0e46fecf4147bf6f6fb052.mp3", "tts_size": "11K"}]}, {"posp": "N-COUNT", "tran": "\uff08\u82f1\u56fd\uff09\u7ef4\u591a\u5229\u4e9a(\u5973\u738b\uff09\u65f6\u4ee3\u7684\u4eba", "def": "The Victorians were the British people who lived in the time of Queen Victoria.", "example": []}], "collins_star": "2", "frequency_count": 8705544, "frequency_rank": 6856}