{"ph_en": "\u02c8va\u026ak\u026a\u014b", "ph_am": "\u02c8va\u026ak\u026a\u014b", "ph_en_mp3": "http://res.iciba.com/resource/amp3/oxford/0/4e/4c/4e4ce7e8491e3bf4f5a92c09c9dfe80b.mp3", "ph_am_mp3": "http://res.iciba.com/resource/amp3/1/0/f4/8a/f48a8f161502989fca609408a80bd754.mp3", "parts": [{"part": "n.", "means": ["\u6d77\u76d7\uff0c\u5317\u6b27\u6d77\u76d7\uff0c<\u53e3>\u65af\u582a\u7684\u7eb3\u7ef4\u4e9a\u4eba"]}], "collins": [{"posp": "N-COUNT", "tran": "\uff088\u81f311\u4e16\u7eaa\u7684\uff09\u5317\u6b27\u6d77\u76d7", "def": "The Vikings were men who sailed from Scandinavia and attacked villages in most parts of north-western Europe from the 8th to the 11th centuries.", "example": []}], "collins_star": "1", "frequency_count": 5115013, "frequency_rank": 9927}