{"ph_en": "\u02ccvi: a\u026a \u02c8pi:", "ph_am": "\u02ccvia\u026a'pi", "ph_en_mp3": "http://res.iciba.com/resource/amp3/oxford/0/d2/fc/d2fc686c37543faf4630cd398d06280f.mp3", "ph_am_mp3": "", "parts": [{"part": "abbr.", "means": ["very important people \u8d35\u5bbe\uff0c\u5927\u4eba\u7269", "vasoactive intestinal peptide \u8840\u7ba1\u6d3b\u6027\u80a0\u80bd", "Video Interface Processor \u89c6\u9891\u63a5\u53e3\u5904\u7406\u5668", "Variable Information Processing \u53ef\u53d8\u4fe1\u606f\u5904\u7406"]}], "collins": [{"posp": "N-COUNT", "tran": "\u8981\u4eba;\u8d35\u5bbe", "def": "A VIP is someone who is given better treatment than ordinary people because they are famous, influential, or important. VIP is an abbreviation for (\u7f29\u7565=) 'very important person'.", "example": [{"ex": "...such VIPs as Prince Charles and Richard Nixon...", "tran": "\u67e5\u5c14\u65af\u738b\u5b50\u548c\u7406\u67e5\u5fb7\u00b7\u5c3c\u514b\u677e\u8fd9\u6837\u7684\u8d35\u5bbe", "tts_mp3": "http://res-tts.iciba.com/tts_dj/6/1/f/61fc00170a64afc63cee4bfe1671987a.mp3", "tts_size": "17K"}, {"ex": "She waited in the VIP lounge.", "tran": "\u5979\u5728\u8d35\u5bbe\u4f11\u606f\u5ba4\u91cc\u7b49\u5019\u7740\u3002", "tts_mp3": "http://res-tts.iciba.com/tts_dj/4/c/5/4c51abd554997f7bc7b1a0cd72bb6b00.mp3", "tts_size": "11K"}]}], "collins_star": "1", "frequency_count": 6851845, "frequency_rank": 8134}