{"ph_en": "\u02c8v\u025c:g\u0259\u028a", "ph_am": "\u02c8v\u025crgo\u028a", "ph_en_mp3": "http://res.iciba.com/resource/amp3/0/0/4c/07/4c0711c0dd6649d201428feb644fcf94.mp3", "ph_am_mp3": "http://res.iciba.com/resource/amp3/1/0/f8/a5/f8a5c386478fa64f118056b82acc31d2.mp3", "parts": [{"part": "n.", "means": ["\u5904\u5973\u5ea7", "\u5f17\u6208\u954d\u94ec\u94a8\u7cfb\u5408\u91d1\u94a2", "\u5ba4\u5973\u5bab"]}], "collins": [{"posp": "N-UNCOUNT", "tran": "\u5ba4\u5973\u5bab\uff0c\u5ba4\u5973\u5ea7\uff08\u9ec4\u9053\u5341\u4e8c\u5bab\u4e4b\u4e00\u3002\u51fa\u751f\u4e8e8\u670823\u65e5\u81f39\u670822\u65e5\u4e4b\u95f4\u7684\u4eba\u5c5e\u6b64\u661f\u5ea7\uff09", "def": "Virgo is one of the twelve signs of the zodiac. Its symbol is a young woman. People who are born approximately between the 23rd of August and the 22nd of September come under this sign.", "example": []}, {"posp": "N-COUNT", "tran": "\u51fa\u751f\u4e8e\u5ba4\u5973\u5bab\u65f6\u6bb5\u7684\u4eba", "def": "A Virgo is a person whose sign of the zodiac is Virgo.", "example": []}], "collins_star": "2", "frequency_count": 1260695, "frequency_rank": 22981}