{"ph_en": "\u02c8w\u0254:km\u0259n", "ph_am": "\u02c8w\u0254k\u02ccm\u00e6n, -m\u0259n", "ph_en_mp3": "http://res.iciba.com/resource/amp3/oxford/0/7c/b8/7cb84c6ab2818e9714199bba5fd785c1.mp3", "ph_am_mp3": "http://res.iciba.com/resource/amp3/1/0/9f/20/9f2097effdb9a8b26cb61a8fa0748e91.mp3", "parts": [{"part": "n.", "means": ["\u968f\u8eab\u542c"]}], "collins": [{"posp": "N-COUNT", "tran": "\u968f\u8eab\u542c", "def": "A Walkman is a small cassette player with light headphones which people carry around so that they can listen to music, for example while they are travelling.", "example": []}], "collins_star": "1", "frequency_count": 1865649, "frequency_rank": 18291}