{"ph_en": "\u02c8we\u0259ha\u028as", "ph_am": "\u02c8werha\u028as", "ph_en_mp3": "http://res.iciba.com/resource/amp3/oxford/0/b5/e6/b5e6eae4900928997e520f5d3e4a6596.mp3", "ph_am_mp3": "http://res.iciba.com/resource/amp3/1/0/37/2d/372d30dd2849813ef674855253900679.mp3", "parts": [{"part": "n.", "means": ["\u4ed3\u5e93\uff0c\u8d27\u6808", "\u6279\u53d1\u5546\u5e97", "\u798f\u5229\u5e93"]}, {"part": "vt.", "means": ["\u628a\u2026\u653e\u5165\u6216\u5b58\u5165\u4ed3\u5e93", "\u628a\u2026\u5b58\u5165\u4fdd\u7a0e\u4ed3\u5e93", "\u4e0d\u826f\u5b89\u7f6e"]}], "collins": [{"posp": "N-COUNT", "tran": "\u4ed3\u5e93;\u8d27\u6808", "def": "A warehouse is a large building where raw materials or manufactured goods are stored until they are exported to other countries or distributed to shops to be sold.", "example": []}], "collins_star": "2", "frequency_count": 14530204, "frequency_rank": 4682}