{"ph_en": "\u02c8wel\u0283m\u0259n", "ph_am": "\u02c8w\u025bl\u0283m\u0259n", "ph_en_mp3": "http://res.iciba.com/resource/amp3/0/0/8f/eb/8febdc390cac113e7856864e80a8f752.mp3", "ph_am_mp3": "http://res.iciba.com/resource/amp3/1/0/4a/42/4a4298b3ba4f6d9198fb563b0f9f4f5a.mp3", "parts": [{"part": "n.", "means": ["\u5a01\u5c14\u58eb\u4eba", "\u5a01\u5c14\u58eb\u7537\u5b50"]}], "collins": [{"posp": "N-COUNT", "tran": "\u5a01\u5c14\u58eb\u7537\u5b50", "def": "A Welshman is a man who was born in Wales and considers himself to be Welsh.", "example": []}], "collins_star": "1", "frequency_count": 0, "frequency_rank": 0}