{"ph_en": "w\u026ag", "ph_am": "hw\u026a\u0261,w\u026a\u0261", "ph_en_mp3": "http://res.iciba.com/resource/amp3/oxford/0/c7/79/c77909ea32fceaddd179c8c01e2e88b7.mp3", "ph_am_mp3": "http://res.iciba.com/resource/amp3/1/0/49/d9/49d9cb5dd681e95e3cfdc8d7f6faa5ef.mp3", "parts": [{"part": "n.", "means": ["[\u82f1]\u8f89\u683c\u515a\u515a\u5458", "[\u7f8e]\u5171\u548c\u515a\u515a\u5458", "\u8f89\u683c\u515a\u7684\u652f\u6301\u8005"]}, {"part": "adj.", "means": ["\u8f89\u683c\u515a\u7684", "\u652f\u6301\u8f89\u683c\u515a\u7684"]}], "collins": [{"posp": "N-COUNT", "tran": "(18\u548c19\u4e16\u7eaa\u81f4\u529b\u4e8e\u653f\u6cbb\u548c\u793e\u4f1a\u6539\u9769\u7684)\u8f89\u683c\u515a\u6210\u5458", "def": "A Whig was a member of a British political party in the 18th and 19th centuries that was in favour of political and social changes.", "example": []}, {"posp": "N-COUNT", "tran": "\uff08\u7f8e\u56fd\uff09\u72ec\u7acb\u6218\u4e89\u7684\u652f\u6301\u8005", "def": "In the American Revolution, a Whig was an American who supported the revolution against the British.", "example": []}, {"posp": "N-COUNT", "tran": "(\u7f8e\u56fd19\u4e16\u7eaa\u7684\u60f3\u8981\u9650\u5236\u603b\u7edf\u6743\u529b\u7684)\u653f\u515a\u6210\u5458", "def": "A Whig was a member of an American political party in the 19th century that wanted to limit the powers of the President.", "example": []}], "collins_star": "1", "frequency_count": 300874, "frequency_rank": 53036}