{"ph_en": "\u02c8wa\u026ath\u0254:l", "ph_am": "\u02c8hwa\u026at\u02cch\u0254l, \u02c8wa\u026at-", "ph_en_mp3": "http://res.iciba.com/resource/amp3/oxford/0/bb/17/bb176414166e88a7472c6e8554b25815.mp3", "ph_am_mp3": "http://res.iciba.com/resource/amp3/1/0/c1/56/c1564befb44397f2cb30ad495ac9adc3.mp3", "parts": [{"part": "n.", "means": ["\u6000\u7279\u970d\u5c14\uff08\u4f26\u6566\u7684\u4e00\u6761\u8857\u540d\uff09\uff0c\u767d\u5385\uff0c\u82f1\u56fd\u653f\u5e9c"]}], "collins": [{"posp": "N-PROPER", "tran": "\u6000\u7279\u970d\u5c14(\u4f26\u6566\u4e00\u8857\u540d\uff0c\u8bb8\u591a\u653f\u5e9c\u673a\u5173\u6240\u5728\u5730)\uff1b\u767d\u5385(\u6307\u82f1\u56fd\u653f\u5e9c)", "def": "Whitehall is the name of a street in London in which there are many government offices. You can also use Whitehall to mean the British Government itself.", "example": [{"ex": "...people with banners marching down Whitehall...", "tran": "\u6253\u7740\u6807\u8bed\u5728\u6000\u7279\u970d\u5c14\u8857\u4e0a\u884c\u8fdb\u7684\u4eba\u4eec", "tts_mp3": "http://res-tts.iciba.com/tts_dj/9/b/6/9b69488f82eeb5ec2e86f1b2397be9af.mp3", "tts_size": "13K"}, {"ex": "Whitehall said that it hoped to get the change through by the end of June.", "tran": "\u82f1\u56fd\u653f\u5e9c\u79f0\u5c06\u6709\u671b\u57286\u6708\u5e95\u524d\u5f7b\u5e95\u5b8c\u6210\u53d8\u9769\u3002", "tts_mp3": "http://res-tts.iciba.com/tts_dj/9/3/b/93b9a300898b1f113bdc19560f0412ea.mp3", "tts_size": "18K"}]}], "collins_star": "3", "frequency_count": 1152191, "frequency_rank": 24217}