{"ph_en": "\u02c8eks re\u026a", "ph_am": "'eksre\u026a", "ph_en_mp3": "http://res.iciba.com/resource/amp3/oxford/0/a6/84/a6843e9f4770873500cb36341e9bec39.mp3", "ph_am_mp3": "", "parts": [{"part": "n.", "means": ["X\u5149\u7167\u7247"]}, {"part": "vt.", "means": ["\u7167X\u5149"]}], "collins": [{"posp": "N-COUNT", "tran": "X\u5c04\u7ebf;X\u5149", "def": "X-rays are a type of radiation that can pass through most solid materials. X-rays are used by doctors to examine the bones or organs inside your body and are also used at airports to see inside people's luggage.", "example": []}, {"posp": "N-COUNT", "tran": "X\u5149\u7247", "def": "An X-ray is a picture made by sending X-rays through something, usually someone's body.", "example": [{"ex": "She was advised to have an abdominal X-ray.", "tran": "\u5979\u88ab\u5efa\u8bae\u62cd\u4e00\u5f20\u8179\u90e8\u7684X\u5149\u7247\u3002", "tts_mp3": "http://res-tts.iciba.com/tts_dj/6/9/b/69b2d805956ea0260421bf2551322c84.mp3", "tts_size": "13K"}]}, {"posp": "VERB", "tran": "\u7ed9\u2026\u62cd\u6444X\u5149\u7247\uff1b\u5bf9\u2026\u8fdb\u884cX\u5149\u68c0\u67e5", "def": "If someone or something is X-rayed, an X-ray picture is taken of them.", "example": [{"ex": "All hand baggage would be x-rayed...", "tran": "\u6240\u6709\u7684\u624b\u63d0\u884c\u674e\u90fd\u8981\u63a5\u53d7X\u5149\u68c0\u67e5\u3002", "tts_mp3": "http://res-tts.iciba.com/tts_dj/9/6/f/96f44602beaeae0b128d38939347af5b.mp3", "tts_size": "11K"}, {"ex": "They took my pulse, took my blood pressure, and X-rayed my jaw.", "tran": "\u4ed6\u4eec\u7ed9\u6211\u91cf\u4e86\u8109\u640f\u3001\u8840\u538b\uff0c\u8fd8\u7ed9\u6211\u7684\u4e0b\u988c\u62cd\u4e86X\u5149\u7247\u3002", "tts_mp3": "http://res-tts.iciba.com/tts_dj/e/3/e/e3e22fef1d00712bcd0be6423a6e0d00.mp3", "tts_size": "21K"}]}], "collins_star": "2", "frequency_count": 0, "frequency_rank": 0}