{"ph_en": "\u02c8z\u026a\u0259r\u0252ks", "ph_am": "\u02c8z\u026ar\u0251ks", "ph_en_mp3": "http://res.iciba.com/resource/amp3/0/0/b0/08/b00890530c661f9acc7c4e0419d8d4b4.mp3", "ph_am_mp3": "http://res.iciba.com/resource/amp3/1/0/b0/08/b00890530c661f9acc7c4e0419d8d4b4.mp3", "parts": [{"part": "n.", "means": ["\u590d\u5370", "\u5f71\u5370", "\u590d\u5370\u4ef6", "\u5f71\u5370\u672c"]}, {"part": "vt.& vi.", "means": ["\u590d\u5370\uff0c\u5f71\u5370"]}], "collins": [{"posp": "N-COUNT", "tran": "\uff08\u65bd\u4e50\uff09\u590d\u5370\u673a", "def": "A Xerox is a machine that can make copies of pieces of paper which have writing or other marks on them.", "example": [{"ex": "The rooms are crammed with humming Xerox machines.", "tran": "\u90a3\u4e9b\u623f\u95f4\u91cc\u6446\u6ee1\u4e86\u55e1\u55e1\u4f5c\u54cd\u7684\u590d\u5370\u673a\u3002", "tts_mp3": "http://res-tts.iciba.com/tts_dj/7/6/f/76f7b75c11511b80dafe46c525082f1e.mp3", "tts_size": "14K"}]}, {"posp": "N-COUNT", "tran": "\uff08\u65bd\u4e50\uff09\u590d\u5370\u4ef6", "def": "A Xerox is a copy of something written or printed on a piece of paper, which has been made using a Xerox machine.", "example": []}, {"posp": "VERB", "tran": "\uff08\u7528\u65bd\u4e50\u590d\u5370\u673a\uff09\u590d\u5370", "def": "If you Xerox a document, you make a copy of it using a Xerox machine.", "example": [{"ex": "I should have simply Xeroxed this sheet for you.", "tran": "\u6211\u5e94\u8be5\u628a\u8fd9\u5f20\u7eb8\u7ed9\u4f60\u590d\u5370\u4e00\u4e0b\u5c31\u5bf9\u4e86\u3002", "tts_mp3": "http://res-tts.iciba.com/tts_dj/8/7/d/87d9a2c51b0ab4bfb8354b5e444604bb.mp3", "tts_size": "14K"}]}], "collins_star": "1", "frequency_count": 6022102, "frequency_rank": 8891}