{"ph_en": "\u02c8j\u00e6\u014bki", "ph_am": "\u02c8j\u00e6\u014bki", "ph_en_mp3": "http://res.iciba.com/resource/amp3/oxford/0/9c/ef/9cefc07a2cecc3c39e535ac462153990.mp3", "ph_am_mp3": "http://res.iciba.com/resource/amp3/1/0/51/6a/516a99d4597ce31d85c7d9bf9eace0ed.mp3", "parts": [{"part": "n.", "means": ["\u7f8e\u56fd\u4f6c\uff0c\u7f8e\u56fd\u4eba", "\u5317\u90e8\u4eba\uff0c\u5317\u65b9\u4f6c", "\uff08\u5357\u5317\u6218\u4e89\u65f6\u7684\uff09\u5317\u519b"]}, {"part": "adj.", "means": ["\u7f8e\u56fd\u5317\u65b9\u4eba\u7684", "\u7f8e\u56fd\u4f6c\u5f0f\u7684"]}], "collins": [{"posp": "N-COUNT", "tran": "\uff08\u7f8e\u56fd\uff09\u5317\u65b9\u8bf8\u5dde\u7684\u4eba\uff0c\u5317\u65b9\u4f6c", "def": "A Yankee is a person from a northern or north-eastern state of the United States.", "example": []}, {"posp": "N-COUNT", "tran": "\u7f8e\u56fd\u4f6c\uff0c\u7f8e\u56fd\u4eba\uff08\u4e00\u4e9b\u8bb2\u82f1\u56fd\u82f1\u8bed\u7684\u4eba\u7684\u8bf4\u6cd5\uff0c\u53ef\u80fd\u5177\u5192\u72af\u610f\u5473\uff09", "def": "Some speakers of British English refer to anyone from the United States as a Yankee. This use could cause offence.", "example": []}], "collins_star": "1", "frequency_count": 4510747, "frequency_rank": 10761}