{"ph_en": "zen", "ph_am": "", "ph_en_mp3": "http://res.iciba.com/resource/amp3/oxford/0/71/9d/719d737c067fe8f718531e0ec72c1f16.mp3", "ph_am_mp3": "", "parts": [{"part": "n.", "means": ["\u7985\uff0c\u7985\u5b97"]}], "collins": [{"posp": "N-UNCOUNT", "tran": "\u7985\u5b97\uff08\u6ce8\u91cd\u51a5\u60f3\u7684\u4f5b\u6559\u6d3e\u522b\u4e4b\u4e00\uff09", "def": "Zen or Zen Buddhism is a form of the Buddhist religion that concentrates on meditation rather than on studying religious writings.", "example": []}], "collins_star": "1", "frequency_count": 7146814, "frequency_rank": 7908}