{"ph_en": "", "ph_am": "", "ph_en_mp3": "", "ph_am_mp3": "", "parts": [{"part": "n.", "means": ["\u72b9\u592a\u590d\u56fd\u8fd0\u52a8\u7684\u652f\u6301\u8005\u6216\u62e5\u62a4\u8005"]}], "collins": [{"posp": "N-COUNT", "tran": "\u72b9\u592a\u590d\u56fd\u4e3b\u4e49\u8005", "def": "A Zionist is someone who believes in Zionism.", "example": [{"ex": "He was an ardent Zionist.", "tran": "\u4ed6\u662f\u72b9\u592a\u590d\u56fd\u8fd0\u52a8\u7684\u70ed\u60c5\u652f\u6301\u8005\u3002", "tts_mp3": "http://res-tts.iciba.com/tts_dj/5/3/1/531e733682a71085bbc9fd6eed2dfa4c.mp3", "tts_size": "9K"}]}, {"posp": "ADJ", "tran": "\u72b9\u592a\u590d\u56fd\u8fd0\u52a8\u7684;\u72b9\u592a\u590d\u56fd\u4e3b\u4e49\u7684", "def": "Zionist means relating to Zionism.", "example": [{"ex": "...the Zionist movement.", "tran": "\u72b9\u592a\u590d\u56fd\u8fd0\u52a8", "tts_mp3": "http://res-tts.iciba.com/tts_dj/0/4/5/04542cfd9fdce4a2e4bbe50a3db99ccd.mp3", "tts_size": "8K"}]}], "collins_star": "1", "frequency_count": 1065048, "frequency_rank": 25373}