{"ph_en": "\u02c8zu:lu:", "ph_am": "'zulu", "ph_en_mp3": "http://res.iciba.com/resource/amp3/oxford/0/b6/b8/b6b82ae36c07b64a7c30bd5e06246847.mp3", "ph_am_mp3": "http://res.iciba.com/resource/amp3/1/0/68/04/68046733e4659165a4f59a1918cb1408.mp3", "parts": [{"part": "n.", "means": ["\u7956\u9c81\u4eba\uff08\u975e\u6d32\u4e1c\u5357\u90e8\u73ed\u56fe\u65cf\u7684\u4e00\u652f\uff09", "\u7956\u9c81\u8bed", "[\u7535\u5f71]\u7956\u9c81\u6218\u4e89"]}, {"part": "adj.", "means": ["\u7956\u9c81\u4eba\u7684", "\u7956\u9c81\u8bed\u7684"]}], "collins": [{"posp": "N-COUNT", "tran": "\u7956\u9c81\u4eba\uff08\u5357\u975e\u4e00\u9ed1\u4eba\u79cd\u65cf\uff09", "def": "A Zulu is a member of a race of black people who live in Southern Africa.", "example": []}, {"posp": "N-UNCOUNT", "tran": "\u7956\u9c81\u8bed", "def": "Zulu is the language spoken by Zulus and also by many other black South Africans.", "example": []}], "collins_star": "2", "frequency_count": 1120236, "frequency_rank": 24616}